project_code,agency,state,sector,schedule_status,approval_date,original_cost,revised_cost,anticipated_cost,expenditure,original_doc,revised_doc,anticipated_doc,time_overrun_months,cost_overrun_pct,delay_reasons,project_name
N04000108,,,CIVIL AVIATION,ahead_orig,2023-06,320.47,,320.47,4.1,2026-02,,2026-01,,,,HUBBALI AIRPORT CONSTRUCTION TERMINAL BUILDING AND MISCELLANEOUS
N06000113,,,COAL,ahead_orig,2021-02,5194.96,,3756.36,3385.29,2029-03,,2026-03,,,,SIARMAL OCP (40.00MTY)
N44000002,,,COAL,ahead_orig,2020-08,314.06,,303.55,121.42,2025-01,,2024-12,,,,CONSTRUCTION OF SIKKIM UNIVERSITY PACKAGE -II AT YANGANG SOUTH SIKKIM
N18000372,,,POWER,ahead_orig,2023-06,202.39,,202.39,,2025-01,,2024-12,,,,TRANSMISSION SYSTEM FOR EVACUATION RAJASTHAN REZ PHASE-IV PART-I
N22000511,,,RAILWAYS,ahead_orig,2022-08,955.0,,955.39,56.34,2027-08,,2027-03,,,,PACHORA-JAMNER WITH EXTENSION
N22000515,,,RAILWAYS,ahead_orig,2023-02,836.12,,836.12,5.28,2027-03,,2026-03,,,,KALYAN-MURBAD VIA ULHASNAGAR
N22000513,,,RAILWAYS,ahead_orig,2019-01,904.92,,904.92,954.11,2028-03,,2027-03,,,,SOLAPUR-TULJAPUR-OSMANABAD
N22000615,,,RAILWAYS,ahead_orig,1999-02,736.44,,736.44,518.52,2027-03,,2026-03,,,,BARAMATI LONAND
N22000523,,,RAILWAYS,ahead_orig,2019-06,983.62,253.23,415.0,331.16,2025-06,,2024-06,,,,DARBHANGA BYPASS LINE CONNECTING KAKARGHATI EXCL DARBHANGA YARD
N22000526,,,RAILWAYS,ahead_orig,2019-02,496.47,,496.47,2.07,2028-06,,2027-03,,,,JHAJHA BATIA (UMBRELLA WORK
N22000524,,,RAILWAYS,ahead_orig,2022-07,486.0,,486.0,54.87,2027-07,,2025-06,,,,BARAUNI- BACHWARA 3RD AND 4TH
N22000528,223.69,,RAILWAYS,ahead_orig,2022-10,234.0,223.69,223.69,6.82,2027-10,,2025-06,,,,SONENAGAR BYE PASS LINE FROM BISHUNPUR
N22000565,,,RAILWAYS,ahead_orig,2019-08,371.77,,1319.75,363.37,2029-03,,2027-12,,,,SAHJANWA DOHRIGHAT
N22000569,,,RAILWAYS,ahead_orig,2018-10,1600.0,,4939.78,726.83,2030-10,,2027-03,,,,BAHRAICH SRAVASTI BALRAMPUR
N22000592,,,RAILWAYS,ahead_orig,2022-07,1695.82,,2798.16,590.63,2030-07,,2026-12,,,,TARANGA HILL ABU ROAD VIA AMBAJI
N22000605,,,RAILWAYS,ahead_orig,2023-02,422.6,,422.6,51.12,2028-02,,2026-01,,,,DOUBLING BETWEEN CHURU-RATANGARH
N22000594,,,RAILWAYS,ahead_orig,2021-11,466.42,,466.42,439.02,2026-11,,2024-12,,,,DEDICATED TEST TRACK FOR RDSO
N22000604,,,RAILWAYS,ahead_orig,2023-02,471.06,,471.06,14.38,2028-02,,2026-02,,,,DOUBLING BETWEEN BHIWANI-DOBH
N22000606,,,RAILWAYS,ahead_orig,2023-02,352.41,,352.41,6.07,2027-06,,2025-06,,,,DOUBLING BETWEEN REWARI-KATHUWAS
N22000608,,,RAILWAYS,ahead_orig,2023-01,968.92,,968.92,110.81,2028-06,,2027-01,,,,GC OF NATHDWARA DEVGARH MADARIYA
N22000607,239.54,,RAILWAYS,ahead_orig,2022-12,304.0,239.54,239.54,57.86,2026-06,,2025-12,,,,SAWAIMADHOPUR BYPASS LINE (6.98 PB#57/2019-20/NR)
N22000273,,,RAILWAYS,ahead_orig,2008-04,2966.99,,6753.42,5190.99,2026-12,,2025-03,,,,BHANUPALI-BILASPUR BERI NL
N22000595,,,RAILWAYS,ahead_orig,2015-12,1116.0,,3270.07,2875.04,2025-03,,2024-06,,,,KHARAGPUR-ADITYAPUR 3RD LINE
N22000571,,,RAILWAYS,ahead_orig,2022-09,209.75,,244.99,18.18,2026-09,,2026-03,,,,ROURKELA-BONDAMUNDA A-CABIN WORK PB#57/2019-20/NR)
N22000555,307.66,,RAILWAYS,ahead_orig,2019-04,294.67,307.66,307.66,97.36,2026-03,,2025-02,,,,"PENUKONDA-DHARMAVARAM, EXCL."
N22000558,748.85,,RAILWAYS,ahead_orig,2019-06,663.03,748.85,748.85,,2028-04,,2027-12,,,,HASSAN (ALUR) BELUR (32 KM) (UMBRELLA 19/NR)
N22000538,307.12,,RAILWAYS,ahead_orig,2022-05,202.5,307.12,307.12,31.3,2030-05,,2025-12,,,,PETLAD-BHADRAN (22.5 KM)
N22000540,670.17,,RAILWAYS,ahead_orig,2023-02,401.48,670.17,670.17,67.94,2030-03,,2025-10,,,,SAMLAYA-TIMBA ROAD (53.53 KM)
N22000539,461.91,,RAILWAYS,ahead_orig,2022-05,335.34,461.91,461.91,31.79,2030-06,,2025-12,,,,NADIAD-PETLAD (37.26 KM)
N24001940,,,ROAD TRANSPORT AND HIGHWAYS,ahead_orig,2023-01,166.58,,166.58,,2026-01,,2024-05,,,,WIDENING TO LANE WITH PAVED KM 103.200 (EXISTING KM 103.200) TO DESIGN KM 11
N24001390,08/2024,,ROAD TRANSPORT AND HIGHWAYS,ahead_orig,2020-08,228.71,,228.71,95.36,2022-04,2024-08,2024-07,,,,JORAM – KOLORIANG ROAD FROM 70.00 (PKG-3)
N24001651,,,ROAD TRANSPORT AND HIGHWAYS,ahead_orig,2021-09,2878.97,,2878.97,46.57,2024-09,2026-03,2024-09,,,,SIX LANING OF THURAVOOR (DESIGN PARAVOOR (DESIGN KM.417+000) SECTION
N24001757,,,ROAD TRANSPORT AND HIGHWAYS,ahead_orig,2020-01,876.37,,876.37,353.57,2024-10,,2024-06,,,,4L OF KHEDAKHAJURIYA TO SUHAGADI 89.200 OF NH-148NG (PKG-II)
N24001758,,,ROAD TRANSPORT AND HIGHWAYS,ahead_orig,2020-01,823.05,,823.05,337.6,2024-10,,2024-06,,,,4L OF SUHAGADI TO BARDIYA AMRA 135.351 OF NH-752D (PKG-III)
N24001790,12/2024,,ROAD TRANSPORT AND HIGHWAYS,ahead_orig,2020-02,752.3,,766.2,451.11,2023-08,2024-12,2024-06,,,,SANCHORE SANTALPUR FROM KM (AJ-RGBS-PACKAGE-3)
N24001794,12/2024,,ROAD TRANSPORT AND HIGHWAYS,ahead_orig,2020-02,778.15,,785.67,511.14,2023-03,2024-12,2024-06,,,,SANCHORE SANTALPUR FROM KM 754K (AJ-RGBS-PACKAGE-4)
N02000029,,,ATOMIC ENERGY,onsched_orig,2017-06,49621.0,,49621.0,15934.0,2027-09,,2027-09,,,,KUDANKULAM NUCLEAR POWER
N04000106,,,CIVIL AVIATION,onsched_orig,2023-03,265.91,,265.91,3.11,2026-01,,2026-01,,,,KADAPPA AIRPORT- CONSTRUCTION TERMINAL BUILDING AND MISCELLANEOUS INCLUDING MA
N04000099,,,CIVIL AVIATION,onsched_orig,2022-06,1305.0,,1143.95,162.39,2025-12,,2025-12,,,,"DEVELOPMENT OF NEW GREENFIELD DHOLERA, AHMEDABAD (GUJARAT)."
N04000104,,,CIVIL AVIATION,onsched_orig,2023-06,887.0,,887.0,47.31,2026-03,,2026-03,,,,UDAIPUR AIRPORT- CONSTRUCTION PASSENGER TERMINAL BUILDING
N04000107,,,CIVIL AVIATION,onsched_orig,2022-07,861.37,,861.37,17.44,2026-06,,2026-06,,,,JAMMU CONSTRUCTION OF NEW
N04000101,,,CIVIL AVIATION,onsched_orig,2022-05,480.0,,480.0,76.6,2024-11,,2024-11,,,,CONSTRUCTION OF NEW TERMINAL AIRPORT
N04000102,,,CIVIL AVIATION,onsched_orig,2023-05,185.75,,232.52,28.26,2024-11,,2024-11,,,,"PRAYAGRAJ AIRPORT CONSTRUCTION BUILDING, SECOND LINK TAXI"
N04000105,,,CIVIL AVIATION,onsched_orig,2023-06,322.45,,322.45,17.82,2026-02,,2026-02,,,,BELAGAVI AIRPORT- EXPANSION AND ASSOCIATED WORKS
N04000111,,,CIVIL AVIATION,onsched_orig,2023-06,323.98,,323.98,,2025-09,,2025-09,,,,CALICUT AIRPORT DEVELOPMENT ON EITHER END ON RUNWAY 10-28
N04000109,,,CIVIL AVIATION,onsched_orig,2023-04,328.3,,328.3,22.35,2025-10,,2025-10,,,,"NSCBI AIRPORT KOLKATA: RE-CONSTRUCTION POSITIONS OF SECONDARY RUNWAY,"
N04000103,,,CIVIL AVIATION,onsched_orig,2022-12,347.15,,347.15,27.93,2025-08,,2025-08,,,,RAJAHMUNDRY AIRPORT: CONSTRUCTION DOMESTIC TERMINAL BUILDING WORKS INCLUD
N04000110,,,CIVIL AVIATION,onsched_orig,2023-11,323.26,,323.26,6.01,2026-06,,2026-06,,,,PAKYONG AIRPORT- WIDENING SIDE OF RUNWAY CHAINAGE 80M
N06000216,,,COAL,onsched_orig,2020-08,7254.37,,7254.37,1100.19,2028-03,,2028-03,,,,REVISED PROJECT REPORT MAGADH
N06000246,,,COAL,onsched_orig,2022-01,908.47,,908.47,145.14,2026-03,,2026-03,,,,EXPANSION OF KARO OCP
N06000217,,,COAL,onsched_orig,2020-08,5136.15,,5136.15,671.43,2028-03,,2028-03,,,,EXPANSION PROJECT AMRAPALI
N06000239,,,COAL,onsched_orig,2020-05,222.82,,222.82,139.31,2025-03,,2025-03,,,,SIRKA OCP
N06000240,,,COAL,onsched_orig,2020-08,764.57,,764.57,145.8,2031-03,,2031-03,,,,JHARKHAND LAIYO OCP
N06000245,,,COAL,onsched_orig,2022-01,799.34,,799.34,349.47,2032-03,,2032-03,,,,EXPANSION OF KONAR OCP
N06000247,,,COAL,onsched_orig,2021-05,2898.28,,2898.28,175.01,2028-03,,2028-03,,,,EXPANSION OF ASHOK OCP
N06000243,,,COAL,onsched_orig,2021-01,1020.42,,1020.42,82.92,2028-03,,2028-03,,,,EPR ROHINI KARKATA OCP
N06000242,,,COAL,onsched_orig,2020-11,713.35,,713.35,236.57,2027-03,,2027-03,,,,EPR PUNDI OCP
N06000218,,,COAL,onsched_orig,2021-07,778.8,,778.8,671.23,2026-03,,2026-03,,,,UCE OF EPR OF NORTH URIMARI
N06000241,,,COAL,onsched_orig,2020-11,230.41,,230.41,18.14,2025-03,,2025-03,,,,EPR TAPIN SOUTH OCP
N06000237,,,COAL,onsched_orig,2020-08,861.06,,625.4,362.06,2032-03,,2032-03,,,,KOTRE BASANTPUR PACHMO OCP
N06000238,,,COAL,onsched_orig,2020-08,973.5,,973.5,7.95,2032-03,,2032-03,,,,CHANDRAGUPT OCP
N06000223,,,COAL,onsched_orig,2020-04,1210.12,,1210.12,371.21,2029-03,,2029-03,,,,EXPANSION PR OF JHANJRA UG
N06000165,,,COAL,onsched_orig,2018-05,535.18,,535.17,3.91,2026-03,,2026-03,,,,SIDULI MINE (OC AND UG)
N06000220,5,,COAL,onsched_orig,2021-07,5365.88,5366.0,5365.88,470.08,2029-03,,2029-03,,,,SONEPUR BAZARI EXPANSION
N06000170,,,COAL,onsched_orig,2018-08,502.68,,502.67,56.46,2029-03,,2029-03,,,,NAKRAKONDA KUMARDIH B OCP
N06000227,,,COAL,onsched_orig,2024-03,6321.73,,3145.45,1209.27,2031-03,,2031-03,,,,BHUBANESWARI EXPANSION OCP
N06000249,03/2029,,COAL,onsched_orig,2021-05,1693.81,,1693.81,1129.52,2029-03,2029-03,2029-03,,,,SUBHADRA OCP
N06000229,,,COAL,onsched_orig,2022-04,6107.87,,8416.19,1566.44,2028-03,,2028-03,,,,GOPALJI-KANIHA OCP
N06000167,,,COAL,onsched_orig,2018-05,2434.75,,2434.75,1767.1,2027-03,,2027-03,,,,INTEGRATED LAKHANPUR-BELPAHAR-LILARI
N06000230,,,COAL,onsched_orig,2020-08,3504.21,,3504.21,894.77,2029-03,,2029-03,,,,BALARAM EXPANSION OCP
N06000171,,,COAL,onsched_orig,2018-11,2838.87,,2838.87,1562.29,2029-03,,2029-03,,,,REORGANISATION OF BHARATPUR
N06000261,,,COAL,onsched_orig,2022-12,2264.68,,2264.68,997.96,2029-03,,2029-03,,,,RPR OF HINGULA -II EXPANSION
N06000193,,,COAL,onsched_orig,2013-07,2242.92,,2242.9,168.84,2028-09,,2028-09,,,,PACHWARA SOUTH COAL BLOCK
N06000189,,,COAL,onsched_orig,2017-07,2401.07,,2401.07,1258.77,2027-01,,2027-01,,,,TALABIRA II AND III OCP
N06000269,,,COAL,onsched_orig,2023-03,1813.0,,1813.0,298.62,2024-09,,2024-09,,,,NLCIL MW SOLAR POWER CPSU SCHEME)
N06000270,,,COAL,onsched_orig,2024-01,27213.0,,27213.0,954.95,2029-05,,2029-05,,,,NLC TALABIRA THERMAL POWER MW)
N06000196,,,COAL,onsched_orig,2020-11,1729.68,,1729.68,596.1,2025-03,,2025-03,,,,NIGAHI EXPANSION OCP (15 TO
N06000259,,,COAL,onsched_orig,2021-12,297.88,,297.88,45.15,2025-03,,2025-03,,,,JAWAHAR KHANI OPENCAST (JK
N06000258,,,COAL,onsched_orig,2021-07,345.6,,345.6,50.25,2026-03,,2026-03,,,,GOLETI OPENCAST MINE
N06000158,,,COAL,onsched_orig,2017-05,976.95,,976.95,90.89,2026-03,,2026-03,,,,VIJAY WEST OPENCAST PROJECT
N06000233,,,COAL,onsched_orig,2019-07,1248.93,,1248.93,415.92,2026-03,,2026-03,,,,RAMPUR BATURA OC (4.0 MTY)
N06000197,,,COAL,onsched_orig,2020-08,2309.8,,2309.8,815.2,2029-03,,2029-03,,,,BAROUD OC EXPANSION (3-10
N06000200,,,COAL,onsched_orig,2020-12,5241.4,,5241.4,2607.21,2029-03,,2029-03,,,,DIPKA OC EXPANSION MTY
N06000164,,,COAL,onsched_orig,2018-05,410.26,,410.26,178.39,2026-03,,2026-03,,,,MAHAMAYA OPENCAST PROJECT
N06000199,,,COAL,onsched_orig,2020-12,2310.12,,2310.12,71.99,2029-03,,2029-03,,,,PORDA CHIMTAPANI OCP (10 MTY)
N06000205,,,COAL,onsched_orig,2021-03,241.72,,241.72,58.79,2028-03,,2028-03,,,,GHONSA EXPANSION DEEP OC
N06000251,,,COAL,onsched_orig,2022-01,253.51,,253.51,103.5,2028-03,,2028-03,,,,SAONER UG MINE I EXPANSION
N06000206,,,COAL,onsched_orig,2020-08,371.59,,371.59,104.34,2026-03,,2026-03,,,,SASTI EXPANSION OC
N06000183,,,COAL,onsched_orig,2019-08,414.16,,414.16,24.98,2026-03,,2026-03,,,,GANDHIGRAM UG MINE
N06000264,,,COAL,onsched_orig,2021-04,456.95,,456.95,147.9,2026-03,,2026-03,,,,GOKUL EXPANSION OC
N06000263,,,COAL,onsched_orig,2023-03,464.45,,464.45,178.76,2027-03,,2027-03,,,,RPR PAUNI II EXPANSION OC
N06000253,,,COAL,onsched_orig,2022-06,497.06,,497.06,144.2,2026-03,,2026-03,,,,MAKARDHOKDA I EXPANSION OC
N06000265,,,COAL,onsched_orig,2022-07,228.42,,228.42,23.96,2031-03,,2031-03,,,,URDHAN OC
N06000222,,,COAL,onsched_orig,2020-02,1184.33,,1184.33,846.03,2027-03,,2027-03,,,,DINESH (MAKARDHOKDA-III) OC
N06000250,,,COAL,onsched_orig,2021-12,324.25,,324.25,12.31,2027-03,,2027-03,,,,TAWA III UG MINE
N06000209,,,COAL,onsched_orig,2019-02,720.87,,720.87,179.54,2028-03,,2028-03,,,,DHUPTALA OC(SASTI UG TO OC)
N06000231,,,COAL,onsched_orig,2020-11,826.8,,826.8,462.32,2026-03,,2026-03,,,,MUNGOLI NIRGUDA EXTENSION
N06000260,,,COAL,onsched_orig,2022-11,227.65,,227.65,7.02,2029-03,,2029-03,,,,VISHNUPURI UG TO OC
N06000266,,,COAL,onsched_orig,2022-07,200.16,,200.16,34.27,2028-03,,2028-03,,,,SHARDA UG
N06000256,,,COAL,onsched_orig,2022-09,494.6,,494.6,98.36,2028-03,,2028-03,,,,BHANEGAON OC (1.15MTY)
N06000254,,,COAL,onsched_orig,2020-02,729.86,,729.86,158.97,2028-03,,2028-03,,,,BHATADI EXPANSION OC
N06000255,,,COAL,onsched_orig,2019-05,496.38,,496.38,143.72,2027-03,,2027-03,,,,NEW MAJARI UG TO OC (3.0 MTY)
N06000268,,,COAL,onsched_orig,2023-03,497.23,,497.23,40.5,2031-03,,2031-03,,,,RPR GAURI PAUNI EXPANSION
N06000252,,,COAL,onsched_orig,2022-05,421.84,,421.84,115.89,2029-03,,2029-03,,,,SINGHORI DEEP OC
N06000257,,,COAL,onsched_orig,2022-09,497.01,,497.01,157.83,2027-03,,2027-03,,,,AMALGAMATED DHANKASA JAMUNIA
N06000267,,,COAL,onsched_orig,2023-01,206.19,,206.19,7.75,2027-03,,2027-03,,,,KOLGAON EXPANSION (DEEP)
N06000132,,,COAL,onsched_orig,2015-08,727.28,,727.28,531.54,2025-03,,2025-03,,,,AMALGAMATED YEKONA-I YEKONA-II
N40000001,03/2027,,COAL,onsched_orig,2011-09,20084.0,,20084.0,9718.22,2027-03,2027-03,2027-03,,,,NATIONAL INDUSTRIAL CORRIDOR
N16000508,,,PETROLEUM,onsched_orig,2023-03,621.87,,621.87,35.5,2026-03,,2026-03,,,,REPLACEMENT AND EXTENSION KOCHI REFINERY
N16000507,,,PETROLEUM,onsched_orig,2023-03,405.0,,405.0,19.48,2025-07,,2025-07,,,,INSTALLATION OF INDEPENDENT SOLVENTS PRODUCTION FACILITIES
N16000500,,,PETROLEUM,onsched_orig,2021-04,676.89,,676.89,438.97,2025-03,,2025-03,,,,SETTING UP A COMMON USER JAMMU FOR RE-SITEMENT OF OMCS
N16000518,,,PETROLEUM,onsched_orig,2023-05,43367.0,,43367.0,21.67,2028-05,,2028-05,,,,ETHYLENE CRACKER PROJECT INCLUDING DOWNSTREAM PETROCHEMICAL EXPANSION OF
N16000522,,,PETROLEUM,onsched_orig,2022-12,1017.0,,1017.0,59.58,2030-03,,2030-03,,,,CITY GAS DISTRIBUTION PROJECTS COOCH BEHAR
N16000525,,,PETROLEUM,onsched_orig,2022-12,16654.0,,16654.0,242.03,2030-06,,2030-06,,,,"CITY GAS DISTRIBUTION PROJECTS SITAPUR, BAHRAICH, SHRAVASTI,BALRAMPUR,"
N16000520,,,PETROLEUM,onsched_orig,2022-12,3207.0,,3207.0,153.42,2030-06,,2030-06,,,,CGD PROJECTS AT FAZILKA (EXCEPT AUTHORIZED) GANGANAGAR AND DISTRICTS
N16000524,,,PETROLEUM,onsched_orig,2022-12,3638.0,,3638.0,185.19,2030-03,,2030-03,,,,"CITY GAS DISTRIBUTION PROJECTS MADHUBANI, SUPAUL, SITAMARHI"
N16000521,,,PETROLEUM,onsched_orig,2022-12,3685.0,,3685.0,69.58,2030-03,,2030-03,,,,CGD PROJECTS AT THE NILGIRIS
N16000523,,,PETROLEUM,onsched_orig,2022-12,3919.0,,3919.0,157.3,2030-06,,2030-06,,,,CITY GAS DISTRIBUTION PROJECTS WEST CHAMPARAN EAST CHAMPARAN DISTRICTS
N16000434,,,PETROLEUM,onsched_orig,2021-01,31580.0,,36354.0,1133.11,2025-06,,2025-06,,,,CBR MMTPA PROJECT
N16000494,,,PETROLEUM,onsched_orig,2023-03,384.04,,384.04,28.4,2026-12,,2026-12,,,,"SETTING UP OF NEW RAIL FED KAMARDANGA, ASSAM"
N16000497,,,PETROLEUM,onsched_orig,2022-06,1377.0,,1377.0,154.63,2030-06,,2030-06,,,,CGD PROJECT IN BIHAR JHARKHAND
N16000512,,,PETROLEUM,onsched_orig,2023-12,461.05,,461.05,2.21,2026-12,,2026-12,,,,SETTING UP OF PETROCHEMICAL TERMINAL (PEMT) AT BARMER
N16000478,,,PETROLEUM,onsched_orig,2022-11,1010.0,,1010.0,218.11,2025-11,,2025-11,,,,HALDIA PANAGARH PIPELINE PROJECT
N16000498,,,PETROLEUM,onsched_orig,2022-06,2628.0,,2628.0,88.5,2030-06,,2030-06,,,,CGD PROJECT IN WEST BENGAL
N16000496,,,PETROLEUM,onsched_orig,2022-03,1751.0,,1751.0,137.61,2030-03,,2030-03,,,,"CGD PROJECT IN TONK, SAWAI"
N16000484,03/2026,,PETROLEUM,onsched_orig,2023-03,156.36,,156.36,1.08,2026-03,2026-03,2026-03,,,,CONSTRUCTION OF LPG FACILITIES ASSAM
N16000451,,,PETROLEUM,onsched_orig,2022-03,564.0,,564.0,138.45,2024-11,,2024-11,,,,CBR ASANUR PIPELINE AND ITS CHENNAI TRICHY MADURAI PRODUCT
N16000489,,,PETROLEUM,onsched_orig,2022-03,575.0,,575.0,75.54,2030-03,,2030-03,,,,"CGD PROJECT AT JHUNJHUNU, DISTRICTS"
N16000490,,,PETROLEUM,onsched_orig,2022-03,1328.0,,1328.0,79.13,2030-03,,2030-03,,,,"CGD PROJECT AT MADURAI, THENI DISTRICTS"
N16000486,,,PETROLEUM,onsched_orig,2022-03,501.0,,501.0,62.29,2030-03,,2030-03,,,,CGD PROJECT AT DHARMAPURI DISTRICTS
N16000488,,,PETROLEUM,onsched_orig,2022-03,151.0,,151.0,7.77,2030-03,,2030-03,,,,CGD PROJECT AT PATHANKOT
N16000492,,,PETROLEUM,onsched_orig,2022-03,1295.0,,1295.0,86.59,2030-03,,2030-03,,,,"CGD PROJECT AT KANYAKUMARI, KATTABO AND TENKASI DISTRICTS"
N16000485,,,PETROLEUM,onsched_orig,2022-03,1420.0,,1420.0,84.45,2030-03,,2030-03,,,,"CGD PROJECT AT KURNOOL, GUNTUR DISTRICTS"
N16000458,,,PETROLEUM,onsched_orig,2022-03,1459.0,,2102.79,222.33,2025-03,,2025-03,,,,POLY BUTADIENE RUBBER PLANT
N16000453,,,PETROLEUM,onsched_orig,2022-01,389.0,,389.0,20.19,2025-04,,2025-04,,,,INSTALLATION OF BITUMEN MANUFACTURING WITH ALLIED FACILITIES AT BARAUNI
N16000487,,,PETROLEUM,onsched_orig,2022-03,865.0,,865.0,18.09,2030-03,,2030-03,,,,"CGD PROJECT AT BEED, JALGAON"
N16000527,,,PETROLEUM,onsched_orig,2022-03,538.0,,538.0,,2032-03,,2032-03,,,,CGD PROJECT AT JAMMU DISTRICTS
N16000479,,,PETROLEUM,onsched_orig,2023-01,346.7,,346.7,0.72,2025-01,,2025-01,,,,EXTENSION OF ASANUR-SANKARI TRICHY-MADURAI PIPELINE UPTO
N16000491,,,PETROLEUM,onsched_orig,2022-03,609.0,,609.0,23.49,2030-03,,2030-03,,,,"CGD PROJECT AT EAST MEDNIPORE, JHARGRAM DISTRICTS"
N16000456,,,PETROLEUM,onsched_orig,2022-09,165.0,,165.0,35.11,2025-08,,2025-08,,,,ATF PIPELINE FROM JAWAHARLAL (JNPT) TO NAVI MUMBAI INTERNATIONAL
N16000480,,,PETROLEUM,onsched_orig,2023-03,202.07,,202.07,1.52,2026-02,,2026-02,,,,LAYING OF NATURAL GAS PIPELINE RANCHI
N16000529,,,PETROLEUM,onsched_orig,2023-08,227.62,,227.62,,2027-11,,2027-11,,,,AUGMENTATION OF DIMAPUR
N16000503,,,PETROLEUM,onsched_orig,2017-06,281.35,,281.35,71.74,2025-05,,2025-05,,,,ANDHERI RESIDENTIAL TOWERS
N16000509,,,PETROLEUM,onsched_orig,2023-10,385.0,,385.0,44.67,2026-02,,2026-02,,,,POWER SYSTEM UPGRADATION
N16000510,,,PETROLEUM,onsched_orig,2023-03,293.5,,293.5,18.59,2025-07,,2025-07,,,,POWER RECOVERY TURBINE IN
N16000511,,,PETROLEUM,onsched_orig,2021-08,370.0,,370.0,115.28,2025-03,,2025-03,,,,DCU REVAMP PROJECT
N16000279,,,PETROLEUM,onsched_orig,2017-02,1162.56,,1162.56,1093.53,2026-03,,2026-03,,,,REDEVELOPMENT OF SANTHAL
N16000528,,,PETROLEUM,onsched_orig,2023-01,344.99,,344.99,66.51,2026-04,,2026-04,,,,PIPELINE NETWORK PROJECT
N16000431,,,PETROLEUM,onsched_orig,2021-08,885.63,,1286.67,353.5,2026-02,,2026-02,,,,REDEVELOPMENT OF SOBHASAN
N16000514,,,PETROLEUM,onsched_orig,2022-11,837.34,,837.34,14.82,2026-08,,2026-08,,,,"REVAMPING OF SV STATIONS, TERMINAL"
N16000481,,,PETROLEUM,onsched_orig,2022-08,1487.41,,1487.41,680.25,2027-03,,2027-03,,,,KALOL REDEVELOPMENT PROJECT
N16000482,,,PETROLEUM,onsched_orig,2021-07,320.2,,187.61,111.52,2024-07,,2024-07,,,,CONSTRUCTION OF TWO PRODUCED PLANTS (PWTP) AT BECHARAJI INSTALLATION OF
N16000526,,,PETROLEUM,onsched_orig,2024-02,2329.45,,2329.45,,2026-05,,2026-05,,,,MHN TCPP PGC BGC PROJECT
N16000477,,,PETROLEUM,onsched_orig,2022-05,249.43,,249.43,62.35,2025-02,,2025-02,,,,"RESTORATION OF GAS TERMINAL, PLANT"
N16000483,,,PETROLEUM,onsched_orig,2021-07,173.03,,169.84,105.72,2025-07,,2025-07,,,,OLD PIPE LINE REPLACEMENT
N16000444,,,PETROLEUM,onsched_orig,2022-01,621.4,,621.4,85.84,2024-11,,2024-11,,,,COMMERCIAL POLYMER FLOODING FIELD
N16000449,,,PETROLEUM,onsched_orig,2021-06,860.0,,860.0,234.6,2024-12,,2024-12,,,,UPGRADATION OF FACILITIES PRODUCT PIPELINE (NSPL) FOR
N18000389,,,POWER,onsched_orig,2024-02,2000.0,,2000.0,,2025-08,,2025-08,,,,TS FOR EVACUATION OF POWER (20GW) UNDER PH-III PART D [SIKAR
N18000382,,,POWER,onsched_orig,2024-03,17195.31,,17195.31,531.0,2030-02,,2030-02,,,,SINGRAULI SUPER THERMAL POWER (2X800 MW)
N18000381,,,POWER,onsched_orig,2023-08,15530.0,,15530.0,709.38,2028-06,,2028-06,,,,LARA SUPER THERMAL POWER MW)
N18000362,,,POWER,onsched_orig,2023-02,31876.39,,31876.39,2397.93,2032-02,,2032-02,,,,DIBANG MULTIPURPOSE PROJECT PRADESH
N18000345,,,POWER,onsched_orig,2022-07,1316.02,,1316.02,190.59,2025-03,,2025-03,,,,DAYAPAR WIND ENERGY PROJECT
N18000346,,,POWER,onsched_orig,2022-09,7179.54,,7179.54,854.13,2024-09,,2024-09,,,,KHAWDA 1255MW SOLAR PROJECT
N18000365,,,POWER,onsched_orig,2023-06,6283.81,,6283.81,244.77,2024-12,,2024-12,,,,KHAVDA 1200MW (4X300MW) IN
N18000364,,,POWER,onsched_orig,2022-08,11844.0,,11844.0,1405.09,2027-05,,2027-05,,,,TALCHER THERMAL POWER PROJECT
N18000367,,,POWER,onsched_orig,2019-02,501.79,,501.79,40.35,2024-10,,2024-10,,,,BADAM COAL MINING PROJECT
N18000330,,,POWER,onsched_orig,2022-03,288.71,,288.71,26.79,2024-12,,2024-12,,,,TRANSMISSION SYSTEM STRENGTHENING LEH TRANSMISSION SYSTEM
N18000328,,,POWER,onsched_orig,2022-02,318.12,,318.12,132.27,2025-04,,2025-04,,,,TS FOR EVACUATION OF POWER CHENAB VALLEY HEPS LTA SYSTEM
N18000384,,,POWER,onsched_orig,2023-12,3752.0,,3752.0,76.02,2025-12,,2025-12,,,,TS FOR EVACUATION OF ADDITIONAL KHAVDA RE PARK UNDER PHASE-III
N18000377,,,POWER,onsched_orig,2023-11,224.0,,224.0,,2025-07,,2025-07,,,,TS FOR EVACUATION OF 7GW UNDER PHASE-IV PART E4
N18000343,,,POWER,onsched_orig,2022-10,307.87,,307.87,46.31,2025-10,,2025-10,,,,SYSTEM STRENGTHENING SCHEME NORTH EASTERN REGION
N18000388,,,POWER,onsched_orig,2024-02,2148.0,,2148.0,,2026-02,,2026-02,,,,TS FOR SOLAR ENERGY ZONE KARNATAKA [BIDAR TRANSMISSION
N18000378,,,POWER,onsched_orig,2022-12,331.0,,331.0,4.66,2025-03,,2025-03,,,,TS FOR EVACUATION POWER FROM (20GW) UNDER PHASE-III PART J
N18000353,,,POWER,onsched_orig,2023-03,281.16,,281.16,0.11,2025-03,,2025-03,,,,ER WR TRANSMISSION LIMITED
N18000338,,,POWER,onsched_orig,2022-07,186.19,,186.19,15.31,2025-03,,2025-03,,,,TRANSMISSION NETWORK EXPANSION INCREASE ATC FROM ISTS: PART
N18000352,,,POWER,onsched_orig,2023-03,3546.94,,3546.94,589.03,2024-11,,2024-11,,,,TRANSMISSION SYSTEM FOR KURNOOL SOLAR ENERGY ZONE (AP) PART-A
N18000379,,,POWER,onsched_orig,2023-11,428.0,,428.0,,2025-06,,2025-06,,,,TS FOR EVACUATION POWER FROM (20GW) UNDER PHASE-III PART E2
N18000387,,,POWER,onsched_orig,2023-12,2056.0,,2056.0,110.42,2025-12,,2025-12,,,,TS FOR EVACUATION OF POWER IV (PART-1) [BIKANER COMPLEX]
N18000351,,,POWER,onsched_orig,2023-03,524.04,,524.04,240.01,2025-11,,2025-11,,,,EASTERN REGION EXPANSION
N18000355,,,POWER,onsched_orig,2023-03,260.3,,260.3,40.74,2025-03,,2025-03,,,,TRANSMISSION SYSTEM ASSOCIATED REGION EXPANSION SCHEME-XXVIII
N18000386,,,POWER,onsched_orig,2023-12,2998.0,,2998.0,72.72,2025-12,,2025-12,,,,TS FOR EVACUATION OF POWER IV (PART-1) [BIKANER COMPLEX]
N18000361,,,POWER,onsched_orig,2023-03,2820.99,,2820.99,,2025-03,,2025-03,,,,"KHAVDA PHASE-II-PART C, GUJARAT- SCHEME FOR EVACUATION OF KHAVDA"
N18000373,,,POWER,onsched_orig,2023-08,688.74,,688.74,,2025-02,,2025-02,,,,"TS FOR EVACUATION OF POWER (20GW) UNDER PHASE-III, PART E1"
N18000375,,,POWER,onsched_orig,2023-10,1796.0,,1796.0,158.45,2025-04,,2025-04,,,,TS FOR EVACUATION POWER FROM (20GW) UNDER PHASE-III PART C1
N18000374,,,POWER,onsched_orig,2023-10,2211.0,,2211.0,109.74,2025-04,,2025-04,,,,TS FOR EVACUATION POWER FROM (20GW) UNDER PHASE-III PART H
N18000354,,,POWER,onsched_orig,2023-03,271.69,,271.69,25.35,2024-09,,2024-09,,,,TRANSMISSION SYSTEM ASSOCIATED REGION EXPANSION SCHEME
N18000376,,,POWER,onsched_orig,2023-09,2191.0,,2191.0,147.99,2025-04,,2025-04,,,,TS FOR EVACUATION POWER FROM (20GW) UNDER PHASE-III PART B1
N18000358,,,POWER,onsched_orig,2023-03,815.12,,815.12,2.99,2025-03,,2025-03,,,,TRANSMISSION NETWORK EXPANSION ASSOCIATED WITH INTEGRATION KHAVDA POT
N18000383,,,POWER,onsched_orig,2023-07,334.0,,334.0,,2025-07,,2025-07,,,,TS FOR EVACUATION OF POWER IN KHAVDA AREA OF GUJARAT
N18000385,,,POWER,onsched_orig,2023-12,2889.0,,2889.0,,2025-12,,2025-12,,,,TS FOR INTRGRATION OF RE ZONE (PHASE A&B) AND GADAG II (PHASE
N18000360,,,POWER,onsched_orig,2023-03,1167.55,,1167.55,205.35,2025-03,,2025-03,,,,"KHAVDA PHASE-II-PART B, GUJARAT- SCHEME FOR EVACUATION OF KHAVDA"
N18000356,,,POWER,onsched_orig,2023-03,1433.28,,1433.28,359.47,2024-09,,2024-09,,,,TRANSMISSION SYSTEM SCHEME POWER FROM REZ RAJASTHAN PART
N18000359,,,POWER,onsched_orig,2023-03,966.79,,966.79,26.0,2024-12,,2024-12,,,,"KHAVDA-2, GUJARAT- ESTABLISHMENT STATION-2 (KPS2) IN KHAVDA RE PARK"
N18000357,,,POWER,onsched_orig,2023-03,922.3,,922.3,107.23,2024-12,,2024-12,,,,ESTABLISHMENT OF KHAVDA POOLING KHAVDA RE PARK
N18000279,,,POWER,onsched_orig,2020-11,1810.56,,1810.56,1466.02,2026-01,,2026-01,,,,LUHRI HYDROELECTRIC PROJECT
N18000291,,,POWER,onsched_orig,2020-10,687.97,,687.97,630.46,2025-11,,2025-11,,,,DHAULASIDH HYDROELECTRIC
N18000344,,,POWER,onsched_orig,2023-01,2614.51,,2614.51,689.99,2028-04,,2028-04,,,,SUNNI DAM HYDRO ELECTRIC
N22000527,,,RAILWAYS,onsched_orig,2019-03,816.03,,902.86,3.08,2030-03,,2030-03,,,,PARASNATH-MADHUBAN-GIRIDIH
N22000525,,,RAILWAYS,onsched_orig,2022-10,199.96,,199.96,55.09,2027-10,,2027-10,,,,SURFACE TRIANGLE LINE BETWEEN NEW CROSSING STN KARMA DOUBLING
N22000611,,,RAILWAYS,onsched_orig,2018-01,487.73,,487.73,245.45,2025-12,,2025-12,,,,GOMOH FLYOVER FOR DOWN
N22000529,,,RAILWAYS,onsched_orig,2022-11,202.0,,349.22,,2027-11,,2027-11,,,,DOUBLING OF PRADHANKHUNTA BHOJUDIH
N22000519,,,RAILWAYS,onsched_orig,2022-08,190.9,,190.9,10.0,2027-08,,2027-08,,,,KODINGAMALI BAUXITE MINES STATION
N22000517,,,RAILWAYS,onsched_orig,2017-07,499.99,,747.91,,2028-07,,2028-07,,,,JEYPORE NABARANGPUR NEWLINE
N22000520,,,RAILWAYS,onsched_orig,2022-09,189.93,,189.93,,2027-09,,2027-09,,,,GANDHAMARDAN IRON ORE MINES
N22000522,,,RAILWAYS,onsched_orig,2019-08,183.0,,183.0,,2027-08,,2027-08,,,,BAGHUAPAL FLY OVER (20 KM)
N22000521,297.00,,RAILWAYS,onsched_orig,2009-12,48.44,297.0,297.0,,2026-12,,2026-12,,,,BRUNDAMAL-JHARSUGUDA- FLYOVER JOINING DN LINE
N22000516,,,RAILWAYS,onsched_orig,2018-02,642.69,,642.69,150.72,2033-07,,2033-07,,,,JEYPORE MALKANGIRI NEW LINE
N22000518,495.00,,RAILWAYS,onsched_orig,2018-07,278.96,495.0,494.62,,2026-12,,2026-12,,,,TALCHER ANGUL NEW LINE WITH TALCHER
N22000629,,,RAILWAYS,onsched_orig,2019-10,1400.0,,1400.0,,2024-06,,2024-06,,,,NAGPUR- NAGBHIR RAILWAY LINE PROJECT
N22000543,,,RAILWAYS,onsched_orig,2019-04,169.65,,169.65,71.75,2026-03,,2026-03,,,,YESHVANTHPUR-CHANNASANDRA
N22000542,,,RAILWAYS,onsched_orig,2019-04,375.67,,375.67,,2026-03,,2026-03,,,,BAIYYAPPANAHALLI-HOSUR (48
N22000563,,,RAILWAYS,onsched_orig,2019-04,494.11,,494.11,,2026-03,,2026-03,,,,ALLAHABAD-BAMHRAULI 4TH AT SUBEDARGANJ
N22000612,,,RAILWAYS,onsched_orig,2022-08,402.88,,402.88,,2025-06,,2025-06,,,,MATHURA VRINDAVAN (11 KM)
N22000544,,,RAILWAYS,onsched_orig,2019-08,2390.0,,2390.0,,2026-12,,2026-12,,,,MUGHALSARAI ALLAHABAD
N22000545,06/2026,,RAILWAYS,onsched_orig,2020-04,1456.89,,1456.89,,2026-06,2026-06,2026-06,,,,ALIGARH-HARDUAGANJ FLYOVER
N22000562,,,RAILWAYS,onsched_orig,2019-04,451.99,,451.99,,2025-12,,2025-12,,,,ALIGARH-DAUD KHAN 3RD LINE OF FLYOVER AT DAUD KHAN
N22000546,,,RAILWAYS,onsched_orig,2017-03,260.0,,260.0,,2024-12,,2024-12,,,,LALITPUR BIRARI WITH FLYOVER
N22000570,,,RAILWAYS,onsched_orig,2022-08,745.0,,745.0,,2027-08,,2027-08,,,,KATIHAR-KUMEDPUR & KATIHAR-MUKURIA (UMBRELLA WORK PB#57/2019-20/NR)
N22000593,,,RAILWAYS,onsched_orig,2019-04,528.48,,528.48,307.66,2025-03,,2025-03,,,,GUDHA THATHANA MITHRI TEST
N22000582,,,RAILWAYS,onsched_orig,2017-08,515.5,,676.0,,2025-03,,2025-03,,,,JAUNPUR AKBARPUR (TANDA)
N22000590,,,RAILWAYS,onsched_orig,2019-01,323.85,,323.85,,2025-03,,2025-03,,,,BARABANKI-MALHAUR 3RD &
N22000591,,,RAILWAYS,onsched_orig,2023-03,177.33,299.74,177.33,,2026-12,2027-03,2026-12,,,,DOUBLING BETWEEN JAUNPUR
N22000614,,,RAILWAYS,onsched_orig,,,,,,,,,,,,
N22000583,,,RAILWAYS,onsched_orig,2017-11,701.98,,1100.0,,2025-03,,2025-03,,,,JANGHAI PRATAPGARH AMETHI
N22000578,,,RAILWAYS,onsched_orig,2017-09,1200.0,,1700.0,,2025-03,,2025-03,,,,BARABANKI AKBARPUR DOUBLING
N22000589,234.77,,RAILWAYS,onsched_orig,2020-09,82.99,234.77,235.0,,2025-03,,2025-03,,,,LUDHIANA MULLANPUR DOUBLING
N22000584,,,RAILWAYS,onsched_orig,2019-03,235.72,,235.72,,2025-03,,2025-03,,,,LUDHIANA KILA RAIPUR (19 KMS) STATION ON LDH-JHL SECTION
N22000602,,,RAILWAYS,onsched_orig,2008-03,631.78,,1627.56,1323.64,2025-06,,2025-06,,,,DALLIRAJHARA ROWGHAT (95 JAGDALPUR (235 KM)}
N22000599,,,RAILWAYS,onsched_orig,2016-11,8975.0,,7906.38,4630.47,2026-03,,2026-03,,,,3RD LINE BETWEEN DHANBAD
N22000596,,,RAILWAYS,onsched_orig,2018-11,357.48,,409.38,312.07,2025-03,,2025-03,,,,JANGHAI-PHAPHAMAU DOUBLING (46.79 KM)
N22000600,,,RAILWAYS,onsched_orig,2022-06,492.83,,492.83,,2026-12,,2026-12,,,,JUNAGARH -VISAVADAR (42.28)
N22000601,,,RAILWAYS,onsched_orig,2018-09,4340.0,,7393.75,1004.86,2030-09,,2030-09,,,,INDORE BUDNI (INDORE JABALPUR)
N22000587,,,RAILWAYS,onsched_orig,2016-04,302.0,,302.0,98.83,2025-12,,2025-12,,,,RENIGUNTA WADI GOOTY BYPASS
N22000586,,,RAILWAYS,onsched_orig,2016-04,226.72,,226.72,107.76,2025-12,,2025-12,,,,VIJAYAWADA KAZIPET BYEPASS
N22000585,,,RAILWAYS,onsched_orig,2023-03,351.83,,351.83,,2027-03,,2027-03,,,,DOUBLING BETWEEN GOOTY-PENDAKALLU
N22000580,,,RAILWAYS,onsched_orig,2022-06,1376.2,,775.82,33.55,2030-06,,2030-06,,,,DOUBLING OF BORIDAND AMBIKAPUR
N22000572,,,RAILWAYS,onsched_orig,2011-07,1171.3,,1171.3,209.98,2024-10,,2024-10,,,,Gauge conversion of Raipur(Kendri)-Dhamtari branch (67.20 km)
N22000573,,,RAILWAYS,onsched_orig,2022-09,170.49,,170.49,0.1,2026-12,,2026-12,,,,NIPANIA-BHATAPRA (14.4 KM) 4TH
N22000577,,,RAILWAYS,onsched_orig,2022-09,328.34,,328.34,0.37,2026-09,,2026-09,,,,4TH LINE RAJNANDGAON-DONGARHGARH (PB#72/NR/2022-23)
N22000576,,,RAILWAYS,onsched_orig,2022-09,169.06,,169.06,0.22,2026-09,,2026-09,,,,4TH LINE DADHAPARA-BELHA
N22000575,,,RAILWAYS,onsched_orig,2022-09,169.06,,177.34,0.02,2026-09,,2026-09,,,,4TH LINE BHILAI-BHILAI NAGAR
N22000579,,,RAILWAYS,onsched_orig,2022-09,167.64,,167.64,,2026-09,,2026-09,,,,3RD AND 4TH LINE SARAGBUNDIA
N22000616,,,RAILWAYS,onsched_orig,2018-10,241.0,,241.0,,2030-06,,2030-06,,,,CHIRIMIRI-NAGPUR HALT
N22000574,,,RAILWAYS,onsched_orig,2022-12,177.03,,177.03,0.21,2026-12,,2026-12,,,,4TH LINE BHATAPARA-HATHBAND 23)
N22000559,,,RAILWAYS,onsched_orig,2019-09,1453.73,,994.47,53.8,2027-12,,2027-12,,,,SHIMOGA-SHIKARIPURA-RANEBENNUR PB#23/2018-19/NR)
N22000554,,,RAILWAYS,onsched_orig,2015-11,500.0,,500.0,,2026-03,,2026-03,,,,SATNA REWA (50 KM)
N22000551,,,RAILWAYS,onsched_orig,2022-10,437.21,,437.21,,2027-10,,2027-10,,,,NEW BG LINE INTERSECTION (5 SANAND & BOTAD-AHMEDABAD
N22000548,,,RAILWAYS,onsched_orig,2022-05,296.54,,296.54,,2030-05,,2030-05,,,,ADRAJ MOTI-VIAJAPUR (39.75 KM)
N22000623,,,RAILWAYS,onsched_orig,2013-06,166.33,,166.33,32.28,2025-06,,2025-06,,,,NATHDWARA-NEW NATHDWARA CHITTAURGARH-UDAIPUR)
N24001998,,,ROAD TRANSPORT AND HIGHWAYS,onsched_orig,2022-06,832.46,,823.46,252.09,2025-08,,2025-08,,,,"CONSTRUCTION OF LANE WITH (DESIGN CH. 14+200 TO 24+400),"
N24001899,,,ROAD TRANSPORT AND HIGHWAYS,onsched_orig,2021-02,395.25,,395.25,165.41,2024-07,,2024-07,,,,REHABILITATION AND UPGRADATION SHOULDER FROM EXISTING CHAINAGE
N24001900,,,ROAD TRANSPORT AND HIGHWAYS,onsched_orig,2020-03,796.97,,796.97,353.94,2024-08,,2024-08,,,,REHABILITATION AND UPGRADATION SHOULDER FROM EXISTING CHAINAGE
N24002119,,,ROAD TRANSPORT AND HIGHWAYS,onsched_orig,2022-10,562.45,,562.45,8.68,2026-01,,2026-01,,,,REHABILITATION AND UPGRADATION SHOULDER FROM DESIGN CHAINAGE
N24001916,,,ROAD TRANSPORT AND HIGHWAYS,onsched_orig,2021-03,314.67,,314.67,,2026-05,,2026-05,,,,IMPROVEMENT/CONSTRUCTION TO NH INTERMEDIATE LANE SPECIFICATION
N24001915,,,ROAD TRANSPORT AND HIGHWAYS,onsched_orig,2021-03,230.54,,230.54,,2026-06,,2026-06,,,,IMPROVEMENT/CONSTRUCTION TO NH INTERMEDIATE LANE SPECIFICATION
N24001897,,,ROAD TRANSPORT AND HIGHWAYS,onsched_orig,2021-03,642.24,,642.24,370.71,2024-07,,2024-07,,,,REHABILITATION AND UPGRADATION SHOULDER FROM EXISTING CHAINAGE
N24001898,,,ROAD TRANSPORT AND HIGHWAYS,onsched_orig,2020-07,272.49,,272.49,146.77,2024-11,,2024-11,,,,REHABILITATION AND UPGRADATION SHOULDER FROM EXISTING CHAINAGE
N24001999,,,ROAD TRANSPORT AND HIGHWAYS,onsched_orig,2021-11,426.14,,426.14,27.99,2025-06,,2025-06,,,,CONSTRUCTION OF REALIGNMENT PASHKYUN (TOTAL LENGTH KARGIL
N24001935,,,ROAD TRANSPORT AND HIGHWAYS,onsched_orig,2022-03,724.17,,724.17,321.81,2025-08,,2025-08,,,,LANE WITH PAVED SHOULDER OF TADIPATRI TO MUDDANUR OF NH67
N24001470,,,ROAD TRANSPORT AND HIGHWAYS,onsched_orig,2020-08,314.32,,314.32,9.45,2025-04,,2025-04,,,,REHABILITATION AND UPGRADATION CONFIGURATION OF KALWAHAN-MANDI TO KM 2
N24001881,,,ROAD TRANSPORT AND HIGHWAYS,onsched_orig,2021-06,574.0,,574.0,574.0,2024-11,,2024-11,,,,REHABLITATION AND UPGRADATION (DESIGN CH. 71+530) TO AJARA
N24001291,,,ROAD TRANSPORT AND HIGHWAYS,onsched_orig,2019-03,421.48,,421.48,365.83,2027-03,,2027-03,,,,CONSTRUCTION OF LANE ROAD SECTION OF NH FROM KM
N24001948,,,ROAD TRANSPORT AND HIGHWAYS,onsched_orig,2022-10,355.72,,355.72,,2024-10,,2024-10,,,,WIDENING TO LANE FROM KM PARKALA) AND FROM KM
N24001587,,,ROAD TRANSPORT AND HIGHWAYS,onsched_orig,2020-03,262.37,,343.77,193.78,2024-09,,2024-09,,,,WIDENING AND STRENGTHENING BHARTHANA CHOWK TO KODARKOOT OF
N24001910,,,ROAD TRANSPORT AND HIGHWAYS,onsched_orig,2022-09,157.62,,157.62,13.86,2024-07,,2024-07,,,,REHABILITATION AND UPGRADATION SAUTADA SECTION OF NH548 D 208.7
N24001924,,,ROAD TRANSPORT AND HIGHWAYS,onsched_orig,2022-03,514.22,,514.22,,2025-08,,2025-08,,,,WIDENING AND STRENGTHENING SHOULDER/TWO LANE+ PAVED ROA
N24001529,,,ROAD TRANSPORT AND HIGHWAYS,onsched_orig,,,,,,,,,,,,(NEW NH-68) IN THE STATE
N24001850,,,ROAD TRANSPORT AND HIGHWAYS,onsched_orig,2022-03,995.04,,995.04,194.48,2025-09,2025-09,2025-09,,,,DEVELOPMENT TO 4/6-LANNING BOTH SIDE SERVICE ROADS FROM
N24001929,,,ROAD TRANSPORT AND HIGHWAYS,onsched_orig,2022-01,697.66,,697.66,213.01,2025-10,,2025-10,,,,CONSTRUCTION OF 4-LANE GREEN KM. TO KM. OF NH-731A
N24002032,,,ROAD TRANSPORT AND HIGHWAYS,onsched_orig,2022-01,1156.72,,1156.72,119.26,2026-01,,2026-01,,,,CONSTRUCTION OF 4-LANE HIGHWAY SHOULDERS FROM KM HYBRID
N24001885,,,ROAD TRANSPORT AND HIGHWAYS,onsched_orig,2023-02,414.81,,414.81,,2024-12,,2024-12,,,,REHABILITATION AND UP-GRADATION SHAHAPUR SECTION KM
N24001861,,,ROAD TRANSPORT AND HIGHWAYS,onsched_orig,2022-02,157.49,,157.49,59.2,2024-11,2024-11,2024-11,,,,CONSTRUCTION OF BYPASS TO 294/000 TO 300/300 ON NH-57 INCLUDING
N24001292,,,ROAD TRANSPORT AND HIGHWAYS,onsched_orig,2019-03,543.05,,543.05,567.92,2027-03,,2027-03,,,,CONSTRUCTION OF LANE ROAD SECTION OF NH FROM KM
N24002015,,,ROAD TRANSPORT AND HIGHWAYS,onsched_orig,2021-11,403.36,,403.36,37.5,2025-06,,2025-06,,,,IMPROVEMENT AND UPGRADATION PAVED SHOULDER CONFIGURATION 90.00 TO
N24001828,,,ROAD TRANSPORT AND HIGHWAYS,onsched_orig,2022-01,221.03,,243.95,114.24,2024-11,,2024-11,,,,CONSTRUCTION OF BYPASS TO 23/100 – 29/250 INCLUDING LA AND
N24001527,,,ROAD TRANSPORT AND HIGHWAYS,onsched_orig,2021-12,411.4,,411.4,143.61,2024-05,,2024-05,,,,2L+PS FOR WORK OF NH-325 (BALOTRA JALORE) BY CONSTRUCTION OF
N24001965,,,ROAD TRANSPORT AND HIGHWAYS,onsched_orig,2022-03,386.49,,386.49,86.72,2025-02,,2025-02,,,,REHABILITATION AND UPGRADATION MUNGAOLI–CHANDERI ROAD SECTION DESIGN CHAIN
N24001932,,,ROAD TRANSPORT AND HIGHWAYS,onsched_orig,2022-03,401.72,,401.72,161.11,2024-09,,2024-09,,,,2L+PS FROM KM. 0+000 TO KM. PUTTAPARTHI) OF NH-342
N24001408,,,ROAD TRANSPORT AND HIGHWAYS,onsched_orig,2021-02,925.47,,925.47,321.15,2025-07,,2025-07,,,,CONSTRUCTION OF 2-LANE MAJOR APPROACHESOVER BRAHMAPUTRA NORTH BAN
N24001471,,,ROAD TRANSPORT AND HIGHWAYS,onsched_orig,2020-04,325.24,,325.24,171.46,2024-11,,2024-11,,,,R/U TO 2-LANE WITH PS OF BEWAR OF NH-730C FROM KM.0.00 TO
N24001887,,,ROAD TRANSPORT AND HIGHWAYS,onsched_orig,2022-08,291.37,,291.37,102.94,2024-06,,2024-06,,,,REHABILITATION AND UPGRADATION KUMBHARI FATA DESIGN CH. (KM
N24001928,,,ROAD TRANSPORT AND HIGHWAYS,onsched_orig,2022-03,317.74,,317.74,136.23,2025-04,,2025-04,,,,CONSTRUCTION OF LANE WITH NORTHERN BYPASS PHASE-II OF CHAINAG
N24001890,,,ROAD TRANSPORT AND HIGHWAYS,onsched_orig,2023-02,261.82,,261.82,70.59,2024-12,,2024-12,,,,REHABILITATION AND UPGRADATION SECTION OF NH-361F (KM 136+700
N24001923,,,ROAD TRANSPORT AND HIGHWAYS,onsched_orig,2022-01,315.21,,315.21,59.59,2024-07,,2024-07,,,,WIDENING AND STRENGTHENING TO TWO LANE WITH PAVED SHOULDERS K
N24001964,,,ROAD TRANSPORT AND HIGHWAYS,onsched_orig,2022-03,365.21,,365.21,136.44,2025-05,,2025-05,,,,UPGRADATION and WIDENING DHOLKHEDI FROM DESIGN KM
N24001931,,,ROAD TRANSPORT AND HIGHWAYS,onsched_orig,2022-03,536.0,,536.0,393.48,2025-02,,2025-02,,,,LANING OF BATHALAPALLI TO (DESIGN CHAINAGE KM.
N24001927,,,ROAD TRANSPORT AND HIGHWAYS,onsched_orig,2022-02,838.43,,838.43,142.87,2025-09,,2025-09,,,,UP-GRADATION TO LANE WITH CHARBHUJA AT DESIGN KM
N24001374,,,ROAD TRANSPORT AND HIGHWAYS,onsched_orig,,,,,,,,,,,,FROM KM 51+700 TO KM 59+199
N24001904,,,ROAD TRANSPORT AND HIGHWAYS,onsched_orig,2022-09,195.38,,195.38,29.59,2024-07,,2024-07,,,,KOPARGAON TO SAVALI VIHIR
N24002002,,,ROAD TRANSPORT AND HIGHWAYS,onsched_orig,2022-01,423.48,,423.48,198.05,2024-12,,2024-12,,,,WIDENING AND IMPROVEMENT TO LANE WITH PAVED SHOULDERS
N24001953,,,ROAD TRANSPORT AND HIGHWAYS,onsched_orig,2021-12,388.71,,388.71,108.69,2024-09,,2024-09,,,,NH-30-BHADRACHALAM TO KONTA
N24001855,,,ROAD TRANSPORT AND HIGHWAYS,onsched_orig,2021-02,192.93,,192.93,41.69,2025-06,2025-06,2025-06,,,,WIDENING OF EXISTING SINGLE INTERMEDIATE LANE ROAD FROM VIA DIKHU I
N24002018,,,ROAD TRANSPORT AND HIGHWAYS,onsched_orig,2022-01,239.72,232.0,232.22,110.11,2025-03,,2025-03,,,,REHABILITATION AND UPGRADATION SHOULDER CONFIGURATION OF
N24001908,,,ROAD TRANSPORT AND HIGHWAYS,onsched_orig,2021-12,167.97,,167.97,35.28,2024-05,,2024-05,,,,UPGRADATION OF EXHISTING TO LANE PAVED SHOULDERS
N24001478,,,ROAD TRANSPORT AND HIGHWAYS,onsched_orig,2021-12,257.97,,257.97,132.48,2024-05,,2024-05,,,,WIDENING AND STRENGTHENING (BHADEWARA -DRAMANDGANJ NATIONAL
N24001466,,,ROAD TRANSPORT AND HIGHWAYS,onsched_orig,2021-03,297.24,,297.24,99.24,2024-07,2024-07,2024-07,,,,WIDENING TO EXISTING SINGLE TO LANE FROM KM185.00 TO
N24001996,,,ROAD TRANSPORT AND HIGHWAYS,onsched_orig,2022-03,640.18,,640.18,253.09,2025-11,,2025-11,,,,CONSTRUCTION OF TWO LANE HIGHWAY FROM DESIGN CH.0.000 ON
N24001293,,,ROAD TRANSPORT AND HIGHWAYS,onsched_orig,2019-03,486.7,,486.7,474.23,2027-03,,2027-03,,,,CONSTRUCTION OF LANE ROAD SECTION OF NH FROM KM
N24001829,,,ROAD TRANSPORT AND HIGHWAYS,onsched_orig,2022-10,172.15,,172.15,43.59,2024-11,,2024-11,,,,FOUR LANING OF OTTANCHATRAM FROM KM 30/700 TO KM 55/000
N24001528,,,ROAD TRANSPORT AND HIGHWAYS,onsched_orig,2022-01,194.88,,194.88,104.69,2024-12,,2024-12,,,,WIDENING OF PACHPADRA-BAGUNDI FROM KM 73/60 TO 95/70 OF NH-25
N24001460,,,ROAD TRANSPORT AND HIGHWAYS,onsched_orig,2021-12,170.6,,170.6,153.04,2024-09,,2024-09,,,,CONSTRUCTION OF LANE ELEVATED MUNSHI PULIA OF NH-24A
N24001997,,,ROAD TRANSPORT AND HIGHWAYS,onsched_orig,2022-10,189.31,,189.31,46.36,2025-05,,2025-05,,,,CONSTRUCTION OF SHOHRATGARH UNDER EPC MODE IN THE STATE
N24001530,,,ROAD TRANSPORT AND HIGHWAYS,onsched_orig,2021-12,150.11,,150.11,56.33,2024-09,,2024-09,,,,UPGRADATION TO TWO LANE PAVED KOTHUN-LALSOT-KAROLI-DHOLPUR 11B) IN TH
N24001892,,,ROAD TRANSPORT AND HIGHWAYS,onsched_orig,2023-02,245.61,,245.61,43.39,2024-12,,2024-12,,,,REHABILITATION AND UPGRADATION JUNCTION TO SHIVAJI CHOWK 130+00 TO
N24001959,,,ROAD TRANSPORT AND HIGHWAYS,onsched_orig,2022-03,839.98,,839.98,173.32,2025-09,,2025-09,,,,LANE FROM KM TO KM JUNCTION TO GORANTLA OF NH 716G
N24002115,,,ROAD TRANSPORT AND HIGHWAYS,onsched_orig,2023-03,438.24,,438.24,151.35,2025-08,,2025-08,,,,CONSTRUCTION OF MARIAHU PAVED SHOULDER CONFIGURATION KM.59.200)
N24001531,,,ROAD TRANSPORT AND HIGHWAYS,onsched_orig,2022-03,304.87,,304.87,289.31,2024-08,,2024-08,,,,UPGRADATION AND REHABILITATION PAVED SHOULDER OF BARMER KM 0
N24001868,,,ROAD TRANSPORT AND HIGHWAYS,onsched_orig,2022-03,187.65,,187.65,66.57,2025-08,,2025-08,,,,Sagwara Bypass and Garhi- Partapur 927A in the State of Rajasthan.
N24002007,,,ROAD TRANSPORT AND HIGHWAYS,onsched_orig,2022-03,886.69,,886.69,90.46,2025-07,,2025-07,,,,WIDENING TO TWO LANE WITH 0/000 TO KM 79/300 OF KALWAKURTHY
N24002133,,,ROAD TRANSPORT AND HIGHWAYS,onsched_orig,2021-03,178.63,,178.63,34.1,2025-03,,2025-03,,,,IMPROVEMENT OF LANE WITH STRETCH FROM BIKRAMGANJ NAWANAGR -DUM
N24001297,,,ROAD TRANSPORT AND HIGHWAYS,onsched_orig,2019-03,450.65,,450.65,361.48,2027-03,,2027-03,,,,CONSTRUCTION OF LANE ROAD SECTION OF NH FROM KM
N24002120,,,ROAD TRANSPORT AND HIGHWAYS,onsched_orig,2023-02,274.06,,274.06,41.24,2025-09,,2025-09,,,,CONSTRUCTION OF JASRA BYPASS SHOULDER CONFIGURATION FROM
N24002012,,,ROAD TRANSPORT AND HIGHWAYS,onsched_orig,2023-03,718.52,,718.52,,2025-03,,2025-03,,,,WIDENING TO TWO LANE WITH TO KM (EXISTING CHAINAGES)
N24001963,,,ROAD TRANSPORT AND HIGHWAYS,onsched_orig,2021-12,305.12,,305.12,73.56,2024-10,,2024-10,,,,UPGRADATION OF NASRULLAGANI-REHTI-BUDHNI TO 2-LANE WITH PAVED SHOULDER
N24001925,,,ROAD TRANSPORT AND HIGHWAYS,onsched_orig,2022-03,423.18,,423.18,0.11,2025-08,,2025-08,,,,WIDENING AND STRENGTHENING/RECONSTRUCTION TWO LANE WITH PAVED SHOULDER/ SHOUL
N24002019,,,ROAD TRANSPORT AND HIGHWAYS,onsched_orig,2022-01,329.14,319.0,319.09,87.66,2025-09,,2025-09,,,,UPGRADATION OF DINDORI-SAGARTOLA-KABICHABUTRA (MP-CG BORDER) SECTION OF
N24001866,,,ROAD TRANSPORT AND HIGHWAYS,onsched_orig,2022-03,186.29,,186.29,142.69,2024-08,,2024-08,,,,"CONSTRUCTION OF TWO LANE FATEHPUR BYPASS, MANDAWA BYPAS"
N24001858,,,ROAD TRANSPORT AND HIGHWAYS,onsched_orig,2022-03,499.79,,499.79,218.62,2025-06,2025-06,2025-06,,,,WIDENING AND STRENGTHENING KANDARPUR-BALIKUDA FROM
N24001946,,,ROAD TRANSPORT AND HIGHWAYS,onsched_orig,2022-11,218.93,,218.93,,2024-11,,2024-11,,,,"WIDENING TO LANES WITH PAVED TO 27.270, TO 41.900,"
N24001951,,,ROAD TRANSPORT AND HIGHWAYS,onsched_orig,2022-01,403.22,,403.22,262.08,2025-01,,2025-01,,,,NH167AD FROM MACHERLA TO TO 43.659 TO 2LPS
N24001884,,,ROAD TRANSPORT AND HIGHWAYS,onsched_orig,2023-03,428.8,,428.8,54.11,2025-05,,2025-05,,,,REHABILITATION AND UPGRADATION MANGRUL (CHANDWAD) SECTION KM 64.0
N24001860,,,ROAD TRANSPORT AND HIGHWAYS,onsched_orig,2022-01,300.33,,300.33,159.82,2025-04,2025-04,2025-04,,,,CONSTRUCTION OF BYPASS TO TO OF NH-57 INCLUDING
N24001869,,,ROAD TRANSPORT AND HIGHWAYS,onsched_orig,2022-12,235.15,,235.15,92.29,2025-08,,2025-08,,,,UPGRADATION AND REHABILITATION PAVED SHOULDER OF GHAGARIYA- FROM KM
N24001957,,,ROAD TRANSPORT AND HIGHWAYS,onsched_orig,2020-08,349.29,,349.29,138.22,2024-07,,2024-07,,,,2LPS OF KOYYURU TO CHAPRATHIPALEM 516E
N24001954,,,ROAD TRANSPORT AND HIGHWAYS,onsched_orig,2022-03,568.12,,568.12,255.54,2025-01,,2025-01,,,,WIDENING TO 2LPS OF RAMPACHODAVARAM SECTION OF NH516E FROM KM.43.700
N24002031,,,ROAD TRANSPORT AND HIGHWAYS,onsched_orig,2021-12,840.93,,840.93,337.24,2026-02,,2026-02,,,,CONSTRUCTION OF TWO LANE FROM EXISTING KM.0.000 TO KM.55.610
N24001934,,,ROAD TRANSPORT AND HIGHWAYS,onsched_orig,2021-12,439.82,,439.82,193.63,2024-05,,2024-05,,,,NH440 RAYACHOTY TOVEMPALLI
N24001375,,,ROAD TRANSPORT AND HIGHWAYS,onsched_orig,,,,,,,,,,,,FROM KM 40+430 TO KM 51+735
N24001465,,,ROAD TRANSPORT AND HIGHWAYS,onsched_orig,2020-06,252.19,,252.19,0.28,2024-09,2024-09,2024-09,,,,WIDENING OF EXISTING SINGLE ROAD TO LANE FROM KM
N24001955,,,ROAD TRANSPORT AND HIGHWAYS,onsched_orig,2022-03,317.22,,317.22,67.67,2025-05,,2025-05,,,,GUDIWADA TOWN LANE ROB NH165 IN REPLACEMENT OF LC
N24002020,,,ROAD TRANSPORT AND HIGHWAYS,onsched_orig,2022-03,158.36,158.0,158.36,29.79,2025-10,,2025-10,,,,"CONSTRUCTION OF KAITHI-PADARIA TAMOLI BYPASS, JASO BYPASS"
N24001880,,,ROAD TRANSPORT AND HIGHWAYS,onsched_orig,2022-03,778.18,,778.18,135.78,2025-07,,2025-07,,,,REHABILITATION AND UP-GRADATION PAVED SHOULDER CONFIGURATION
N24002016,,,ROAD TRANSPORT AND HIGHWAYS,onsched_orig,2022-10,225.17,,225.17,66.47,2025-06,,2025-06,,,,CONSTRUCTION OF PRATAPGARH CONNECTING NH-31 TO NH-330
N24001376,,,ROAD TRANSPORT AND HIGHWAYS,onsched_orig,2021-03,182.55,,182.55,119.02,2027-03,,2027-03,,,,WIDENING OF EXISTING ROAD SHOULDER FROM HUKANJURI 315A
N24001447,,,ROAD TRANSPORT AND HIGHWAYS,onsched_orig,2020-08,371.93,,371.93,30.75,2024-12,,2024-12,,,,REHABILITATION AND UPGRADATION CONFIGURATION OF HAMIRPUR-KARNOHAL 141.000 TO K
N24002029,,,ROAD TRANSPORT AND HIGHWAYS,onsched_orig,2022-03,917.91,,917.91,423.34,2026-01,,2026-01,,,,WIDENING TO FOUR LANE WITH DESIGN KM.49.200 TO KM.89.285
N24001879,,,ROAD TRANSPORT AND HIGHWAYS,onsched_orig,2022-03,295.24,,295.24,10.89,2025-07,,2025-07,,,,CONSTRUCTION OF PROPOSED NH-19 IN THE STATE OF BIHAR
N24001942,,,ROAD TRANSPORT AND HIGHWAYS,onsched_orig,2021-03,423.67,,423.67,159.74,2024-07,,2024-07,,,,2LPS FROM KM36.400 TO KM. DUTTALUR TO KAVALI SECTION
N24001877,,,ROAD TRANSPORT AND HIGHWAYS,onsched_orig,2020-07,1110.23,,1110.23,95.02,2027-05,,2027-05,,,,CONSTRUCTION OF NEW 4-LANE EXISTING VIKRAMASHILA SETU)FROM 13+375
N24001864,,,ROAD TRANSPORT AND HIGHWAYS,onsched_orig,2021-11,154.49,,154.49,38.03,2025-06,,2025-06,,,,CONSTRUCTION OF FOUR LANE IN LIEU OF EXISTING LEVEL CROSSING
N24001950,,,ROAD TRANSPORT AND HIGHWAYS,onsched_orig,2021-03,369.81,,369.81,136.23,2025-02,,2025-02,,,,NH167B FROM KM.143.320 MALAKONDA SINGARAYAKONDA ON NH TO SHOULDERS
N24001947,,,ROAD TRANSPORT AND HIGHWAYS,onsched_orig,2023-02,177.94,,177.94,,2025-02,,2025-02,,,,WIDENING TO EXISTING LANE LANE WITH PAVED SHOULDER
N24002008,,,ROAD TRANSPORT AND HIGHWAYS,onsched_orig,2022-01,578.85,,578.85,172.76,2024-12,,2024-12,,,,WIDENING TO LANE WITH PAVED SIDDIPET-ELKATHURTHY SECTION 133/6
N24002116,,,ROAD TRANSPORT AND HIGHWAYS,onsched_orig,2022-01,343.54,,343.54,28.4,2025-08,,2025-08,,,,REHABILITATION AND UPGRADATION OF NH-321G (NUHKHAS
N24001867,,,ROAD TRANSPORT AND HIGHWAYS,onsched_orig,2022-03,174.34,,174.34,104.08,2024-07,,2024-07,,,,UPGRADATION OF TWO LANE PAVED SHAHPURA TO THANAGAZI OF STAT
N24001882,,,ROAD TRANSPORT AND HIGHWAYS,onsched_orig,2022-03,496.64,,496.64,,2024-10,,2024-10,,,,CONSTRUCTION OF NEW FOUR CITY (PARWA TO ASOLA) KM 463/265
N24001958,,,ROAD TRANSPORT AND HIGHWAYS,onsched_orig,2020-08,311.22,,311.22,100.84,2024-10,,2024-10,,,,2LPS OF CHAPRATHIPALEM TO 516E
N24001920,,,ROAD TRANSPORT AND HIGHWAYS,onsched_orig,2021-03,218.57,,218.57,79.94,2024-09,,2024-09,,,,UPGRADATION OF NH 130A MUNGELI 51.600 TO KM. 77.870 KM. 80.970 TO 96.970 TO 2
N24001941,,,ROAD TRANSPORT AND HIGHWAYS,onsched_orig,2023-01,350.69,,350.69,,2025-01,,2025-01,,,,WIDENING TO LANE FROM KM. CHAINAGE KM. TO 155.145)
N24001962,,,ROAD TRANSPORT AND HIGHWAYS,onsched_orig,2022-03,179.19,,179.19,75.37,2024-12,,2024-12,,,,"CONSTRUCTION OF MIHONA BYPASS, DABOH BYPASS and BHANDER KM)"
N24001952,,,ROAD TRANSPORT AND HIGHWAYS,onsched_orig,2022-03,285.5,,285.5,85.84,2025-08,,2025-08,,,,NH B KADAPA NELLORE BORDER KM 58.635 TO KM 99.409
N24002011,,,ROAD TRANSPORT AND HIGHWAYS,onsched_orig,2021-12,516.96,,516.96,,2024-06,,2024-06,,,,BALANCE WORK OF CONSTRUCTION WITH PAVED SHOULDER FROM CHITR
N24001933,,,ROAD TRANSPORT AND HIGHWAYS,onsched_orig,2021-12,480.1,,480.1,443.87,2024-12,,2024-12,,,,MULAKALACHERUVU TO MADANAPALLE FROM KM TO KM
N24002121,,,ROAD TRANSPORT AND HIGHWAYS,onsched_orig,2022-01,509.65,,509.65,109.01,2025-09,,2025-09,,,,IMPROVEMENT AND UP-GRADATION PAVED SHOULDER CONFIGURATION 420.00
N24001840,,,ROAD TRANSPORT AND HIGHWAYS,onsched_orig,2022-03,535.03,,535.03,,2025-04,,2025-04,,,,CONSTRUCTION OF MANGALDOI AT CH 26+400 AND TERMINATING
N24001909,,,ROAD TRANSPORT AND HIGHWAYS,onsched_orig,2021-11,157.72,,157.72,55.38,2024-06,,2024-06,,,,"STRENGTHING AND WIDINING TO M IN KM, 156/160 TO 229/160"
N24001902,,,ROAD TRANSPORT AND HIGHWAYS,onsched_orig,2022-12,213.32,,213.32,20.0,2024-09,,2024-09,,,,REHABILITATION AND UP-GRADATION ASHTI SECTION FROM KM 37+900
N24001886,,,ROAD TRANSPORT AND HIGHWAYS,onsched_orig,2022-10,304.68,,304.68,97.09,2024-08,,2024-08,,,,DEVELOPMENT/WIDENING OF SHIKRAPUR – NHAVARA SECTION TO CHOU
N24001865,,,ROAD TRANSPORT AND HIGHWAYS,onsched_orig,2021-12,324.09,,324.09,66.7,2025-05,2025-05,2025-05,,,,CONSTRUCTION OF LANE ROB OF LC NO. RV-172 AT KM
N24002131,,,ROAD TRANSPORT AND HIGHWAYS,onsched_orig,2023-03,578.98,,578.98,,2026-02,,2026-02,,,,UKHRUL TOLOI TADUBI PKG-2
N24002132,,,ROAD TRANSPORT AND HIGHWAYS,onsched_orig,2023-03,2026.05,,2026.05,,2027-03,,2027-03,,,,LANE WITH PAVED SHOULDER (WESTERN SIDE) CONNECTING
N24001970,,,ROAD TRANSPORT AND HIGHWAYS,onsched_orig,2023-03,860.37,,860.37,235.45,2025-08,,2025-08,,,,WIDENING AND UPGRADATION SHOULDERS ROAD FROM TAMENGLONG IN
N24001914,,,ROAD TRANSPORT AND HIGHWAYS,onsched_orig,2023-05,195.95,,195.95,,2024-11,,2024-11,,,,IMPROVEMENT AND WIDENING PAVED SHOULDER FROM UDAIPUR
N24002026,,,ROAD TRANSPORT AND HIGHWAYS,onsched_orig,2023-03,643.42,,643.42,64.03,2025-12,,2025-12,,,,LANE WITH PAVED SHOULDER GAON) TO KM 47+682 (LEDO) ON
N24001974,,,ROAD TRANSPORT AND HIGHWAYS,onsched_orig,2021-09,315.56,,315.56,33.31,2025-01,,2025-01,,,,CONSTRUCTION OF 2-LANING OF UKHRUL TOLOI TADUBI SECTION
N24001475,,,ROAD TRANSPORT AND HIGHWAYS,onsched_orig,2022-03,605.36,,605.36,172.28,2024-12,,2024-12,,,,CONSTRUCTION OF LANE WITH DESIGN CHAINAGE KM
N24001832,,,ROAD TRANSPORT AND HIGHWAYS,onsched_orig,2023-01,458.59,,458.59,110.19,2025-05,,2025-05,,,,DIBRUGARH-LAHOAL-CHABUA
N24001833,,,ROAD TRANSPORT AND HIGHWAYS,onsched_orig,2022-07,198.28,,198.28,42.85,2025-03,,2025-03,,,,JAMMU AKHNOOR SECTION OF
N24001256,,,ROAD TRANSPORT AND HIGHWAYS,onsched_orig,2020-08,6808.69,,6808.69,3013.84,2026-09,,2026-09,,,,CONSTRUCTION OF (I) CONNECTING TUNNEL TO ZOJILA TUNNEL AND
N24001542,,,ROAD TRANSPORT AND HIGHWAYS,onsched_orig,2022-02,456.88,,456.88,90.15,2025-01,,2025-01,,,,LANING FROM MANU-SIMLUNG
N24001976,,,ROAD TRANSPORT AND HIGHWAYS,onsched_orig,2022-12,430.24,,430.24,23.38,2026-02,,2026-02,,,,WIDENING TO LANE WITH HARD AVANGKHU SECTION OF NH-202K CH
N24002022,,,ROAD TRANSPORT AND HIGHWAYS,onsched_orig,2023-03,1000.27,,1000.27,192.38,2026-06,,2026-06,,,,BILASIPURA-GUWAHATI ROAD
N24002023,,,ROAD TRANSPORT AND HIGHWAYS,onsched_orig,2023-03,1264.9,,1264.9,245.59,2026-06,,2026-06,,,,BILASIPURA-GUWAHATI ROAD
N24002127,,,ROAD TRANSPORT AND HIGHWAYS,onsched_orig,2023-02,1256.9,,1256.9,,2026-07,,2026-07,,,,SILCHAR VAIRENGTE SAIRANG
N24001973,,,ROAD TRANSPORT AND HIGHWAYS,onsched_orig,2023-03,562.05,,562.05,117.62,2026-02,,2026-02,,,,WIDENING/IMPROVEMENT TO 4-LANE SHOULDER FROM KM 27+701 (SIMEN 55+000 (NAG
N24002021,,,ROAD TRANSPORT AND HIGHWAYS,onsched_orig,2023-03,1457.59,,1457.59,209.21,2026-12,,2026-12,,,,BILASIPURA-GUWAHATI ROAD
N24001326,,,ROAD TRANSPORT AND HIGHWAYS,onsched_orig,2020-11,4997.04,,4997.04,1924.72,2028-09,,2028-09,,,,4-L DHUBRI PHULBARI BRIDGE
N24002025,,,ROAD TRANSPORT AND HIGHWAYS,onsched_orig,2023-01,356.65,,356.65,103.86,2025-12,,2025-12,,,,LANE WITH PAVED SHOULDER (BOGAPANI) TO KM 27+150 (GOLAI DIBRUGARH
N24001912,,,ROAD TRANSPORT AND HIGHWAYS,onsched_orig,2021-02,177.77,,199.02,7.98,2025-06,,2025-06,,,,PEREN-DIMAPUR PKG-3
N24001977,,,ROAD TRANSPORT AND HIGHWAYS,onsched_orig,2022-12,442.54,,442.54,7.11,2026-02,,2026-02,,,,WIDENING TO LANE WITH HARD AVANGKHU SECTION OF NH-202K
N24002129,,,ROAD TRANSPORT AND HIGHWAYS,onsched_orig,2023-02,574.26,,574.26,,2026-08,,2026-08,,,,FOUR LANNING OF BADARPUR CHAINAGE KM 27+300 AT CROSSING
N24001540,,,ROAD TRANSPORT AND HIGHWAYS,onsched_orig,2022-03,152.11,,152.11,35.66,2025-02,,2025-02,,,,AKASH BRIDGE JESSAMI SECTION
N24001543,,,ROAD TRANSPORT AND HIGHWAYS,onsched_orig,2022-07,245.34,,245.34,37.06,2025-01,,2025-01,,,,FOUR LANING OF JAMMU-AKHNOOR
N24001978,,,ROAD TRANSPORT AND HIGHWAYS,onsched_orig,2022-12,497.18,,497.18,31.67,2026-02,,2026-02,,,,WIDENING TO LANE WITH HARD AVANGKHU SECTION OF NH-202K
N24002128,,,ROAD TRANSPORT AND HIGHWAYS,onsched_orig,2023-03,1716.21,,1716.21,,2026-08,,2026-08,,,,SILCHAR VAIRENGTE SAIRANG
N24001544,,,ROAD TRANSPORT AND HIGHWAYS,onsched_orig,2022-03,909.02,,909.02,342.08,2025-01,,2025-01,,,,FOUR LANING OF SRIRAMPUR-DHUBRI
N24001969,,,ROAD TRANSPORT AND HIGHWAYS,onsched_orig,2023-03,904.04,,904.04,252.66,2025-08,,2025-08,,,,WIDENING AND UPGRADATION SHOULDERS ROAD FROM TAMENGLONG I
N24001972,,,ROAD TRANSPORT AND HIGHWAYS,onsched_orig,2023-03,609.16,,609.16,129.87,2026-04,,2026-04,,,,WIDENING/IMPROVEMENT TO 4-LANE SHOULDER FROM KM 0+800 (KANDULIJAN 27+701 (SI
N24001971,,,ROAD TRANSPORT AND HIGHWAYS,onsched_orig,2023-03,890.33,,890.33,284.37,2025-08,,2025-08,,,,WIDENING AND UPGRADATION SHOULDERS ROAD FROM TAMENGLONG IN
N24002028,,,ROAD TRANSPORT AND HIGHWAYS,onsched_orig,2023-01,760.16,,760.16,51.71,2025-12,,2025-12,,,,LMPHAL TO JIRIBAM PKG-7
N24002024,,,ROAD TRANSPORT AND HIGHWAYS,onsched_orig,2023-01,516.88,,516.88,99.57,2025-11,,2025-11,,,,DABOKA BYPASS OF DABOKA
N24002130,,,ROAD TRANSPORT AND HIGHWAYS,onsched_orig,2023-12,846.82,,846.82,,2026-03,,2026-03,,,,TAMENGLONG- MAHUR ROAD
N24001432,,,ROAD TRANSPORT AND HIGHWAYS,onsched_orig,2021-12,300.0,,300.0,294.62,2024-08,2024-08,2024-08,,,,"6L FLYOVER AT BORAGAON, GORCHUK, BASISTHA JUNCTION ON GUWAHATI KM 146"
N24002122,,,ROAD TRANSPORT AND HIGHWAYS,onsched_orig,2024-02,813.66,,813.66,11.72,2026-02,,2026-02,,,,6L ACCESS CONTROLLED GREENFIELD NARAYANMPET (CH. 203+500) TO (CH. 22
N24001759,,,ROAD TRANSPORT AND HIGHWAYS,onsched_orig,2020-01,909.84,,909.84,383.81,2024-06,,2024-06,,,,4L OF CHANDESARA TO KHEDAKHAJURIYA TO (-) AND KM TO KM
N24002061,,,ROAD TRANSPORT AND HIGHWAYS,onsched_orig,2022-08,2474.47,,2675.93,578.62,2025-06,,2025-06,,,,4/6L ACCESS CONTROL EXPRESSWAY CHAINAGE KM TO SECTIO
N24002092,,,ROAD TRANSPORT AND HIGHWAYS,onsched_orig,2021-03,1801.37,,1801.37,653.74,2025-10,,2025-10,,,,6-LANE AMRITSAR-BATHINDA GREENFIELD 754A FROM JUNCTION WITH MOGA
N24001823,,,ROAD TRANSPORT AND HIGHWAYS,onsched_orig,2022-01,1852.12,,1787.0,471.8,2025-01,2023-01,2025-01,,,,4L OF MADANAPALLE TO PILERU KM OF NH-71(PACKAGE-I)
N24002017,,,ROAD TRANSPORT AND HIGHWAYS,onsched_orig,2022-03,1307.16,,1307.16,65.25,2025-10,,2025-10,,,,DEVELOPMENT OF SIX LANE BASANWAHI-MARANGPURI NH CD FROM KM.99+500 TO
N24001981,,,ROAD TRANSPORT AND HIGHWAYS,onsched_orig,2022-07,1398.84,,1398.84,58.68,2025-10,,2025-10,,,,CONSTRUCTION OF SIX LANING TURPUKANUPUR SECTION FROM
N24001990,05/2025,,ROAD TRANSPORT AND HIGHWAYS,onsched_orig,2022-06,524.54,,683.26,74.74,2025-05,2025-05,2025-05,,,,4L POANTA SAHEB–MEDNIPUR 458.65 OF NH-07(PKG-1)
N24001656,,,ROAD TRANSPORT AND HIGHWAYS,onsched_orig,2021-06,2595.0,,3994.6,2916.74,2025-03,,2025-03,,,,SIX LANING FROM THALIKULAM OF NH – (OLD NH-17) FROM
N24001820,,,ROAD TRANSPORT AND HIGHWAYS,onsched_orig,2021-02,1484.83,,1768.0,824.83,2024-12,,2024-12,,,,6L OF VARADHARAJULA TO KUMARAJAPET TO KM 43.800 OF NH-716B (PKG-I)
N24001851,,,ROAD TRANSPORT AND HIGHWAYS,onsched_orig,2022-01,1738.2,,1738.2,702.75,2025-03,,2025-03,,,,4L FROM MATHURA BYPASS (START) OF NH-44 TO GAJU VILLAGE AT
N24002054,1,,ROAD TRANSPORT AND HIGHWAYS,onsched_orig,2022-10,1390.77,1391.0,1600.0,130.88,2025-11,,2025-11,,,,FOUR LANING OF BHOGU TO SANKHA KM 196.870 ON NH-75 PKG SEC-III
N24002038,,,ROAD TRANSPORT AND HIGHWAYS,onsched_orig,2022-11,1691.45,1998.0,1998.0,590.37,2025-08,,2025-08,,,,CONSTRUCTION OF 6-LANE GREENFIELD STARTING FROM NH-44 NEAR VILLAGE
N24001846,,,ROAD TRANSPORT AND HIGHWAYS,onsched_orig,2023-02,1200.42,,1200.42,57.34,2025-10,,2025-10,,,,6L ACCESS CONTROLLED GREENFIELD YERRAGUDIPADU KM. KM.
N24002111,12/2025,,ROAD TRANSPORT AND HIGHWAYS,onsched_orig,2019-02,825.94,,1116.13,51.76,2025-12,2025-12,2025-12,,,,FOUR LANING OF MUGAIYUR TO NH-332A FROM KM 31.000 TO KM 62.000
N24001835,,,ROAD TRANSPORT AND HIGHWAYS,onsched_orig,2023-05,986.0,,986.0,320.65,2025-05,,2025-05,,,,4L OF RATNAGIRI KOLHAPUR KM 145.300 OF NH-166 (PKG–III)
N24001812,,,ROAD TRANSPORT AND HIGHWAYS,onsched_orig,2021-03,1002.11,,1361.79,159.19,2024-05,,2024-05,,,,4L OF HP/PUNJAB BO4L OF HP/PUNJAB KM. TO KM. OF OLD
N24002124,,,ROAD TRANSPORT AND HIGHWAYS,onsched_orig,2024-02,747.29,,747.29,42.83,2026-02,,2026-02,,,,6L ACCESS CONTROLLED GREENFIELD POLAVARAM (CH. 260+000) TO
N24002052,,,ROAD TRANSPORT AND HIGHWAYS,onsched_orig,2022-02,1146.19,,1146.19,841.69,2025-04,,2025-04,,,,REHABILITATION AND UP-GRADATION 2L PS FROM END OF HAMIRPUR
N24002103,,,ROAD TRANSPORT AND HIGHWAYS,onsched_orig,2022-09,166.52,,166.52,43.74,2025-01,,2025-01,,,,COMPLETION OF BALANCE WORKS PIECES (INCOMPLETE STRETCH LISTED
N24001967,,,ROAD TRANSPORT AND HIGHWAYS,onsched_orig,2018-11,521.21,,521.21,52.23,2025-10,,2025-10,,,,4L GREENFIELD RUDHI TO DESHGAON KHANDWA/DESHGAON) N/04015/06003/MP
N24001795,,,ROAD TRANSPORT AND HIGHWAYS,onsched_orig,2022-10,490.4,,289.0,191.13,2024-07,,2024-07,,,,FOUR LANING OF AURANGABAD-PAITHAN 752E ON EPC MODE IN THE STATE
N24002089,,,ROAD TRANSPORT AND HIGHWAYS,onsched_orig,2022-10,617.87,,617.87,21.73,2025-06,,2025-06,,,,CONSTRUCTION OF FOUR LANE BALLIA UP BIHAR STATE BORDER N
N24001548,,,ROAD TRANSPORT AND HIGHWAYS,onsched_orig,2022-03,457.72,,457.72,216.55,2024-06,,2024-06,,,,"6L STANDALONE FLYOVERS AT PATHSALA, SIMLAGURI CHOWK JUNCTI"
N24002086,,,ROAD TRANSPORT AND HIGHWAYS,onsched_orig,2022-10,1706.47,,1706.47,571.79,2025-07,,2025-07,,,,CONSTRUCTION OF FOUR LANE BALLIA UP BIHAR STATE BORDER
N24001703,,,ROAD TRANSPORT AND HIGHWAYS,onsched_orig,2022-02,786.81,787.0,787.0,,2025-05,,2025-05,,,,L OF AURANGABAD TO BIHAR-JHARKHAND (CHORDAHA) SECTION FROM KM. N
N24002059,,,ROAD TRANSPORT AND HIGHWAYS,onsched_orig,2022-09,1183.6,,1183.6,71.42,2026-06,,2026-06,,,,2L NH-1 FROM KM TO KM TO 4L DUAL CARRIAGEWAY NH
N24002084,,,ROAD TRANSPORT AND HIGHWAYS,onsched_orig,2022-03,1076.97,,1076.97,267.12,2025-02,,2025-02,,,,4L OF THIRUMANGALAM TO VADUGAPATTI KM 0.000 TO KM 36.000 OF NH-744
N24001733,,,ROAD TRANSPORT AND HIGHWAYS,onsched_orig,2022-03,1602.48,,1602.48,300.41,2024-08,,2024-08,,,,6L ACCESS CONTROLLED GREENFIELD JUNCTION OF EPE (VILL.-MAVIKALAN) FROM K
N24001926,,,ROAD TRANSPORT AND HIGHWAYS,onsched_orig,2023-03,939.86,,939.86,177.75,2025-06,,2025-06,,,,CONSTRUCTION OF TWIN TUBE KASHMIR RING ROAD (NH-244A) 50+600 TO
N24001631,,,ROAD TRANSPORT AND HIGHWAYS,onsched_orig,2021-03,1525.31,,1525.31,245.0,2024-10,,2024-10,,,,6L OF IT CITY CHOWK TO KURALI
N24001621,,,ROAD TRANSPORT AND HIGHWAYS,onsched_orig,2021-07,614.48,,614.48,121.18,2024-08,2024-08,2024-08,,,,4L OF KM.165.092 TO KM.171.855 KM.166.895 TO KM.173.638 (SOUTH
N24001559,,,ROAD TRANSPORT AND HIGHWAYS,onsched_orig,2021-09,672.35,,672.35,345.31,2024-06,,2024-06,,,,2L PS SRIGANGANAGAR TO RAISINGHNAGAR CHAINAGE -0.500 KM TO DESIGN (PACK
N24001771,,,ROAD TRANSPORT AND HIGHWAYS,onsched_orig,2020-06,1479.22,,1479.22,1491.26,2024-12,,2024-12,,,,SIX LANE ACCESS CONTROLLED HIGHWAY FROM AKSHARDHAM BOR
N24002109,,,ROAD TRANSPORT AND HIGHWAYS,onsched_orig,2023-03,1301.37,,1301.37,,2026-05,,2026-05,,,,CONSTRUCTION OF NEW DOUBLE CORRIDOR FROM CHENNAI PORT CHENNAI DIS
N24002110,,,ROAD TRANSPORT AND HIGHWAYS,onsched_orig,2023-03,1207.4,,1207.4,,2026-05,,2026-05,,,,CONSTRUCTION OF NEW DOUBLE CORRIDOR FROM CHENNAI PORT CHENNAI DIS
N24002100,,,ROAD TRANSPORT AND HIGHWAYS,onsched_orig,2021-10,1003.38,,1003.38,199.03,2025-06,,2025-06,,,,4L OF EXISTING BEAS – BABA BAKALA SECTION FROM START OF BATALA
N24002071,,,ROAD TRANSPORT AND HIGHWAYS,onsched_orig,2023-03,998.27,,998.27,58.53,2026-06,,2026-06,,,,4L OF INDORA CHOWK TO PACHPAOLI ASHOKA CHOWK
N24001736,,,ROAD TRANSPORT AND HIGHWAYS,onsched_orig,2022-01,1159.96,,1159.96,493.94,2024-08,,2024-08,,,,6L ACCESS CONTROL GREENFIELD KARAUNDA MAHAJAN TO VILL-KHYAWARI TO K
N24001677,,,ROAD TRANSPORT AND HIGHWAYS,onsched_orig,2022-11,226.76,,226.76,14.68,2024-05,2024-05,2024-05,,,,BALANCE WORK OF 2L PS FROM WITH RIGID CARRIAGEWAY FROM
N24002072,,,ROAD TRANSPORT AND HIGHWAYS,onsched_orig,2022-07,150.21,,150.21,7.11,2025-10,,2025-10,,,,IMPROVEMENT OF EXISTING ALIGNMENT TOWN PART BYPASSED SECTION VITT
N24002105,,,ROAD TRANSPORT AND HIGHWAYS,onsched_orig,2023-08,1378.36,,739.0,11.58,2026-06,,2026-06,,,,CONSTRUCTION OF NEW LANE BYPASS (PHASE-I) FROM DESIGN VI
N24001648,,,ROAD TRANSPORT AND HIGHWAYS,onsched_orig,2022-08,2429.52,,2429.52,406.39,2026-01,,2026-01,,,,CONSTRUCTION OF LANE ELEVATED WITH DEVELOPMENT OF EXISTING LE
N24001641,,,ROAD TRANSPORT AND HIGHWAYS,onsched_orig,2021-03,1641.75,,1641.75,164.43,2024-10,,2024-10,,,,DELHI AMRITSAR KATRA EXPRESSWAY FROM JUNCTION WITH AMRITSAR NEAR
N24002097,,,ROAD TRANSPORT AND HIGHWAYS,onsched_orig,2023-02,526.45,,526.45,78.65,2025-09,,2025-09,,,,STRENGTHENING OF EXISTING SECTION FROM DESIGN KM.121.600 (
N24001852,,,ROAD TRANSPORT AND HIGHWAYS,onsched_orig,2021-10,957.62,,957.62,571.82,2025-02,,2025-02,,,,6L OF AGRA BYPASS (NORTHERN) OF NH-2 (NEW NH-19) TO KM.
N24001991,,,ROAD TRANSPORT AND HIGHWAYS,onsched_orig,2022-05,314.31,,314.31,121.75,2024-09,,2024-09,,,,ACCESS ROAD/BRIDGE CONNECTIVITY KM.40 NEAR JAGBUDA BRIDGE
N24002069,,,ROAD TRANSPORT AND HIGHWAYS,onsched_orig,2022-07,209.29,,209.29,86.1,2024-12,,2024-12,,,,CONSTRUCTION OF ADDITIONAL SHOULDER (DESIGN LENGTH BAKA
N24001766,,,ROAD TRANSPORT AND HIGHWAYS,onsched_orig,2022-01,1011.29,,1011.29,121.99,2024-10,,2024-10,,,,INDORE HARDA (PKG-I) [INDORE KM. 0.25 TO KM. 26.903]
N24001810,,,ROAD TRANSPORT AND HIGHWAYS,onsched_orig,2022-02,190.6,,163.0,103.48,2024-06,,2024-06,,,,4L SUNDER NAGAR BYPASS FROM OF NH-21 IN THE STATE OF HP
N24001989,,,ROAD TRANSPORT AND HIGHWAYS,onsched_orig,2023-03,830.28,,830.28,348.55,2025-05,,2025-05,,,,FOUR LANING OF LEFT OVER WORKS KARNATAKA/ AP BORDER FROM
N24001761,,,ROAD TRANSPORT AND HIGHWAYS,onsched_orig,2023-02,520.28,,520.28,309.38,2025-02,,2025-02,,,,4L OF HARDA BETUL (PKG-II) [TEMAGAON TO CHICHOLI]
N24002104,,,ROAD TRANSPORT AND HIGHWAYS,onsched_orig,2023-01,1754.0,,1754.0,180.55,2026-06,,2026-06,,,,CONSTRUCTION OF RING ROAD KM.000 TO KM. (CHACHENDI MAHARAJPU
N24002082,,,ROAD TRANSPORT AND HIGHWAYS,onsched_orig,2022-02,541.58,,541.58,20.82,2024-09,,2024-09,,,,IMPROVEMENT OF GEOMETRICS KOTHUR FROM KM TO KM
N24001735,,,ROAD TRANSPORT AND HIGHWAYS,onsched_orig,2022-03,1428.19,,1428.19,368.73,2024-08,,2024-08,,,,6L ACCESS CONTROL GREENFIELD KHYAWARI TO VILL-LATIFPUR AT FROM KM
N24002087,,,ROAD TRANSPORT AND HIGHWAYS,onsched_orig,2022-10,1493.14,,1493.14,0.76,2025-10,,2025-10,,,,CONSTRUCTION OF FOUR LANE BALLIA UP BIHAR STATE BORDER
N24001546,,,ROAD TRANSPORT AND HIGHWAYS,onsched_orig,2023-01,1025.2,,1025.2,619.09,2025-01,,2025-01,,,,6L OF KAGAL-SATARA SECTION 658.000 OF NH-48 (PKG-I)
N24001692,,,ROAD TRANSPORT AND HIGHWAYS,onsched_orig,2022-01,467.99,,468.0,18.83,2024-09,,2024-09,,,,BALANCE WORKS OF FOUR LANE (THIRUVALLUR BYPASS) TO KM BYPASS) PAS
N24001813,,,ROAD TRANSPORT AND HIGHWAYS,onsched_orig,2021-07,1692.05,,1692.05,942.14,2024-09,,2024-09,,,,4L OF END OF PINJORE BYPASS SECTION (KM. TO KM. 35.370)
N24001754,,,ROAD TRANSPORT AND HIGHWAYS,onsched_orig,2022-01,953.79,,953.79,384.66,2024-10,,2024-10,,,,SPUR OF MEERUT-GARH-MUKTESHWAR CONNECTING NH-119 AND NH-58
N24001853,,,ROAD TRANSPORT AND HIGHWAYS,onsched_orig,2021-10,772.05,,772.05,530.57,2024-09,,2024-09,,,,CONSTRUCTION OF LEFT OUT RING ROAD CONNECTING VILLAGE B
N24002085,,,ROAD TRANSPORT AND HIGHWAYS,onsched_orig,2023-11,1470.93,,1470.93,69.56,2025-03,,2025-03,,,,WIDENING OF RAEBARELI TO PRAYAGRAJ KM. TO KM. OF NH-30
N24002113,,,ROAD TRANSPORT AND HIGHWAYS,onsched_orig,2023-03,1141.78,,1141.78,60.29,2025-08,,2025-08,,,,4L OF LEFT-OVER WORKS INCLUDING STRUCTURES FROM KERALA/TAMIL KANYAKUMARI S
N24002064,,,ROAD TRANSPORT AND HIGHWAYS,onsched_orig,2022-12,381.8,,381.8,,2025-12,,2025-12,,,,PERMANENT RECTIFICATION OF PROJECT HIGHWAY NH-27 OF
N24002074,,,ROAD TRANSPORT AND HIGHWAYS,onsched_orig,2022-08,1231.74,,1231.74,65.04,2025-06,,2025-06,,,,WIDENING/DEVELOPMENT OF TO KM SECTION
N24001921,,,ROAD TRANSPORT AND HIGHWAYS,onsched_orig,2021-08,581.65,,581.65,96.3,2025-09,,2025-09,,,,2- LANE WITH PAVED SHOULDERS MEHULWA FROM DESIGN KM 27+000 26+5
N24001734,,,ROAD TRANSPORT AND HIGHWAYS,onsched_orig,2022-03,1335.45,,1335.45,306.0,2024-08,,2024-08,,,,6L ACCESS CONTROL GREENFIELD LOHADDA TO VILL-KARAUNDA KM.
N24002102,,,ROAD TRANSPORT AND HIGHWAYS,onsched_orig,2020-01,2165.23,,2165.23,94.12,2026-04,,2026-04,,,,DELHI-AMRITSAR-KATRA EXPRESSWAY FROM JN. WITH KAPURTHALA
N24001547,,,ROAD TRANSPORT AND HIGHWAYS,onsched_orig,2022-03,1909.98,,1909.98,380.63,2026-01,,2026-01,,,,BALANCE WORK OF 4L OF NARIMBANGLO–JATINGA JUNCTION- HARANGAJO ROAD KM 49.23
N24001630,,,ROAD TRANSPORT AND HIGHWAYS,onsched_orig,2021-07,1501.02,,1501.02,247.0,2025-02,,2025-02,,,,4/6L GREENFIELD LUDHIANA RUPNAGAR JUNCTION WITH NE VILLAGR (LUDHIANA
N24001640,,,ROAD TRANSPORT AND HIGHWAYS,onsched_orig,2021-03,1229.38,,1229.38,632.9,2024-11,,2024-11,,,,6L AMRITSAR BATHINDA GREENFIELD VILLAGE TIBA ON NE 5A TO JN. ROAD N
N24001495,,,ROAD TRANSPORT AND HIGHWAYS,onsched_orig,2022-11,930.0,,930.0,507.13,2024-11,,2024-11,,,,4L OF RATNAGIRI KOLHAPUR TO KM AND KM
N24001482,,,ROAD TRANSPORT AND HIGHWAYS,onsched_orig,2022-08,772.11,,772.11,424.49,2024-10,,2024-10,,,,KHAMMAM-DEVARAPALLE PKG (GREENFIELD) FROM THALLAMPADU SOMAVARAM
N24001675,,,ROAD TRANSPORT AND HIGHWAYS,onsched_orig,2022-11,1732.73,,1732.73,540.34,2025-05,,2025-05,,,,6L OF MH/KN BORDER (NIMBAL (SINGNODI VILLAGE) FROM KM.
N24001808,,,ROAD TRANSPORT AND HIGHWAYS,onsched_orig,2021-03,1322.95,,1442.47,656.54,2024-12,2024-12,2024-12,,,,REHABILITATION AND UPGRADING BHANGBAR(NEAR RANITAL) TO
N24001551,,,ROAD TRANSPORT AND HIGHWAYS,onsched_orig,2021-10,3044.02,,3299.14,2360.26,2024-09,,2024-09,,,,DELHI-AMRITSAR-KATRA EXPRESSWAY FROM JUNCTION WITH PATHANKOT-GURDASPUR
N24001526,,,ROAD TRANSPORT AND HIGHWAYS,onsched_orig,2021-08,1377.79,,1377.79,679.1,2024-10,2024-10,2024-10,,,,UPGRADATION AND 4L OF HARIDWAR (KM OF NH-58) TO
N24002095,,,ROAD TRANSPORT AND HIGHWAYS,onsched_orig,2021-12,2555.5,,2555.5,653.92,2025-03,,2025-03,,,,FOUR LANING OF SONAULI GORAKHPUR (NEW NH 24) FROM DESIGN CH.
N24001818,,,ROAD TRANSPORT AND HIGHWAYS,onsched_orig,2021-02,818.73,,1105.0,240.02,2025-01,,2025-01,,,,6L OF PONDAVAKKAM TO KANNIGAIPAIR KM 116.100 OF NH 716B (PKG-IV)
N24001848,,,ROAD TRANSPORT AND HIGHWAYS,onsched_orig,2023-02,909.02,,909.02,59.96,2025-10,,2025-10,,,,6L ACCESS CONTROLLED GREENFIELD MALLAPALLE KM. TO KAVULAKUNTLA PACK
N24002048,,,ROAD TRANSPORT AND HIGHWAYS,onsched_orig,2022-07,2414.67,2898.0,2898.0,933.49,2025-06,,2025-06,,,,CONSTRUCTION OF GREENFIELD INTERNATIONAL AIRPORT FROM BALLABHGAR
N24002044,,,ROAD TRANSPORT AND HIGHWAYS,onsched_orig,2023-06,629.16,,629.16,76.0,2025-06,,2025-06,,,,4L AMBALA KALAAMB FROM KM. OLD NH-72
N24001626,,,ROAD TRANSPORT AND HIGHWAYS,onsched_orig,2022-02,972.06,,972.06,8.38,2025-01,,2025-01,,,,6L ACCESS CONTROLLED GREENFIELD NANDINNE VILLAGE TO JULEKAL TO KM
N24001625,,,ROAD TRANSPORT AND HIGHWAYS,onsched_orig,2022-01,1227.57,,1227.57,4.98,2025-01,,2025-01,,,,6L ACCESS CONTROLLED GREENFIELD JULEKAL VILLAGE TO DINNEDEVARAPADU 242.20
N24002066,,,ROAD TRANSPORT AND HIGHWAYS,onsched_orig,2022-02,1494.31,,1494.31,38.28,2025-07,,2025-07,,,,4L GREENFIELD ALIGNMENT OF RAMNAGAR FROM KM. TO (PKG-I
N24001658,,,ROAD TRANSPORT AND HIGHWAYS,onsched_orig,2021-01,4265.42,,4708.42,3171.31,2024-07,,2024-07,,,,SIX LANING OF RAMANATTUKARA VALANCHERY BYPASS SECTION
N24002078,,,ROAD TRANSPORT AND HIGHWAYS,onsched_orig,2023-12,711.0,,711.0,35.6,2025-12,,2025-12,,,,REHABILITATION AND UP GRADATION OF CHANDIKHOLE PARADIP SECTION
N24002039,,,ROAD TRANSPORT AND HIGHWAYS,onsched_orig,2023-02,1088.64,1178.0,1178.0,257.03,2025-10,,2025-10,,,,CONSTRUCTION OF 6-LANE GREENFIELD ROAD STARTING FROM JUNCTION SECTION
N24002125,,,ROAD TRANSPORT AND HIGHWAYS,onsched_orig,2024-02,976.4,,976.4,55.64,2026-02,,2026-02,,,,6L ACCESS CONTROLLED GREENFIELD MARRIPUDI (CH. 285+500) TO SOMAVARAPPADU
N24001843,,,ROAD TRANSPORT AND HIGHWAYS,onsched_orig,2022-12,992.89,,992.89,28.78,2025-11,,2025-11,,,,6L ACCESS CONTROLLED GREENFIELD VANKARAKUNTA KM. TO NH
N24001745,,,ROAD TRANSPORT AND HIGHWAYS,onsched_orig,2021-12,1972.1,,1936.0,415.21,2025-07,2025-07,2025-07,,,,KANPUR LUCKNOW EXPRESSWAY 6-LANE TO EIGHT LANE OF KANPUR (N
N24001982,,,ROAD TRANSPORT AND HIGHWAYS,onsched_orig,2023-03,827.39,,827.39,185.65,2025-10,,2025-10,,,,4L PS FROM KURNOOL (EXISTING KM.0.000) TO MANDLEM (EXISTING
N24001980,,,ROAD TRANSPORT AND HIGHWAYS,onsched_orig,2022-10,907.76,,907.76,214.67,2025-07,,2025-07,,,,LANING OF NH 544D FROM EXISTING (DESIGN CHAINAGE KM 0.000)
N24002123,,,ROAD TRANSPORT AND HIGHWAYS,onsched_orig,2024-02,1292.65,,1292.65,27.33,2026-02,,2026-02,,,,6L ACCESS CONTROLLED GREENFIELD CHANDRASEKHARAPURAM (CH. (CH. 260
N24001653,,,ROAD TRANSPORT AND HIGHWAYS,onsched_orig,2021-11,3565.82,,3064.11,1817.56,2025-04,,2025-04,,,,SIX LANING FROM KODUNGALLUR NH –66 (OLD NH-17) FROM DESIGN
N24001708,,,ROAD TRANSPORT AND HIGHWAYS,onsched_orig,2020-09,2156.22,,2156.22,2134.67,2024-06,,2024-06,,,,BAKHTIYARPUR RAJAULI PKG-III 152.520 NH20
N24001819,,,ROAD TRANSPORT AND HIGHWAYS,onsched_orig,2021-03,1102.63,,1303.0,626.36,2025-01,,2025-01,,,,6L OF VEERA KAVERI RAJA PURAM KM 61.380 TO KM 96.040 OF NH 716B (PKG-III)
N24001988,,,ROAD TRANSPORT AND HIGHWAYS,onsched_orig,2021-02,591.99,703.0,703.0,128.44,2025-10,,2025-10,,,,6L OF CHITTOOR TO THATCHUR VEERA KAVERI RAJA PURAM FROM
N24001844,,,ROAD TRANSPORT AND HIGHWAYS,onsched_orig,2022-12,1058.9,,1058.9,55.89,2025-10,,2025-10,,,,6L ACCESS CONTROLLED GREENFIELD ODULAPALLE KM. TO NALLACHERUVUPALLI
N24001821,,,ROAD TRANSPORT AND HIGHWAYS,onsched_orig,2020-11,1137.74,,1289.0,760.64,2024-10,,2024-10,,,,BANGALORE CHENNAI EXPRESSWAY KM.127.000 TO KM (BANGARUPALEM
N24002050,,,ROAD TRANSPORT AND HIGHWAYS,onsched_orig,2022-02,696.65,698.0,698.46,269.44,2025-09,,2025-09,,,,REHABILITATION AND UPGRADATION and STRENGTHENING OF SIHUNI
N24002056,,,ROAD TRANSPORT AND HIGHWAYS,onsched_orig,2020-06,964.64,,964.64,362.33,2025-06,,2025-06,,,,BHARATMALA PARIYOJANA OF SECTION OF NH-320 FROM KM.
N24001731,05/2025,,ROAD TRANSPORT AND HIGHWAYS,onsched_orig,2021-12,2470.64,,2335.0,407.81,2025-05,2025-05,2025-05,,,,6L GREENFIELD KANPUR LUCKNOW FROM KM. 28.500 TO KM. 73.744
N24001822,,,ROAD TRANSPORT AND HIGHWAYS,onsched_orig,2020-12,1075.27,,1307.0,657.86,2024-10,,2024-10,,,,BANGALORE CHENNAI EXPRESSWAY KM.71.000 TO KM (BETHAMANGALA
N24001728,,,ROAD TRANSPORT AND HIGHWAYS,onsched_orig,2021-12,1138.81,,1138.81,194.8,2025-07,,2025-07,,,,"IMPROVEMENT AND UP-GRADATION 4L PS FROM KM TO 229.070,"
N24001659,,,ROAD TRANSPORT AND HIGHWAYS,onsched_orig,2021-02,3375.31,,3790.17,2082.51,2024-07,,2024-07,,,,SIX LANING FROM START OF VALANCHERY KAPPIRIKKAD-SECTION OF NH-66(OLD CH
N24002094,,,ROAD TRANSPORT AND HIGHWAYS,onsched_orig,2022-09,1212.26,,1212.26,182.1,2025-11,,2025-11,,,,"IMPROVEMENT AND UP-GRADATION 4L PS FROM KM TO 175.080,"
N24002065,,,ROAD TRANSPORT AND HIGHWAYS,onsched_orig,2022-02,1390.92,,1390.92,35.12,2025-03,,2025-03,,,,4L GREENFIELD ALIGNMENT OF FROM KM. TO KM.
N24001984,,,ROAD TRANSPORT AND HIGHWAYS,onsched_orig,2023-03,887.28,,887.28,49.18,2025-10,,2025-10,,,,4L PS FROM MANDLEM (EXISTING KM.30.600) TO ATMAKUR (EXISTING
N24001985,,,ROAD TRANSPORT AND HIGHWAYS,onsched_orig,2021-03,1942.94,2171.0,2171.0,744.6,2025-06,,2025-06,,,,BANGALORE CHENNAI EXPRESSWAY KM.96.000 TO KM (BAIREDDYPALLE
N24002076,,,ROAD TRANSPORT AND HIGHWAYS,onsched_orig,2021-03,2029.17,2029.0,2029.0,84.23,2025-10,2025-10,2025-10,,,,6L AMRITSAR-BATHINDA GREENFIELD WITH BHAGTA BHAI KA-BHADAUR BHAI
N24002070,,,ROAD TRANSPORT AND HIGHWAYS,onsched_orig,2022-01,1162.8,,1162.8,420.31,2025-01,,2025-01,,,,INDORE EDLABAD (PKG-II) [TEJAJINAGAR
N24002091,,,ROAD TRANSPORT AND HIGHWAYS,onsched_orig,2021-06,906.51,,906.51,134.05,2025-09,2025-09,2025-09,,,,6L ACCESS CONTROLLED LUDHIANA-BATHINDA HIGHWAY FROM JN. WITH AMRITSAR-BATHANDA GREENFIELD
N24001655,,,ROAD TRANSPORT AND HIGHWAYS,onsched_orig,2021-06,3606.0,,3923.82,2951.34,2025-02,,2025-02,,,,SIX LANING FROM KAPPIRIKKAD NH – (OLD NH-17) FROM DESIGN
N24001847,,,ROAD TRANSPORT AND HIGHWAYS,onsched_orig,2023-01,956.14,,956.14,19.12,2025-11,,2025-11,,,,6L ACCESS CONTROLLED GREENFIELD AUDIREDDIPALLE KM. PA
N24001993,,,ROAD TRANSPORT AND HIGHWAYS,onsched_orig,2022-12,1589.0,,1589.0,319.5,2025-10,,2025-10,,,,DEVELOPMENT OF LANE ACCESS GREENFIELD HIGHWAY FROM MARADGI S
N24001730,,,ROAD TRANSPORT AND HIGHWAYS,onsched_orig,2021-12,1384.79,,1384.79,604.81,2025-01,,2025-01,,,,4L FROM GAJU VILLAGE AT KM BYPASS (END) AT KM OF
N24002077,,,ROAD TRANSPORT AND HIGHWAYS,onsched_orig,2022-09,1000.63,,1000.63,94.24,2025-12,,2025-12,,,,CONSTRUCTION OF (I) 4-LANE HINOTIYA FROM KM. TO KM.
N24002043,,,ROAD TRANSPORT AND HIGHWAYS,onsched_orig,2022-03,927.22,,927.22,341.13,2025-06,,2025-06,,,,CONSTRUCTION OF 4-LANE GREENFIELD SHAHBAD SECTION OF NH – 152G 22+850
N24002098,,,ROAD TRANSPORT AND HIGHWAYS,onsched_orig,2022-03,1641.66,,1641.66,35.0,2025-10,,2025-10,,,,6L OF AMBALA-CHANDIGARH GREENFIELD KM. TO KM. WITH 4L
N24002080,,,ROAD TRANSPORT AND HIGHWAYS,onsched_orig,2023-12,762.75,,762.75,38.1,2025-12,,2025-12,,,,REHABILITATION AND UP GRADATION OF CHANDIKHOLE PARADIP SECTION
N24001698,,,ROAD TRANSPORT AND HIGHWAYS,onsched_orig,2022-08,1198.02,,1198.02,,2024-08,,2024-08,,,,FOUR LANING OF MUNGER TO SECTION FROM NEAR RASULPUR (DESIGN CH
N24001854,,,ROAD TRANSPORT AND HIGHWAYS,onsched_orig,2023-06,1214.93,,1324.95,565.44,2025-06,,2025-06,,,,FOUR LANING WITH PAVED SHOULDER KM (GOLA ON NH-320) TO
N24001845,,,ROAD TRANSPORT AND HIGHWAYS,onsched_orig,2023-02,1253.24,,1253.24,70.44,2025-10,,2025-10,,,,6L ACCESS CONTROLLED GREENFIELD NALLACHERUVU PALLI 129.000
N24001796,,,ROAD TRANSPORT AND HIGHWAYS,onsched_orig,2022-03,1013.33,,1111.33,326.8,2024-10,2024-10,2024-10,,,,4L OF RAJURA-KORPANA-ADILABAD BORDER FROM KM TO KM
N24001697,,,ROAD TRANSPORT AND HIGHWAYS,onsched_orig,2023-02,1358.0,,1358.0,43.27,2025-02,,2025-02,,,,4L GREENFIELD ALIGNMENT FROM DASHRAHA OF NH-119D (PKG-III)
N24002042,,,ROAD TRANSPORT AND HIGHWAYS,onsched_orig,2022-11,1322.13,,1322.13,38.5,2025-12,,2025-12,,,,CONSTRUCTION OF 4-LANING SECTION OF NH 148B (DESIGN
N24001968,,,ROAD TRANSPORT AND HIGHWAYS,onsched_orig,2022-04,1260.74,,1260.74,318.47,2025-05,,2025-05,,,,CONSTRUCTION OF STRR (WEST BALAGONDAPALLI (TAMIL NADU) BORDER F
N24002051,,,ROAD TRANSPORT AND HIGHWAYS,onsched_orig,2022-07,739.39,,739.39,230.82,2025-10,,2025-10,,,,CONSTRUCTION OF NEW LANE HAMIRPUR BYPASS (PACKAGE
N24002055,,,ROAD TRANSPORT AND HIGHWAYS,onsched_orig,2023-03,1444.94,,1444.94,,2025-12,,2025-12,,,,FOUR LANING OF BASUKINATH-DEOGHAR 114A FROM KM TO KM
N24002053,,,ROAD TRANSPORT AND HIGHWAYS,onsched_orig,2022-04,1232.0,1343.0,1400.0,257.87,2025-09,,2025-09,,,,FOUR LANING OF KHAJURI TO TO KM ON NH-75
N24001986,,,ROAD TRANSPORT AND HIGHWAYS,onsched_orig,2023-10,1047.32,,1047.32,188.88,2025-04,,2025-04,,,,4L OF PILERU TO KALUR SECTION 92.800 AND KM 94.500 TO KM 95.717
N24001785,,,ROAD TRANSPORT AND HIGHWAYS,onsched_orig,2022-03,1373.06,,1373.06,379.94,2025-06,,2025-06,,,,UP-GRADATION TO 4-LANE WITH BHIMASAR JUNCTION OF NH-41 AIRPORT
N24002057,,,ROAD TRANSPORT AND HIGHWAYS,onsched_orig,2022-12,1443.77,,1443.77,,2025-05,,2025-05,,,,FOUR LANING OF MEHGAMA HANSDIHA FROM EXISTING KM TO
N24001983,,,ROAD TRANSPORT AND HIGHWAYS,onsched_orig,2022-10,972.63,,1055.23,179.9,2025-08,,2025-08,,,,LANING FROM EXISTING KM KM (DESIGN CH. 69.000)
N24002126,,,ROAD TRANSPORT AND HIGHWAYS,onsched_orig,2024-02,1103.89,,1103.89,54.54,2026-02,,2026-02,,,,6L ACCESS CONTROLLED GREENFIELD SOMAVARAPPADU (CH.314.600) (CH.343+240) O
N24001834,,,ROAD TRANSPORT AND HIGHWAYS,onsched_orig,2023-05,839.0,,839.0,305.41,2025-05,,2025-05,,,,4L OF RATNAGIRI KOLHAPUR KM 112.340 OF NH-166 (PKG – II)
N24002049,,,ROAD TRANSPORT AND HIGHWAYS,onsched_orig,2022-03,1703.48,2278.0,,651.98,2026-04,,2026-04,,,,PKG NAME: 4L OF KATHLIGHAT KM TO KM OF NH-
N24002083,,,ROAD TRANSPORT AND HIGHWAYS,onsched_orig,,2413.0,,,,,,,,,,FROM DESIGN CH.48.860 KM
N24002079,,,ROAD TRANSPORT AND HIGHWAYS,onsched_orig,2023-12,742.25,,742.25,37.1,2025-12,,2025-12,,,,REHABILITATION AND UP GRADATION OF CHANDIKHOLE PARADIP SECTION
N24002033,,,ROAD TRANSPORT AND HIGHWAYS,onsched_orig,2022-07,909.47,,909.47,97.03,2025-12,,2025-12,,,,CONSTRUCTION OF LANE ACCESS FROM CHILLAKURU CROSS ROAD 0+000
N24002075,,,ROAD TRANSPORT AND HIGHWAYS,onsched_orig,2020-12,757.13,757.0,757.0,246.51,2025-08,2025-08,2025-08,,,,6L OF JODHPUR ROMANA (BATHINDA) (PUNJAB HARYANA BORDER) SECTION
N24002060,,,ROAD TRANSPORT AND HIGHWAYS,onsched_orig,2023-03,1107.0,,1107.0,32.24,2025-11,,2025-11,,,,DELHI AMRITSAR KATRA EXPRESSWAY DEVELOPMENT AND UPGRADATION
N24002108,,,ROAD TRANSPORT AND HIGHWAYS,onsched_orig,2023-03,1618.96,,1618.96,,2026-05,,2026-05,,,,CONSTRUCTION OF NEW DOUBLE CORRIDOR FROM CHENNAI PORT CHENNAI DIS
N24001614,,,ROAD TRANSPORT AND HIGHWAYS,onsched_orig,2022-02,524.84,,524.84,2123.91,2024-11,,2024-11,,,,4LBERKHEDI TO GODPEHRA NH-44
N24001753,,,ROAD TRANSPORT AND HIGHWAYS,onsched_orig,2022-02,570.98,,578.02,278.19,2024-06,2024-06,2024-06,,,,LANING OF NAJIBABAD BYPASS TO KM. (EXCLUDING
N24001651,,,ROAD TRANSPORT AND HIGHWAYS,onsched_orig,2021-09,2878.97,,2878.97,46.57,2024-09,2026-03,2024-09,,,,SIX LANING OF THURAVOOR (DESIGN PARAVOOR (DESIGN KM.417+000)
N24001636,,,ROAD TRANSPORT AND HIGHWAYS,onsched_orig,2021-05,1368.91,,1368.91,163.58,2024-12,2024-12,2024-12,,,,CONSTRUCTION OF FOUR/SIX – RUPNAGAR NATIONAL HIGHWAY
N24001483,,,ROAD TRANSPORT AND HIGHWAYS,onsched_orig,2022-02,637.11,,637.11,309.27,2024-09,,2024-09,,,,KHAMMAM DEVARAPALLE PKG (GREENFIELD) FROM SOMAVARAM CHINTAGUDEM V
N24001557,,,ROAD TRANSPORT AND HIGHWAYS,onsched_orig,2022-03,1636.15,,1636.15,562.13,2024-11,,2024-11,,,,4L GREENFIELD SPUR FROM DELHI-VADODARA EXPRESSWAY NEAR BANDIKUI
N24001593,,,ROAD TRANSPORT AND HIGHWAYS,onsched_orig,2021-11,1368.19,,1368.19,734.62,2024-09,,2024-09,,,,DEVELOPMENT OF SIX LANE JHANKI FROM KM.0+000 TO 42+800 UNDER
N24001628,,,ROAD TRANSPORT AND HIGHWAYS,onsched_orig,2021-11,2155.95,,2155.95,1026.0,2025-02,,2025-02,,,,4/6L OF SPUR TO HARIDWAR (GREENFIELD) TO KM. 49.000
N24001676,,,ROAD TRANSPORT AND HIGHWAYS,onsched_orig,2022-12,2718.46,,2718.46,159.7,2025-06,,2025-06,,,,6L OF MH/KN BORDER (NIMBAL (SINGNODI VILLAGE) FROM KM.
N24001637,,,ROAD TRANSPORT AND HIGHWAYS,onsched_orig,2021-03,1754.84,,1754.84,923.06,2025-01,,2025-01,,,,DEVELOPMENT OF LANE JALANDHAR KAHLWAN NATIONAL HIGHWAY AT K
N24001643,,,ROAD TRANSPORT AND HIGHWAYS,onsched_orig,2020-12,857.91,,857.91,105.75,2024-06,,2024-06,,,,4L OF AMRITSAR GHOMAN TANDA TO KM OF NH 503A
N24001552,,,ROAD TRANSPORT AND HIGHWAYS,onsched_orig,2021-10,2714.95,,3198.57,2484.16,2024-09,,2024-09,,,,DELHI-AMRITSAR-KATRA EXPRESSWAY [JUNCTION WITH HIRANAGAR ROAD
N24001556,,,ROAD TRANSPORT AND HIGHWAYS,onsched_orig,2021-12,521.53,,521.53,193.05,2024-07,,2024-07,,,,6L OF EXISTING 4L FROM GUNDLAPOCHAMPALLY BOWENPALLY FROM KM
N24001815,,,ROAD TRANSPORT AND HIGHWAYS,onsched_orig,2022-12,1699.0,,1699.0,64.39,2024-11,,2024-11,,,,"4L BYPASSES FOR JAGATPUR, ALAPUR BYPASS, AND SAI RIVER PRA"
N24001555,,,ROAD TRANSPORT AND HIGHWAYS,onsched_orig,2022-03,955.49,,955.49,138.71,2025-01,,2025-01,,,,LANING OF EXISTING 4-LANE KM.454+000 TO GUNDLA POCHAMPALLY
N24001727,,,ROAD TRANSPORT AND HIGHWAYS,onsched_orig,2022-03,762.62,,762.62,275.02,2025-02,,2025-02,,,,"IMPROVEMENT AND UP-GRADATION 2/4L PS FROM KM TO 88.750,"
N24002062,,,ROAD TRANSPORT AND HIGHWAYS,onsched_orig,2023-03,3012.27,,3012.27,,2027-09,,2027-09,,,,CONSTRUCTION OF 6- LANE BRIDGE ACROSS RIVER GANGA AS PART
N24002088,,,ROAD TRANSPORT AND HIGHWAYS,onsched_orig,2022-10,1493.5,,1493.5,408.73,2025-08,,2025-08,,,,CONSTRUCTION OF FOUR LANE BALLIA UP BIHAR STATE BORDER
N24002035,,,ROAD TRANSPORT AND HIGHWAYS,onsched_orig,2023-09,2070.44,,2070.44,74.79,2025-09,,2025-09,,,,WIDENING TO 6L OF EXISTING SECTION FROM KM. TO
N24002107,,,ROAD TRANSPORT AND HIGHWAYS,onsched_orig,2023-03,1382.0,,1382.0,,2026-05,,2026-05,,,,CONSTRUCTION OF NEW DOUBLE CORRIDOR FROM CHENNAI PORT CHENNAI
N24001619,,,ROAD TRANSPORT AND HIGHWAYS,onsched_orig,2022-08,200.05,200.0,208.92,67.57,2024-06,,2024-06,,,,CORRIDOR EFFICIENCY IMPROVEMENT OF BLACK SPOTS IN LAKHANPUR
N24001629,,,ROAD TRANSPORT AND HIGHWAYS,onsched_orig,2022-04,796.65,,796.65,189.18,2024-11,,2024-11,,,,6L WITH ACCESS CONTROL PROVISION BYPASS TO GANESHPUR SECTION KM O
N24002114,,,ROAD TRANSPORT AND HIGHWAYS,onsched_orig,2022-02,1097.59,,1097.59,314.95,2025-04,,2025-04,,,,4L OF VADUGAPATTI TO THERKUVENGANALLUR (RAJAPALYAM) SECTION FROM NH744 UND
N24001765,,,ROAD TRANSPORT AND HIGHWAYS,onsched_orig,2022-08,207.77,,207.77,36.27,2024-07,,2024-07,,,,"ADDITIONAL WORKS (2VUPS, MR-10 UNDERPASS) IN SIX LANE INDORE-DEWAS"
N24002045,,,ROAD TRANSPORT AND HIGHWAYS,onsched_orig,2022-06,1828.0,,1828.0,318.96,2025-07,,2025-07,,,,CONSTRUCTION OF LANE DURG PKG SECTION OF NH FROM
N24001598,,,ROAD TRANSPORT AND HIGHWAYS,onsched_orig,2022-01,1388.7,,1388.7,37.42,2025-04,2025-04,2025-04,,,,6L FROM SANKESHWAR BYPASS KM. TO KM. OF
N24001594,,,ROAD TRANSPORT AND HIGHWAYS,onsched_orig,2022-02,534.73,,534.73,,2025-01,,2025-01,,,,ELEVATED CORRIDOR IN RANCHI OF NH-75 INCLUDING DOWN
N24001608,,,ROAD TRANSPORT AND HIGHWAYS,onsched_orig,2021-09,2208.68,,2208.68,352.87,2025-07,,2025-07,,,,VADODARA MUMBAI EXPRESSWAY 69.800 TO KM. 79.783 OF SPUR] (BHOJ MORBE)
N24002041,,,ROAD TRANSPORT AND HIGHWAYS,onsched_orig,2022-04,1491.71,,1491.71,527.84,2025-05,,2025-05,,,,DEVELOPMENT OF SIX-LANE ACCESS HIGHWAY FROM ADHOYA MUSALMANA TO SADOPUR
N24001674,,,ROAD TRANSPORT AND HIGHWAYS,onsched_orig,2023-02,1240.6,,1240.6,511.97,2025-02,,2025-02,,,,BANGALORE/TN BORDER TO HOSKOTE
N24002036,,,ROAD TRANSPORT AND HIGHWAYS,onsched_orig,2022-04,1843.59,,1843.59,716.12,2025-05,,2025-05,,,,DEVELOPMENT OF SIX-LANE ACCESS HIGHWAY FROM GOGWAN JALALPUR RANIPUR
N24001726,,,ROAD TRANSPORT AND HIGHWAYS,onsched_orig,2023-01,391.26,,391.26,14.12,2024-08,,2024-08,,,,4L SPUR OF SHAMLI-MUZZAFARNAGAR 709AD (PANIPAT-SHAMLI-MUZAFFARNAGAR) (MEERUT
N24002101,,,ROAD TRANSPORT AND HIGHWAYS,onsched_orig,2021-08,809.51,,809.51,114.83,2025-06,,2025-06,,,,4L OF BEAS-MEHTA-BATALA-DERA INTERSECTION WITH JALANDHAR-AMRITSAR NEA
N24001856,,,ROAD TRANSPORT AND HIGHWAYS,onsched_orig,2023-05,648.75,,648.75,75.0,2025-08,,2025-08,,,,CONSTRUCTION OF 4-LANE HIGHWAY TO ACHAMPETA JUNCTION (FROM
N24002068,,,ROAD TRANSPORT AND HIGHWAYS,onsched_orig,2022-12,652.33,,652.33,183.64,2025-03,,2025-03,,,,CONSTRUCTION OF 4-LANE FROM SECTION OF NH-30 FROM DESIGN
N24001642,,,ROAD TRANSPORT AND HIGHWAYS,onsched_orig,2021-02,1474.77,,1474.77,384.91,2024-08,,2024-08,,,,FOUR LANING OF AMRITSAR BYPASS TARAN ROAD TO AJNALA ROAD DESI
N24001987,,,ROAD TRANSPORT AND HIGHWAYS,onsched_orig,2023-06,152.05,,152.05,58.09,2024-12,,2024-12,,,,"CONSTRUCTION OF NOS ROB, ROADS, PROVISION OF LIGHTING OTHE"
N24002096,,,ROAD TRANSPORT AND HIGHWAYS,onsched_orig,2023-02,1973.98,,1973.98,416.98,2026-01,,2026-01,,,,CONSTRUCTION OF LANE GREEN SIDE GORAKHPUR BYPASS (26.616
N24002058,,,ROAD TRANSPORT AND HIGHWAYS,onsched_orig,2022-08,409.64,,409.64,175.26,2024-06,,2024-06,,,,ADDITIONAL STRUCTURES ON OF NH-48 BETWEEN KM
N24001699,,,ROAD TRANSPORT AND HIGHWAYS,onsched_orig,2022-03,312.58,,312.58,113.94,2024-12,,2024-12,,,,CONSTRUCTION OF LANE ELEVATED GRADE IMPROVEMENTS AT BEGUSARAI NH-3
N24002106,,,ROAD TRANSPORT AND HIGHWAYS,onsched_orig,2023-08,993.77,,349.48,57.5,2025-03,,2025-03,,,,CONSTRUCTION OF NEW LANE BYPASS FROM DESIGN KM UPA
N24002090,,,ROAD TRANSPORT AND HIGHWAYS,onsched_orig,2021-03,646.27,,646.27,38.85,2024-11,,2024-11,,,,CONSTRUCTION OF FOUR-LANE RAMPUR-RUDRAPUR SECTION BY
N24001635,,,ROAD TRANSPORT AND HIGHWAYS,onsched_orig,2022-03,1269.5,,1269.5,151.0,2025-02,,2025-02,,,,LANING OF JAGADHRI TAJEWALA (OLD NH 73A) UNDER NH(O) (PKG
N24002093,,,ROAD TRANSPORT AND HIGHWAYS,onsched_orig,2022-10,1841.92,,1841.92,163.42,2025-09,,2025-09,,,,IMPROVEMENT UP-GRADATION MORADABAD THAKURDWARA MORA
N24001679,04/2025,,ROAD TRANSPORT AND HIGHWAYS,onsched_orig,2022-10,1479.3,,1479.3,47.44,2025-04,2025-04,2025-04,,,,6L FROM BELGAUM TO SANKESHWAR 515.000 TO KM 555.017 OF NH 48
N24001607,,,ROAD TRANSPORT AND HIGHWAYS,onsched_orig,2022-10,332.0,,332.0,184.34,2024-05,,2024-05,,,,BALANCE WORKS OF 4L PANVEL-INDAPUR (OLD NH-17) FROM KM (KASU)
N24001638,,,ROAD TRANSPORT AND HIGHWAYS,onsched_orig,2021-11,646.42,,646.42,481.67,2024-07,2024-07,2024-07,,,,4L GREENFIELD A. MALOUT BYPASS CH. KM ON NH-07 AND CH.
N24001702,,,ROAD TRANSPORT AND HIGHWAYS,onsched_orig,2021-12,184.9,185.0,185.0,146.04,2024-09,,2024-09,,,,CONSTRUCTION OF LANE ELEVATED GRADE IMPROVEMENTS AT GOPALGANJ DESIGN CH:
N24002037,,,ROAD TRANSPORT AND HIGHWAYS,onsched_orig,2023-01,609.32,609.0,609.0,18.53,2025-12,,2025-12,,,,UPGRADATION OF EXISTING SECTION (KM. 0+000 TO KM 42+500)
N24001649,,,ROAD TRANSPORT AND HIGHWAYS,onsched_orig,2021-12,3273.61,,3273.61,340.49,2025-02,2025-02,2025-02,,,,SIX LANING OF PARAVOOR(DESIGN KOTTUKULANGARA(DESIGN KM. NH-6
N24001558,,,ROAD TRANSPORT AND HIGHWAYS,onsched_orig,2021-11,736.75,,736.75,181.91,2024-08,,2024-08,,,,4L OF KARWAR (KM. OF DANGIYAVAS OF JODHPUR RING
N24002046,,,ROAD TRANSPORT AND HIGHWAYS,onsched_orig,2022-06,1958.94,1959.0,1958.94,585.16,2025-05,,2025-05,,,,CONSTRUCTION OF LANE DURG PKG SECTION OF NH FROM
N24001979,,,ROAD TRANSPORT AND HIGHWAYS,onsched_orig,2022-08,609.43,,609.43,25.24,2025-09,,2025-09,,,,4L GREENFIELD ROAD CONNECTING INDUSTRIAL CLUSTER OF KHANDALERU KRISHNAPAT
N24001627,,,ROAD TRANSPORT AND HIGHWAYS,onsched_orig,2021-07,1912.17,,1912.17,32.75,2025-02,2025-02,2025-02,,,,4L OF TWIN TUBE TUNNEL CONFIGURATION APPROACHES FROM MAROG TO TO K
N24001773,,,ROAD TRANSPORT AND HIGHWAYS,onsched_orig,2020-05,1467.44,,1942.89,888.96,2024-07,,2024-07,,,,6L ACCESS CONTROLLED HIGHWAY BAGH JN. WITH JAITPUR PUSHTA
N24001836,,,ROAD TRANSPORT AND HIGHWAYS,onsched_orig,2021-02,824.29,,924.0,345.76,,,2024-10,,,,6L KANTAKAPALLE – SABBAVARAM ROAD FROM KM TO KM
N24001693,,,ROAD TRANSPORT AND HIGHWAYS,onsched_orig,2021-09,1751.18,,1757.27,49.69,2024-10,,2024-10,,,,FOUR LANING OF NERALURU TO SECTION OF NH-844 (PKG-I) FROM
N24001553,02/2025,,ROAD TRANSPORT AND HIGHWAYS,onsched_orig,2022-03,1092.9,,1092.9,460.72,2025-02,2025-02,2025-02,,,,4L MEDINIPUR TO BALLUPUR FROM OF NH-07(PKG-2)
N24001756,,,ROAD TRANSPORT AND HIGHWAYS,onsched_orig,2020-10,1352.56,,1352.56,736.4,2024-10,,2024-10,,,,4L OF UJJAIN TO BADNAWAR FROM NH-752D
N24001507,,,ROAD TRANSPORT AND HIGHWAYS,onsched_orig,2022-11,1124.0,,1124.0,299.43,2024-05,,2024-05,,,,VADODARA MUMBAI EXPRESSWAY TO KM. OF SPUR]
N24001508,,,ROAD TRANSPORT AND HIGHWAYS,onsched_orig,2022-11,1450.0,,1450.0,518.58,2024-10,,2024-10,,,,VADODARA MUMBAI EXPRESSWAY 43.000 TO KM. 69.800 OF SPUR] (AMNE BHOJ)
N24001588,,,ROAD TRANSPORT AND HIGHWAYS,onsched_orig,2021-12,1470.73,,1470.73,454.5,2025-01,,2025-01,,,,DEVELOPMENT OF SIX LANE SARGI-BASANWAHI CD FROM KM.42+800 TO 99+500
N24001748,,,ROAD TRANSPORT AND HIGHWAYS,onsched_orig,2021-03,2200.93,,2303.06,2303.06,2024-09,,2024-09,,,,SIX LANING OF NATIONAL CORRIDOR TO PALSIT IN THE STATE OF WEST
N24001493,,,ROAD TRANSPORT AND HIGHWAYS,onsched_orig,2022-12,1749.86,,1749.86,1118.0,2024-12,,2024-12,,,,6L OF KAGAL-SATARA SECTION 725.000 OF NH-48 (PKG-II)
N24001747,,,ROAD TRANSPORT AND HIGHWAYS,onsched_orig,2020-03,2193.23,,2314.0,1762.34,2024-09,,2024-09,,,,SIX LANE OF PALSIT TO DANKUNI KM. 652.700
N24001732,,,ROAD TRANSPORT AND HIGHWAYS,onsched_orig,2021-12,540.97,,540.97,75.66,2024-10,,2024-10,,,,"IMPROVEMENT AND UP-GRADATION 4L PS FROM KM TO 260.800,"
N12000126,,,STEEL,onsched_orig,2022-02,207.74,,207.74,179.72,2024-06,,2024-06,,,,UP GRADATION OF AUTOMATION AT BOKARO STEEL PLANT
N12000129,,,STEEL,onsched_orig,2023-09,513.82,,513.82,46.03,2025-07,,2025-07,,,,REVAMPING OF OLD SUB SYSTEM BOKARO STEEL PLANT
N12000125,,,STEEL,onsched_orig,2022-01,970.18,,970.18,331.15,2025-05,,2025-05,,,,INSTALLATION OF 4TH SLAB CASTER AUXILIARIES AND A NEW LADLE
N12000132,,,STEEL,onsched_orig,2023-11,916.78,,916.78,35.0,2026-12,,2026-12,,,,REBUILDING OF COKE OVEN BATTERY STEEL PLANT
N12000133,,,STEEL,onsched_orig,2023-11,627.31,,627.31,45.51,2026-11,,2026-11,,,,REBUILDING OF COKE OVEN BATTERY STEEL PLANT
N12000131,,,STEEL,onsched_orig,2023-10,471.83,,471.83,35.04,2026-06,,2026-06,,,,REPLACEMENT OF CONVERTER SUPPORT SYSTEM AND INSTALLATION EMISS
N12000134,,,STEEL,onsched_orig,2023-11,884.1,,884.1,204.88,2025-10,,2025-10,,,,REBUILDING OF COKE OVEN BATTERY STEEL PLANT
N26000117,,,TELECOMMUNICATIONS,onsched_orig,2023-06,24544.55,,24556.35,1897.24,2025-06,,2025-06,,,,PLANNIN ENGINEERING SUPPLY OF
N26000118,,,TELECOMMUNICATIONS,onsched_orig,2024-02,810.99,,810.99,,2025-08,,2025-08,,,,OPTICAL TRANSPORT NETWORK
N26000116,,,TELECOMMUNICATIONS,onsched_orig,2023-05,645.13,,645.13,76.0,2024-08,,2024-08,,,,MPLS-IP BASED ACCESS AND AGGREGATION (MAAN) IN BSNL ALONG WITH TEST EQUIPMENT
N28000151,,,URBAN DEVELOPMENT,onsched_orig,2021-06,14788.1,,14788.1,2424.04,2026-06,,2026-06,,,,BANGALORE METRO RAIL PROJECT 2B
N28000154,,,URBAN DEVELOPMENT,onsched_orig,2022-04,512.34,,512.34,,2024-11,,2024-11,,,,CONSTRUCTION OF PERMANENT UNIVERSITY OF HIMACHAL PRADESH JADRANGAL (D
N28000157,,,URBAN DEVELOPMENT,onsched_orig,2023-10,910.18,,910.18,,2027-01,,2027-01,,,,PCMC NIGDI PROJECT EXTENSION METRO PHASE 1
N28000155,,,URBAN DEVELOPMENT,onsched_orig,2022-12,6708.0,,6708.0,151.78,2027-12,,2027-12,,,,NAGPUR METRO RAIL PROJECT
N28000134,,,URBAN DEVELOPMENT,onsched_orig,2019-03,30274.0,,30274.0,21387.42,2025-06,,2025-06,,,,DELHI GHAZIABAD MEERUT RRTS
020100044,BHAVNI,TAMIL NADU,ATOMIC ENERGY,delayed_orig,2003-09,3492.0,,7670.0,6517.22,2010-09,,2024-12,171.0,119.64,,"PROTOTYPE FAST BREEDER REACTOR (BHAVINI, MWE)"
N02000028,NPCIL,TAMIL NADU,ATOMIC ENERGY,delayed_orig,2013-03,39849.0,68893.0,68893.0,43536.0,2020-11,,2026-11,72.0,72.89,,KUDANKULAM NUCLEAR POWER PROJECT UNIT-3 and
N02000027,NPCIL,RAJASTHAN,ATOMIC ENERGY,delayed_orig,2009-10,12320.0,22924.0,22924.0,18385.0,2016-12,,2026-12,120.0,86.07,,RAJASTHAN ATOMIC POWER PROJECT -7 AND (2X700 MW)
N04000087,AAI,Madhya Pradesh,CIVIL AVIATION,delayed_orig,2016-06,412.24,,412.24,398.95,2021-06,,2024-06,36.0,0.0,,UPGRADATION OF JABALPUR AIRPORT
N04000088,AAI,GUJARAT,CIVIL AVIATION,delayed_orig,2018-01,1405.0,,1405.0,1229.6,2022-08,2024-05,2024-06,22.0,0.0,,"C/O NEW GREENFIELD AIRPORT AT HISSAR, RAJKOT, GUJARAT"
N04000094,AAI,Uttar Pradesh,CIVIL AVIATION,delayed_orig,2021-03,242.14,328.0,358.0,335.02,2022-12,2024-06,2024-06,18.0,47.85,As above.,DEVELOPMENT OF AYODHYA AIRPORT PHASE-01
N04000098,AAI,Madhya Pradesh,CIVIL AVIATION,delayed_orig,2021-10,446.12,,446.12,422.59,2023-08,2024-06,2024-06,10.0,0.0,,DEVELOPMENT OF GWALIOR AIRPORT PHASE
N04000085,AAI,UTTARAKHAND,CIVIL AVIATION,delayed_orig,2018-07,456.86,,500.0,484.85,2020-09,,2024-07,46.0,9.44,,"CONSTRUCTION OF DOMESTIC PASSENGER TERMINAL BUILDING AT DEHRADUN AIRPORT, DEHRADUN"
N04000090,AAI,Tamil Nadu,CIVIL AVIATION,delayed_orig,2019-06,380.87,452.93,452.93,271.73,2022-03,2024-07,2024-07,28.0,18.92,,DEVELOPMENT OF TUTICORIN AIRPORT
N04000092,AAI,Arunachal Pradesh,CIVIL AVIATION,delayed_orig,2019-02,645.63,,712.15,657.33,2022-08,2024-08,2024-08,24.0,10.3,,CONSTRUCTION OF NEW GREEN FIELD AIRPORT AT HOLLONGI ITANAGAR ARUNACHAL PRADESH
N04000078,AAI,LADAKH (Deposit work),CIVIL AVIATION,delayed_orig,2018-07,480.33,,640.0,339.0,2021-09,2024-10,2024-10,37.0,33.24,Slow progress of work by PDD for getting Dedicated power supply to Leh (Deposit work),CONSTRUCTION OF TERMINAL BUILDING AND ASSOCIATED WORKS AT LEH AIRPORT
N04000093,AAI,GUJARAT,CIVIL AVIATION,delayed_orig,2018-08,353.25,,353.25,325.13,2021-02,,2024-10,44.0,0.0,,"EXTENSION OF TERMINAL BUILDING, PTT, APRON AND CAR PARK AT SURAT AIRPORT."
N04000077,AAI,Uttar Pradesh,CIVIL AVIATION,delayed_orig,2018-06,1383.0,1938.0,3291.81,2092.82,2021-09,2024-12,2024-12,39.0,138.02,,CCS INTERNATIONAL AIRPORT LUCKNOW
N04000082,AAI,BIHAR STORM WATER SYSTEM,CIVIL AVIATION,delayed_orig,2018-05,1216.9,,1216.9,715.47,2022-10,2024-12,2024-12,26.0,0.0,AUGUMENTATION OF STORM WATER DRAINAGE SYSTEM FOR CONNECTIONG NEW STORM WATER SYSTEM OF AIRPORT WITH ENLARGED CAPACITY.,"CONSTRUCTION OF NEW DORNESTIC TERMINAL BUILDING AND OTHER STRUCTURES, PHASE I AND II"
N04000091,AAI,Andhra Pradesh,CIVIL AVIATION,delayed_orig,2020-04,611.8,,611.8,280.52,2023-03,,2024-12,21.0,0.0,,C/O OF NITB AND ASSOCIATED WORK AT VIJAYAWADA AIRPORT
N04000095,AAI,GOA,CIVIL AVIATION,delayed_orig,2017-11,255.69,,255.69,60.75,2021-09,,2024-12,39.0,0.0,,EXTENSION OF EXISTING INTEGRATED TERMINAL BUILDING AND ALLIED WORKS AT GOA AIRPORT.
N04000083,AAI,ASSAM Assam & Meghalaya.,CIVIL AVIATION,delayed_orig,2016-12,1142.0,,2333.0,1091.52,2021-03,,2025-03,48.0,104.29,"Transportation strike from 1st week of November to end of the month at CEMENT Plant in Govt, of Assam & Meghalaya.",CONSTRUCTION OF NEW INTEGRATED TERMINAL BUILDING AT LGBI AIRPORT GUWAHATI
N04000100,AAI,MANIPUR,CIVIL AVIATION,delayed_orig,2021-11,499.0,,499.0,95.59,2024-07,2025-03,2025-03,8.0,0.0,Acquisition of AAI Land for proposed 6 lane road is pending.,"CONSTRUCTION OF NEW INTEGRATED TERMINAL BUILDING, CONTROL TOWER CUM TECHNICAL BLOCK, APRON, LINK TAX"
N04000074,AAI,TAMIL NADU,CIVIL AVIATION,delayed_orig,2018-06,2467.0,,2467.0,1477.64,2022-02,,2025-12,46.0,0.0,,"MODERNIZATION OF CHENNAI AIRPORT PHASE II, CHENNAI"
N06000194,BCCL,JHARKHAND,COAL,delayed_orig,2015-10,243.0,,334.27,111.51,2018-04,,2024-09,77.0,37.56,,PATHERDIH NLW COAL WASHERY
N06000195,BCCL,WEST BENGAL,COAL,delayed_orig,2015-12,304.13,341.22,341.22,281.17,2017-03,,2024-09,90.0,12.2,,MTPA BHOJUDIH NLW WASHERY
N06000096,BCCL,JHARKHAND,COAL,delayed_orig,2011-02,339.88,,339.88,151.19,2014-04,,2026-01,141.0,0.0,,MURAIDIH UG TURN-KEY PROJECT
N06000098,BCCL,JHARKHAND,COAL,delayed_orig,2011-08,1230.27,,1230.27,588.09,2019-03,,2026-02,83.0,0.0,,MOONIDIH XV SEAM UG
N06000083,CCL,JHARKHAND,COAL,delayed_orig,2007-08,163.51,,163.51,133.35,2011-03,,2024-08,161.0,0.0,,CHURI BENTI UG (0.81 MTY)
N06000088,CCL,JHARKHAND,COAL,delayed_orig,2009-06,162.46,,162.46,95.92,2014-03,,2024-08,125.0,0.0,,KARMA OCP (1.0MTY)
N06000087,CCL,JHARKHAND,COAL,delayed_orig,2009-12,510.85,,510.85,488.31,2016-03,,2025-03,108.0,0.0,,RAJRAPPA RCE OCP ( MTY)
N06000186,CCL,JHARKHAND,COAL,delayed_orig,2019-11,243.52,,243.52,44.35,2023-03,,2025-03,24.0,0.0,,TETARIAKHAR EXPANSION OCP
N06000163,ECL,WEST BENGAL,COAL,delayed_orig,,,,,,,,,,,of Demographic survey report for Non-ECL houses and valuation of immovable properties for Legal Title Holder (LTH) households by ADDA. 2. Identification and by ADDA. 3. Construction of balance quarters for shifting of remaining eligible families identified under survey report. 4. Shifting of affected families at the resettlement sites by ADDA where construction of flats have already been completed,
N06000169,ECL,JHARKHAND,COAL,delayed_orig,2018-08,513.98,,513.98,179.76,2024-03,2026-03,2026-03,24.0,0.0,,CHITRA EAST (RCE) OCP
N06000191,ECL,WEST BENGAL,COAL,delayed_orig,2020-04,483.65,,483.65,26.51,2025-03,2026-03,2026-03,12.0,0.0,,SHYAMSUNDARPUR UG INCLUDING SAPI UNIT
N06000236,ECL,West Bengal,COAL,delayed_orig,2020-11,888.99,,888.99,88.32,2025-03,2026-03,2026-03,12.0,0.0,,MOHANPUR EXPANSION OC PHASE II
N06000244,ECL,WEST BENGAL,COAL,delayed_orig,2021-08,570.12,,570.11,45.33,2025-03,2026-03,2026-03,12.0,0.0,,BONJEMEHARI EXPANSION OCP
N06000185,ECL,WEST BENGAL,COAL,delayed_orig,2019-07,826.42,389.1,389.1,4.47,2027-03,2028-03,2028-03,12.0,,,PARASEA- BELBAID REORGANISATION UG MINE
N06000143,ECL,JHARKHAND,COAL,delayed_orig,2015-10,359.69,859.41,859.41,316.19,2022-03,2029-03,2029-03,84.0,138.93,,HURA C OC (3 MTY)
N06000172,ECL,WEST BENGAL,COAL,delayed_orig,2019-02,916.62,749.08,749.07,11.69,2027-03,2029-03,2029-03,24.0,,,TILABONI UG MINE
N06000117,MCL,ODISHA,COAL,delayed_orig,2014-11,1375.38,,1375.38,816.64,2021-03,,2026-03,60.0,0.0,,GARJANBAHAL OCP
N06000248,MCL,ODISHA,COAL,delayed_orig,2014-06,348.16,,348.16,194.16,2018-03,,2026-03,96.0,0.0,,KULDA EXPANSION OCP- MTY
N06000112,MCL,ODISHA,COAL,delayed_orig,2014-05,479.15,,479.15,264.66,2019-03,,2027-03,96.0,0.0,,BASUNDHARA (WEST) OC EXTN(7.00 MTY)
N06000152,NLC,Uttar Pradesh,COAL,delayed_orig,2016-07,17237.0,19406.12,19406.12,17105.55,2021-11,2025-03,2025-03,40.0,12.58,,NEYVELI UTTAR PRADESH POWER PROJECT LIMITED MW
N06000162,NCL,Madhya Pradesh,COAL,delayed_orig,2017-11,1255.17,,1255.17,1219.77,2022-03,,2024-07,28.0,0.0,,DUDHICHUA EXPANSION OCP (10 TO MTPA)
N06000184,NCL,MADHYA by FAC of MoEF and CC,COAL,delayed_orig,2019-07,998.71,,998.71,339.07,2023-03,,2025-03,24.0,0.0,Delayed by 24 months as FC proposal was rejected by FAC of MoEF and CC and is under process now for getting FC with modified proposal of forest land implementation.,BLOCK-B EXPANSION OPENCAST PROJECT
N06000192,NCL,MULTI STATE,COAL,delayed_orig,2020-08,836.42,,836.42,611.73,2024-03,,2025-03,12.0,0.0,,BINA KAKRI AMALGAMATION OCP MTPA
N06000208,NCL,Uttar Pradesh,COAL,delayed_orig,2021-06,491.67,,491.67,21.32,2025-03,,2026-03,12.0,0.0,,KHADIA EXPANSION OCP
N06000161,SCCL,TELANGANA,COAL,delayed_orig,2017-03,413.84,,413.84,377.38,2022-03,,2025-03,36.0,0.0,,KAKATIYAKHANI OPENCAST III PROJECT PHASE-1
N06000202,SCCL,TELANGANA,COAL,delayed_orig,2019-07,438.98,,438.98,144.22,2023-03,,2025-03,24.0,0.0,,GODAVARIKHANI COAL MINE
N06000210,SCCL,TELANGANA,COAL,delayed_orig,2015-11,489.62,,489.62,400.35,2023-03,,2025-03,24.0,0.0,,RCE OF RAMAGUNDAM OPENCAST II EXTENSION PROJECT
N06000211,SCCL,TELANGANA,COAL,delayed_orig,2017-08,349.28,,424.81,335.24,2021-03,,2025-03,48.0,21.62,,RCE OF INDARAM OPENCAST PROJECT
N06000213,SCCL,TELANGANA,COAL,delayed_orig,2016-03,384.32,,384.32,206.24,2020-03,,2025-03,60.0,0.0,,RCE OF KALYANIKHANI OPENCAST PROJECT
N06000214,SCCL,TELANGANA,COAL,delayed_orig,,,,,,,,,,,,PROJECT
N06000203,SCCL,ODISHA,COAL,delayed_orig,2020-03,494.3,,494.3,491.33,2024-03,,2026-03,24.0,0.0,,NAINI COAL MINE
N06000204,SCCL,TELANGANA,COAL,delayed_orig,2020-10,484.51,,484.51,135.52,2023-03,,2026-03,36.0,0.0,,VENKATESH KHANI COAL MINE
060100093,SECL,Chhattisgarh,COAL,delayed_orig,2010-06,11816.4,,11816.4,6068.83,2023-03,,2025-03,24.0,0.0,,GEVRA EXPANSION OCP (SECL) (35-70) MTY
N06000008,SECL,Chhattisgarh,COAL,delayed_orig,2013-08,7612.33,,7612.33,4417.81,2023-03,,2025-03,24.0,0.0,,KUSMUNDA EXPN.OCP(SECL)(15-50)MTY
N06000104,SECL,Chhattisgarh,COAL,delayed_orig,2013-12,610.63,,610.63,535.12,2022-03,2025-03,2025-03,36.0,0.0,,CHHAL OC SEAM -III (6.00 MTY)
N06000134,SECL,Madhya Pradesh,COAL,delayed_orig,2015-07,231.92,,231.92,2.75,2022-03,,2025-03,36.0,0.0,,BATURA HIGHWALL PROJECT
N06000198,SECL,Chhattisgarh,COAL,delayed_orig,2020-05,278.64,,278.64,204.23,2024-03,2025-03,2025-03,12.0,0.0,,JAMPALI OCP RCE
N06000232,SECL,Chhattisgarh,COAL,delayed_orig,2016-07,459.49,,459.49,249.31,2020-03,2005-03,2025-03,60.0,0.0,,JAGANNATHPUR OC RCE (3.0 MTY)
N06000076,SECL,Chhattisgarh,COAL,delayed_orig,2008-07,178.44,,178.44,9.02,2014-03,,2026-03,144.0,0.0,,KARTALI (EAST) OCP (2.50 MTY)
N06000123,SECL,Chhattisgarh,COAL,delayed_orig,2015-02,335.97,,335.97,90.39,2018-03,2026-03,2026-03,96.0,0.0,,AMERA OC RCE
N06000124,SECL,Madhya Pradesh,COAL,delayed_orig,2014-12,357.8,,357.8,88.19,2021-03,2026-03,2026-03,60.0,0.0,,RAJNAGAR OCP RPR (1.70 MTY)
N06000125,SECL,Madhya Pradesh,COAL,delayed_orig,2014-12,371.04,,371.04,126.82,2021-03,2026-03,2026-03,60.0,0.0,,KANCHAN OC EXPANSION
N06000135,SECL,Chhattisgarh,COAL,delayed_orig,2015-07,316.1,,316.1,191.16,2020-03,,,72.0,0.0,,AMGAON OPENCAST PROJECT RCE
N06000122,SECL,Madhya Pradesh,COAL,delayed_orig,2015-02,481.6,,481.6,3.4,2023-03,,2027-03,48.0,0.0,,AMRITDHARA OC PROJECT
N06000148,SECL,Madhya Pradesh,COAL,delayed_orig,2016-03,869.44,,869.44,254.73,2021-03,2027-03,2027-03,72.0,0.0,,AMADAND OPENCAST EXPANSION PROJECT
N06000166,SECL,Chhattisgarh,COAL,delayed_orig,2018-11,389.97,,366.94,25.38,2026-03,2029-03,2029-03,36.0,,,JHIRIA WEST OPENCAST PROJECT
N06000207,SECL,Madhya Pradesh,COAL,delayed_orig,2021-03,496.28,,496.28,,2028-03,,2029-03,12.0,0.0,,BATURA WEST OC PROJECT (0.80 MTY)
N06000136,SECL,Chhattisgarh,COAL,delayed_orig,2015-02,916.24,,916.24,50.68,2023-03,,2030-03,84.0,0.0,,DURGAPUR OPENCAST PROJECT
N06000140,SECL,Chhattisgarh,COAL,delayed_orig,2015-10,1875.32,,1875.32,,2024-03,,2030-03,72.0,0.0,,MADANNAGAR OPENCAST PROJECT
N06000045,SECL,Chhattisgarh,COAL,delayed_orig,2014-11,1624.59,,1624.59,13.66,2023-03,,2031-03,96.0,0.0,,PELMA OCP(15.00MTY)
N06000154,WCL,MULTI STATE,COAL,delayed_orig,2016-08,319.76,319.76,319.76,281.38,2022-03,2025-03,2025-03,36.0,0.0,,NILJAI EXPANSION (DEEP) OC (3.5 MTY)
N06000157,WCL,MULTI STATE,COAL,delayed_orig,2017-02,328.0,,328.0,321.43,2021-03,2025-03,2025-03,48.0,0.0,,DURGAPUR EXTENSION (DEEP) OC (3.0 MTY)
N06000179,WCL,MAHARASHTRA,COAL,delayed_orig,2018-11,318.14,,318.14,252.71,2021-03,2025-03,2025-03,48.0,0.0,,UKNI DEEP OC
N06000180,WCL,MAHARASHTRA,COAL,delayed_orig,2018-11,252.71,,252.71,122.64,2021-03,2025-03,2025-03,48.0,0.0,,BELLORA-NAIGAON DEEP OC
N06000219,WCL,MAHARASHTRA,COAL,delayed_orig,2018-11,333.43,,333.43,222.75,2024-03,2025-03,2025-03,12.0,0.0,,ADASA UG TO OC (1.50 MTY)
N06000226,WCL,MAHARASHTRA,COAL,delayed_orig,2018-09,313.34,,313.34,203.13,2024-03,2025-03,2025-03,12.0,0.0,,AMALGAMATED INDER- KAMPTEE DEEP OC (3.20 MTY)
N10000015,CPWD,WEST 1)- Due to Covid-19,MINES,delayed_orig,2019-04,255.37,,255.37,48.83,2022-04,,2026-08,52.0,0.0,"Work started on 20.02.2020, but the work progress delayed due to following reasons. 1)- Due to Covid-19 Pandemic and sanction of project was kept in abeyance by Ministry Of Mines w.e.f July-2020 to April-2021. 2)-Due to shortage of budget for making payment to the State Govt.for change of land use. Budget was received at the end of March-2022 & after making payment to the State Govt. use obtained ","CONSTRUCTION OF BASEMENTG FLOOR10 STORIES BUILDING FOR THE STATE OF THE ART, DG, GSI AT SECTOR-V, SA"
N10000017,NALCO,ODISHA,MINES,delayed_orig,2019-09,225.79,44.87,270.66,5.0,2023-03,2024-05,2024-05,14.0,19.87,,CONSTRUCTION OF RED MUD POND II AT NALCO DAMANJODI ODISHA
N10000014,NALCO,TAMIL NADU,MINES,delayed_orig,2017-09,166.62,163.17,163.17,135.63,2019-06,2024-03,2024-12,66.0,,NFR extension is pending with TANGEDCO.,MW WIND POWER PROJECT AT KAYATHAR IN TAMILNADU
N10000013,NALCO,ODISHA,MINES,delayed_orig,2017-11,483.0,483.0,483.0,315.19,2021-04,2025-05,2025-05,49.0,0.0,,SOURCING OF BAUXITE ARRANGEMENT FOR 5TH STREAM ALUMINA REFINERY FROM SOUTH BLOCK MINING LEASE OF PAN
N10000016,NALCO,ODISHA,MINES,delayed_orig,2018-05,1437.0,1381.0,1381.0,639.16,2024-12,2025-03,2025-05,5.0,,1) Delay in issuance of Terms and Conditions for grant of Mining Lease by Govt of Odisha over an area of 697.979 Ha. 2) Delay in Issuance of Forest Right Act (FRA) certificate. Compensatory Afforestation (CA) Scheme.,POTTANGI BAUXITE MINES
N10000010,NALCO,ODISHA,MINES,delayed_orig,2014-12,4103.0,5677.4,5677.4,2999.82,2021-04,2025-09,2025-09,53.0,38.37,,5TH STREAM ALUMINA REFINERY EXPANSION PROJECT
N10000012,NALCO,ODISHA,MINES,delayed_orig,2015-12,355.0,581.0,581.0,108.93,2020-11,2025-09,2025-09,58.0,63.66,,CONVERSION OF FLAT BOTTOM SETTLERS AND WASHERS WITH A SINGLE TRAIN OF HRDS AND DCWS IN STREAMS AND
N12000124,NMDC,Chhattisgarh,STEEL,delayed_orig,2015-11,2907.0,,2907.0,1979.42,2023-06,2024-07,2025-11,29.0,0.0,,NMDC SLURRY PIPE LINE PROJECT PHASE-1
N12000127,NMDC,Chhattisgarh,STEEL,delayed_orig,2021-03,2092.97,2718.84,2718.84,1090.01,2024-08,,2026-01,17.0,29.9,,SCREENING PLANT-III AT KIRANDUL
N12000130,NMDC,Chhattisgarh,STEEL,delayed_orig,2021-07,282.44,,282.44,78.11,2024-11,,2026-01,14.0,0.0,,CONSTRUCTION OF RESIDENTIAL TOWERS AT BIOM KIRANDUL COMPLEX
N12000122,SAIL,ODISHA,STEEL,delayed_orig,2020-11,377.18,,377.18,369.62,2023-05,,2024-08,15.0,0.0,,REBUILDING OF COKE OVEN BATTERY-2 ALONGWITH AUGMENTATION OF COKE HANDLING AND GAS HANDLING FACILITY
N12000095,SAIL,JHARKHAND,STEEL,delayed_orig,2015-03,1034.01,,1034.01,869.86,2017-10,2021-12,2026-06,104.0,0.0,,NEW SINTER PLANT AT BOKARO STEEL PLANT
N16000452,BPCL,Maharashtra,PETROLEUM,delayed_orig,2022-05,423.39,,423.39,181.25,2024-03,,2024-09,6.0,0.0,,CONSTRUCTION OF LUBE OIL BLENDING AND FILLING PLANT AT RASAYANI
N16000442,BPCL,Maharashtra,PETROLEUM,delayed_orig,2021-04,1164.69,,1164.69,578.24,2024-06,,2025-04,10.0,0.0,,DEBOTTLENECKING AND AUGMENTATION OF CRYOGENIC FACILITIES AT URAN LPG IMPORT TERMINAL
N16000234,BPCL,TAMIL NADU,PETROLEUM,delayed_orig,2012-11,678.0,1732.0,1732.0,532.01,2017-02,2025-10,2025-10,104.0,155.46,,IRUGUR-DEVANGONTHI POL PIPELINE
N16000499,BPCL,Andhra Pradesh,PETROLEUM,delayed_orig,2019-09,1932.0,,1932.0,1437.19,2025-03,,2025-10,7.0,0.0,,MULTI-PRODUCT PIPELINE FROM KRISHNAPATNAM COASTAL INSTALLATION TO THE PROPOSED INSTALLATION AT HYDER
N16000388,GAIL,MULTI STATE,PETROLEUM,delayed_orig,2019-09,2658.34,,2658.34,1888.5,2022-07,2024-09,2024-09,26.0,0.0,Delay in receipt of Forest permission for Spurline.,SRIKAKULAM ANGUL PIPELINE PROJECT
N16000398,GAIL,MULTI STATE section.,PETROLEUM,delayed_orig,2020-06,7844.25,,7844.25,5486.1,2023-05,2024-10,2024-10,17.0,0.0,-Hindrances in MSRDC RoW in Mumbai Nagpur section. Fo rest permission & Wildlife clearance in under process & expected to take time.,MUMBAI NAGPUR JHARSUGUDA PIPELINE PROJECT
N16000285,GAIL,MULTI STATE now being laid by,PETROLEUM,delayed_orig,2009-06,2915.0,5909.0,5909.0,3876.6,2012-12,2024-11,2024-11,143.0,102.71,Non availability of hindrance free RoU in Tamil Nadu. however pipeline is now being laid by highways/road.,KOCHI-KOOTTANAD- BANGALORE-MANGALORE PIPELINE PHASE-II
N16000275,GAIL,WEST BENGAL disbursement in West,PETROLEUM,delayed_orig,2017-03,1740.0,2433.15,2433.15,1885.8,2020-12,2024-06,2025-03,51.0,39.84,"Slow RoU acquisition, Rate declaration and disbursement in West Bengal. Fisheries Issues in Purba Medinipur.",DURGAPUR-HALDIA PIPELINE PROJECT
N16000391,GAIL,MULTI STATE issues in Purba Medinipur.,PETROLEUM,delayed_orig,2020-03,1030.65,,1030.65,751.6,2022-11,2024-06,2025-03,28.0,0.0,Delay in RoU acquisition in West Bengal.Fisheries issues in Purba Medinipur.,DHAMRA HALDIA PIPELINE PROJECT
N16000429,GAIL,Uttar Pradesh,PETROLEUM,delayed_orig,2019-03,910.56,1299.02,1299.02,700.4,2024-04,2024-04,2025-03,11.0,42.66,,KTA POLYPROPYLENE PROJECT
N16000430,GAIL,MAHARASHTRA,PETROLEUM,delayed_orig,2019-05,8797.0,11256.0,11256.0,4022.27,2025-04,2025-10,2025-10,6.0,27.95,No Delay,SETTING UP 500KTPA PROPANE DEHYDROGENATION INTEGRATED WITH POLYPROPYLENE UNIT ALONG WITH OFFSITE AND
N16000235,HPCL,Andhra Pradesh,PETROLEUM,delayed_orig,2016-07,20928.0,26264.0,26264.0,25798.72,2020-07,2022-07,2024-06,47.0,25.5,,VISAKH REFINERY MODERNISATION PROJECT
N16000402,HPCL,PUNJAB,PETROLEUM,delayed_orig,2020-05,1421.46,,1421.46,990.43,2023-02,2024-07,2024-07,17.0,0.0,,"SECOND GENERATION ETHANOL BIOREFINERY PROJECT, BATHINDA, PUNJAB"
N16000369,HPCL,KARNATAKA,PETROLEUM,delayed_orig,2018-12,854.0,854.0,854.0,560.46,2022-12,2024-09,2024-09,21.0,0.0,,CONSTRUCTION OF 80000MT LPG CAVERN AT MANGALORE
N16000378,HPCL,Andhra Pradesh,PETROLEUM,delayed_orig,2019-09,196.26,196.26,196.26,147.53,2020-07,,2024-11,52.0,0.0,,SWRO II WITH LLPH FACILITIES
N16000440,HPCL,PUNJAB,PETROLEUM,delayed_orig,2021-11,367.0,,367.0,255.29,2024-05,,2025-02,9.0,0.0,,BHATINDA SANGRUR PIPELINE
N16000413,HPCL,Chhattisgarh,PETROLEUM,delayed_orig,2021-03,456.0,,456.0,300.15,2024-03,2025-03,2025-03,12.0,0.0,,AUGMENTATION OF FACILITIES AT THE EXISTING RAIPUR DEPOT
N16000432,HPCL,Andhra Pradesh,PETROLEUM,delayed_orig,2021-09,160.0,,160.0,10.07,2024-06,,2025-06,12.0,0.0,,HP CRUDE TO OLEFINS AND AROMATICS TECHNOLOGY DEMO UNIT AT VISAKH REFINERY
N16000513,HPCLRRL(JV),Rajasthan,PETROLEUM,delayed_orig,2017-10,43129.0,72937.0,72937.0,46029.0,2022-10,2025-03,2025-03,29.0,69.11,,RAJASTHAN REFINERY PROJECT
N16000446,IOCL,MAHARASHTRA,PETROLEUM,delayed_orig,2021-09,378.0,,378.0,120.07,2023-10,2024-05,2024-05,7.0,0.0,,EXPANSION OF CRYOGENICS GROUP BY SETTING UP NEW MANUFACTURING FACILITY
N16000405,IOCL,TAMIL NADU,PETROLEUM,delayed_orig,2020-10,1398.0,1587.0,1587.0,1098.0,2023-12,2024-08,2024-08,8.0,13.52,NA,"SETTING UP LUBE COMPLEX AT VILLAGES AMULLAVOYAL AND VAIKKADU, CHENNAI AS RESITEMENT OF EXISTING FACI"
N16000382,IOCL,GUJARAT,PETROLEUM,delayed_orig,2019-11,5251.0,5894.0,5894.0,3987.09,2023-05,2024-03,2024-09,16.0,12.25,,ACRYLICS OR OXO-ALCOHOL PROJECT AT GUJARAT REFINERY
N16000411,IOCL,GUJARAT obtaining Statutory,PETROLEUM,delayed_orig,2020-10,1614.0,,1614.0,920.7,2023-08,2024-05,2024-11,15.0,0.0,"in purchase of land at Vadinar and Surendranagar. Delay in obtaining Statutory clearance such as PESO, CTE",AUGUMENTATION OF SALAYA MATHURA CRUDE OIL PIPELINE SYSTEM
N16000253,IOCL,TAMIL NADU,PETROLEUM,delayed_orig,2016-05,4497.0,6025.0,6025.0,5502.92,2018-12,2024-03,2024-12,72.0,33.98,,ENNORE THIRUVALLUR BENGALURU PUDUCHERRY NAGAPATTINAM MADURAITUTICORIN GAS PIPELINE
N16000361,IOCL,ODISHA,PETROLEUM,delayed_orig,2018-11,462.3,543.0,543.0,445.45,2021-09,2024-12,2024-12,39.0,17.46,,ADDITIONAL STORAGE TANKS AT PARADIP
N16000362,IOCL,ODISHA,PETROLEUM,delayed_orig,2019-05,3361.0,,3361.0,2653.07,2021-08,2024-12,2024-12,40.0,0.0,,Fuel Quality Upgradation Project at Paradip Refinery
N16000368,IOCL,ODISHA,PETROLEUM,delayed_orig,2019-06,427.1,427.1,427.1,281.58,2022-09,2024-12,2024-12,27.0,0.0,,INSTALLATION OF STANDBY SRU TRAIN OF TPD ALONGWITH INCINERATOR AT PARADIP REFINERY
N16000386,IOCL,BIHAR related to closure of Roads,PETROLEUM,delayed_orig,2020-01,14810.0,,14810.0,8704.61,2023-04,2024-12,2024-12,20.0,0.0,"""State Govt/Local Govt related issues: a) Issues related to closure of Roads (viz. Merger of Refinery & Biological Treatment Plant (BTP) Premises, and Boundary Wall Construction near Mahna Village for Polypropylene Unit construction) is pending with local administration and b) There are restrictions imposed on plying of heavy vehicle carrying sand, stone & construction materials over Rajendra Setu",BARAUNI REFINERY CAPACITY EXPANSION FROM TO MMTPA
N16000403,IOCL,TAMIL NADU,PETROLEUM,delayed_orig,2020-10,921.0,,921.0,649.04,2023-09,2024-12,2024-12,15.0,0.0,NA,"CONSTRUCTION OF CAPTIVE POL LPG JETTY AT KAMARAJAR PORT, CHENNAI"
N16000435,IOCL,RAJASTHAN,PETROLEUM,delayed_orig,2021-12,9028.0,,9028.0,5174.44,2024-10,2024-12,2024-12,2.0,0.0,,NEW MUNDRA-PANIPAT CRUDE OIL PIPELINE
N16000414,IOCL,ASSAM,PETROLEUM,delayed_orig,2021-05,412.0,509.84,509.84,330.54,2023-10,2025-02,2025-02,16.0,23.75,,EXPANSION OF GUWAHATI REFINERY FROM TO MMTPA ALONG WITH INSTALLATION OF CATALYTIC REFORMING UN
N16000343,IOCL,Andhra Pradesh,PETROLEUM,delayed_orig,2018-04,355.0,,355.0,234.89,2022-04,2025-03,2025-03,35.0,0.0,NA,REVAMPING OF FACILITIES AT VIZAG TERMINAL
N16000396,IOCL,ODISHA,PETROLEUM,delayed_orig,2020-07,13805.0,,13805.0,6153.72,2024-01,2025-04,2025-04,15.0,0.0,,INTEGRATED PARA XYLENE (PX) AND PURIFIED TEREPHTHALIC ACID (PTA) PROJECT AT PARADIP REFINERY
N16000375,IOCL,HARYANA,PETROLEUM,delayed_orig,2019-06,2281.94,3219.94,3219.94,1459.77,2022-12,2025-07,2025-07,31.0,41.11,,R and D CAMPUS II AT FARIDABAD
N16000454,IOCL,GUJARAT,PETROLEUM,delayed_orig,2022-01,328.0,,328.0,15.53,2024-09,,2025-08,11.0,0.0,,INSTALLATION OF NEW BITUMEN UNIT ALONG WITH ALLIED FACILITIES AT GUJARAT
N16000495,IOCL,TRIPURA,PETROLEUM,delayed_orig,2022-06,656.0,,656.0,279.17,2025-08,2025-09,2025-09,1.0,0.0,NA,"GRASS ROOT RAIL FED DEPOT AT SEKERKOTE, AGARTALA AS RESITEMENT OF EXISTING DHARMANAGAR DEPOT"
N16000409,IOCL,GUJARAT,PETROLEUM,delayed_orig,2020-09,18936.0,,18936.0,7771.87,2024-08,,2025-12,16.0,0.0,State Govt/Local Govt related issues: a)Acquisition of village land.,PETROCHEMICAL AND LUBE INTEGRATION PROJECT AT GUJARAT REFINERY
N16000412,IOCL,HARYANA,PETROLEUM,delayed_orig,,,,,,,,,,,,MMTPA
N16000437,IOCL,KARNATAKA,PETROLEUM,delayed_orig,2022-01,463.0,,463.0,154.1,2025-07,2025-12,2025-12,5.0,0.0,NA,"REVAMPING, AUGMENTATION OF FACILITIES AT EXISTING PORT TERMINAL AT MANGALORE"
N16000457,IOCL,ASSAM,PETROLEUM,delayed_orig,2022-06,768.0,,768.0,57.13,2025-10,,2026-03,5.0,0.0,,CAPACITY EXPANSION OF DIGBOI REFINERY FROM TO MMTPA
N16000455,IOCL,TAMIL NADU,PETROLEUM,delayed_orig,2022-01,829.0,,829.0,170.2,2024-07,2026-05,2026-05,22.0,0.0,,LAYING OF POL PIPELINES IN COMMON CORRIDOR FOR PROPOSED GRASS ROOT TERMINAL AT VALLUR (CHENNAI)
N16000504,IOCL,MAHARASHTRA,PETROLEUM,delayed_orig,2022-04,341.43,,341.43,173.65,2024-10,2026-08,2026-08,22.0,0.0,NA,CONSTRUCTION OF ADDITIONAL TANKAGES AND ALLIED FACILITIES AT JNPT TERMINAL
N16000441,IOCL,ASSAM,PETROLEUM,delayed_orig,2022-03,277.0,,277.0,142.72,2026-07,2026-09,2026-09,2.0,0.0,NA,"REVAMPING OF FACILITIES AT EXISTING GUWAHATI TERMINAL, ASSAM"
N16000506,IOCL,Uttar Pradesh,PETROLEUM,delayed_orig,2022-09,980.45,,980.45,79.85,2026-06,,2026-11,5.0,0.0,NA,GRASS-ROOT TERMINAL AT MIRZAPUR UTTAR PRADESH
N16000505,IOCL,Uttar Pradesh,PETROLEUM,delayed_orig,2022-04,260.12,,260.12,,2025-04,2026-12,2026-12,20.0,0.0,NA,AUGMENTATION OF FACILITIES AT MATHURA BITUMEN PLANT
N16000423,IOCL,BIHAR,PETROLEUM,delayed_orig,2019-06,163.0,,163.0,68.46,2029-12,2030-03,2030-03,3.0,0.0,,"CGD PROJECT AT KHAGARIA, SAHARSA AND MADHEPURA"
N16000426,IOCL,MULTI STATE,PETROLEUM,delayed_orig,2019-06,169.0,,169.0,65.17,2029-12,2030-03,2030-03,3.0,0.0,,CGD PROJECT AT NAWADA AND KODERMA DISTRICTS
N16000439,IGGL,MULTI STATE,PETROLEUM,delayed_orig,2020-11,9265.0,9265.0,9265.0,5413.03,2024-03,2025-03,2025-03,12.0,0.0,Not applicable.,NORTH EAST GAS GRID
N16000401,MANGALORE,,PETROLEUM,delayed_orig,2020-06,200.0,304.0,304.0,245.26,2023-06,2024-03,2024-07,13.0,52.0,,DEVANGONTHI MARKETING TERMINAL
N16000394,NRL,ASSAM,PETROLEUM,delayed_orig,2019-01,10228.0,,9058.0,7420.15,2024-10,,2025-09,11.0,,,NUMALIGARH REFINERY EXPANSION PROJECT COIT AND PIPELINES
N16000379,NRL,ASSAM,PETROLEUM,delayed_orig,2019-01,12366.0,,18968.0,10740.74,2024-10,,2025-12,14.0,53.39,,NUMALIGARH REFINERY EXPANSION PROJECT MMTPA REFINARY
N16000247,ONGC,Andhra Pradesh,PETROLEUM,delayed_orig,2016-03,34012.0,,34012.0,29543.73,2020-06,2024-05,2024-05,47.0,0.0,,KG-DWN-98-2 CLUSTER II DEVELOPMENT PROJECT
N16000436,ONGC,Maharashtra,PETROLEUM,delayed_orig,2022-01,3183.58,,3645.23,2705.68,2024-05,2024-06,2024-06,1.0,14.5,,PIPELINE REPLACEMENT PROJECT VII
N16000433,ONGC,ASSAM,PETROLEUM,delayed_orig,2021-08,218.38,,218.38,108.34,2023-02,2024-06,2024-07,17.0,0.0,,"GAS ASSISTED GRAVITY DRAINAGE SCHEME, KASOMARIGAON"
N16000502,ONGC,GOA,PETROLEUM,delayed_orig,2023-03,325.53,,325.53,253.65,2024-06,,2024-11,5.0,0.0,,"UPGRADING IPSHEM TO WORLD CLASS FACILITY OF ONGC, GOA"
N16000445,ONGC,JHARKHAND,PETROLEUM,delayed_orig,2019-11,431.0,,431.0,140.06,2024-01,2024-03,2024-12,11.0,0.0,,DEVELOPMENT OF JHARIA CBM BLOCK (PHASE-1)
N16000515,ONGC,Maharashtra,PETROLEUM,delayed_orig,2022-11,1219.48,,1145.1,,2024-05,2024-12,2024-12,7.0,,,PART REPLACEMENT PIPELINE PROJECT (PRPP)
N16000358,ONGC,Maharashtra,PETROLEUM,delayed_orig,2019-04,3228.8,3976.67,3976.67,3897.3,2022-03,2024-06,2025-02,35.0,23.16,,MUMBAI HIGH NORTH REDEVELOPMENT PHASE-IV
N16000239,ONGC,JHARKHAND,PETROLEUM,delayed_orig,2015-12,823.27,1137.79,1137.79,1028.58,2023-03,2024-03,2025-03,24.0,38.2,LAQ issues for remaining well locations.,DEVELOPMENT PLAN OF CBM BOKARO BLOCK
N16000428,ONGC,GUJARAT,PETROLEUM,delayed_orig,2021-04,631.03,860.04,860.04,242.83,2025-03,,2025-07,4.0,36.29,,REDEVELOPMENT OF LINCH FIELD
N16000470,ONGC,Maharashtra,PETROLEUM,delayed_orig,2022-06,4144.41,5726.03,5726.03,1.21,2025-10,,2026-02,4.0,38.16,,DAMAN UPSIDE DEVELOPMENT PROJECT (DUDP) IN TAPTI DAMAN BLOCK
N16000213,ONGC,Maharashtra,PETROLEUM,delayed_orig,2015-12,3190.69,3375.9,3375.9,2961.86,2018-04,2023-12,2026-05,97.0,5.8,,LIFE EXTENSION OF WALL PLATFORMS OF MUMBAI HIGH AND HEERA FIELDS
N16000331,OIL,ASSAM,PETROLEUM,delayed_orig,2018-01,543.91,,670.9,491.56,2020-02,2023-12,2024-12,58.0,23.35,,DEVELOPMENT OF SURFACE FACILITIES FOR PRODUCTION AND EVACUATION OF CRUDE OIL AND NATURAL GAS FROM NA
N16000450,OIL,ASSAM,PETROLEUM,delayed_orig,2020-12,430.76,,430.76,218.9,2024-07,2024-03,2024-12,5.0,0.0,,"PROJECT TO CONSTRUCT A FIELD GAS GATHERING STATION AT BAGHJAN AREA FOR COLLECTION,PROCESSING"
N18000172,CVPPPL,Jammu and Kashmir,POWER,delayed_orig,2014-10,8112.12,,8112.12,4329.66,2020-04,2025-07,2026-09,77.0,0.0,,PAKAL DUL HYDRO ELECTRIC PROJECT (1000 MW)
N18000363,CVPPPL,Jammu and Kashmir,POWER,delayed_orig,2022-05,4526.12,,4526.12,633.99,2026-11,,2027-12,13.0,0.0,Infusion of Equity by JKSPDC,KWAR HE PROJECT
180100210,NHPC,Himachal Pradesh,POWER,delayed_orig,2002-09,3919.59,,12160.0,11278.29,2009-09,,2024-12,183.0,210.24,,PARBATI HEP (4X200 MW) (NHPC) II
N18000368,NHPC,RAJASTHAN,POWER,delayed_orig,2022-05,1677.12,,1677.12,679.6,2023-11,,2025-03,16.0,0.0,,MW SOLAR POWER PROJECT UNDER CPSU SCHEME
N18000326,NHPC,SIKKIM,POWER,delayed_orig,2021-03,938.29,,1871.23,1075.33,2024-05,,2025-05,12.0,99.43,,RANGIT IV HE PROJECT
180100221,NHPC,Arunachal Pradesh,POWER,delayed_orig,2003-09,6285.33,,21247.54,21272.82,2010-09,,2026-05,188.0,238.05,,SUBANSIRI LOWER H.E.P (8X250 MW) (NHPC)
N18000324,NHPC,Jammu and Kashmir,POWER,delayed_orig,2021-02,5281.94,,5281.94,708.63,2026-02,,2026-12,10.0,0.0,,RATLE HE PROJECT
N18000325,NHPC,SIKKIM,POWER,delayed_orig,2019-03,5748.04,,5748.04,3542.56,2024-03,,2027-12,45.0,0.0,,TEESTA VI HE PROJECT
N18000319,NTPC,GUJARAT,POWER,delayed_orig,2021-11,937.8,,937.8,689.82,2023-05,,2024-06,13.0,0.0,,DAYAPAR WIND ENERGY PROJECT 150MW
N18000349,NTPC,GUJARAT,POWER,delayed_orig,2022-11,1442.6,,1442.6,80.6,2024-03,,2024-06,3.0,0.0,,BHUJ SOLAR 300MW (TRANCHE- IV WIND SOLAR HYBRID)
N18000286,NTPC,RAJASTHAN,POWER,delayed_orig,2020-03,1782.0,,1782.0,1279.42,2021-09,,2024-09,36.0,0.0,,SAMBHU KI BHURJ-II SOLAR 300MW
N18000320,NTPC,RAJASTHAN,POWER,delayed_orig,2022-03,1352.71,,1352.71,359.51,2023-08,,2024-09,13.0,0.0,,NOKH PLOT-1 SOLAR PV PROJECT 245MW
N18000321,NTPC,RAJASTHAN,POWER,delayed_orig,2022-03,1409.52,,1409.52,632.99,2023-08,,2024-09,,,,NOKH PLOT-2 SOLAR PV PROJECT 245MW
N18000322,NTPC,RAJASTHAN,POWER,delayed_orig,2022-03,1426.94,,1426.94,362.86,2023-08,,2024-09,13.0,0.0,,NOKH PLOT-3 SOLAR PV PROJECT 245MW
180100242,NTPC,BIHAR,POWER,delayed_orig,2005-02,8692.97,21312.11,21312.11,22311.28,2011-10,2023-07,2024-11,157.0,145.16,,BARH STPP(3X660MW) NTPC
N18000177,NTPC,JHARKHAND,POWER,delayed_orig,2014-02,16242.9,,17007.0,15361.62,2019-06,2022-10,2024-12,66.0,4.7,,NORTH KARANPURA STPP (3X660 MW)
N18000347,NTPC,RAJASTHAN,POWER,delayed_orig,2022-06,2598.92,,2598.92,453.43,2024-03,,2024-12,9.0,0.0,,BHADLA-II 500MW SOLAR PV PROJECT
N18000366,NTPC,GUJARAT,POWER,delayed_orig,2023-05,1095.01,,1095.01,75.46,2025-01,,2025-05,4.0,0.0,,DAYAPAR WIND- III (HYBRID TRANCHE-V)
N18000275,NTPC,JHARKHAND,POWER,delayed_orig,2017-11,17112.0,,17112.0,13151.45,2023-03,,2025-11,32.0,0.0,,PATRATU STPP-I (3X800MW)
N18000178,NTPC,WEST BENGAL,POWER,delayed_orig,2014-09,1381.84,,1803.0,1042.24,2019-09,,2029-03,114.0,30.48,,RAMMAM-III HEPP (3X40 MW)
N18000014,NTPC,Uttarakhand,POWER,delayed_orig,2006-11,2978.48,,7103.0,6298.38,2013-03,,2029-04,193.0,138.48,,TAPOVAN-VISHNUGAD HEP (4X130MW)
N18000305,PGCIL,RAJASTHAN,POWER,delayed_orig,2021-06,713.82,,713.82,583.51,2022-12,,2024-05,17.0,0.0,,TRANSMISSION SYSTEM STRENGTHENING SCHEME FOR EVACUATION OF POWER FROM SOLAR ENERGY ZONES IN RAJASTHA
N18000184,PGCIL,MULTI STATE,POWER,delayed_orig,2015-03,197.4,,197.4,161.89,2018-03,,2024-06,75.0,0.0,,ESTABLISHMENT OF FIBER OPTIC COMMUNICATION SYSTEM IN NR UNDER FIBER (ADDITIO
N18000332,PGCIL,MULTI STATE,POWER,delayed_orig,2022-05,1666.0,,1666.0,1119.62,2023-11,,2024-07,8.0,0.0,,TRANSMISSION SYSTEM STRENGTHENING SCHEME FOR EVACUATION OF POWER FROM SOLAR ENERGY ZONES IN RAJASTHA
N18000371,PGCIL,RAJASTHAN,POWER,delayed_orig,2023-02,200.58,,200.58,131.24,2024-05,,2024-07,2.0,0.0,,SCHEME TO RELIEVE HIGH LOADING OF WR-NR INTER REGIONAL CORRIDOR
N18000316,PGCIL,MULTI STATE,POWER,delayed_orig,2021-05,576.42,,576.42,415.39,2023-03,,2024-08,17.0,0.0,,NORTH EASTERN REGION STRENGTHENING SCHEME-XII
N18000264,PGCIL,MULTI,POWER,delayed_orig,2017-08,1931.39,,2635.55,1973.12,2020-02,,2024-09,55.0,36.46,,HVDC BIPOLE LINK BETWEEN WR AND SR -NORTH TRICHUR SCHEME -II AC SYSTEM STRENGTHENING AT PUGALUR EN
N18000306,PGCIL,RAJASTHAN,POWER,delayed_orig,2021-06,1562.0,,1562.0,1039.75,2022-12,,2024-09,21.0,0.0,,TRANSMISSION SYSTEM STRENGTHENING SCHEME FOR EVACUATION OF POWER FROM SOLAR ENERGY ZONES IN RAJASTHA
N18000307,PGCIL,RAJASTHAN,POWER,delayed_orig,2021-06,1006.0,,1006.0,847.05,2022-12,,2024-09,21.0,0.0,,TRANSMISSION SYSTEM STRENGTHENING SCHEME FOR EVACUATION OF POWER FROM SOLAR ENERGY ZONES IN RAJASTHA
N18000331,PGCIL,MULTI STATE,POWER,delayed_orig,2022-02,359.47,,359.47,121.17,2023-09,,2024-09,12.0,0.0,,TRANSMISSION SYSTEM STRENGTHENING SCHEME FOR EVACUATION OF POWER FROM SOLAR ENERGY ZONES IN RAJASTHA
N18000337,PGCIL,MULTI STATE,POWER,delayed_orig,2022-07,4546.26,,4546.26,1804.25,2023-06,,2024-09,15.0,0.0,,TRANSMISSION NETWORK EXPANSION IN GUJARAT TO INCREASE ATC FROM ISTS: PART B
N18000350,PGCIL,Chhattisgarh,POWER,delayed_orig,2023-02,385.84,,385.84,36.71,2023-11,,2024-09,10.0,0.0,,WESTERN REGION EXPANSION SCHEME XXV
N18000250,PGCIL,MULTI STATE,POWER,delayed_orig,2014-12,5111.33,,6700.0,4876.43,2018-12,,2024-12,72.0,31.08,,NORTH EASTERN REGION POWER SYSTEM IMPROVEMENT PROJECT (NERPSIP) FOR SIX (6) STATES
N18000249,PGCIL,MULTI STATE,POWER,delayed_orig,2014-12,4754.42,,9129.32,6453.4,2018-12,,2025-03,75.0,92.02,,COMPREHENSIVE SCHEME FOR THE STRENGHTENING OF THE TRANSMISSION AND DISTRIBUTION SYSTEM IN A P
N18000380,PGCIL,Andhra Pradesh,POWER,delayed_orig,2023-09,1249.0,,1249.0,56.94,2025-03,,2025-09,6.0,0.0,,TRANSMISSION SCHEME FOR SOLAR ENERGY ZONE IN ANANTHPURAM (2500MW) AND KURNOOL (1000MW)
N18000342,SJVN,Madhya Pradesh,POWER,delayed_orig,2022-11,646.17,,646.17,576.82,2024-04,,2024-06,2.0,0.0,,OMKARESHWAR FLOATING SOLAR POWER PROJECT (90 MW)
N18000297,SJVN,GUJARAT,POWER,delayed_orig,2021-05,339.35,,339.35,330.05,2022-10,,2024-09,23.0,0.0,,Bagodara Solar Power Project
N18000194,SJVN,BIHAR,POWER,delayed_orig,2019-03,10439.09,,10439.09,9933.89,2024-01,,2024-12,11.0,0.0,,BUXAR THERMAL POWER PLANT (1320 MW)
N18000335,SJVN,Maharashtra,POWER,delayed_orig,2022-04,5491.89,532.0,5491.89,2653.11,2024-05,,2025-03,10.0,0.0,,BIKANER SOLAR POWER PROJECT
N18000010,THDCIL,Uttarakhand,POWER,delayed_orig,2006-07,1657.0,,4825.6,6484.41,2016-02,2022-06,2024-10,104.0,191.23,,TEHRI PUMPED STORAGE PLANT(1000MW)
N18000272,THDCIL,Uttar Pradesh,POWER,delayed_orig,2019-03,11089.42,,11089.42,10211.36,2023-09,,2024-10,13.0,0.0,,KHURJA SUPER THERMAL POWER PROJECT
N18000042,THDCIL,"UTTARAKHA However, in PH / TRT area",POWER,delayed_orig,2008-08,2491.58,3860.35,3860.35,3730.12,2013-06,,2026-06,156.0,54.94,"Presently, the works at Project are in progress. However, in PH / TRT area works are going on with controlled blasting.",VISHNUGAD PIPALKOTI HYDRO ELECTRIC PROJECT
N28000112,CPWD,,POWER,delayed_orig,2017-09,150.29,,162.0,88.39,2020-03,2024-03,2024-05,50.0,7.79,,C/O NEW HOSPITAL BLOCK FOR SREE CHITRA TIRUNAL INSTITIUTE OF MEDICAL SCIENCE AND TECHNOLOGY (SCTIMST
N21000029,CPWD FOR,,POWER,delayed_orig,2019-03,1404.0,1642.0,1642.0,1340.12,2023-09,2024-06,2024-06,9.0,16.95,,"CONSTRUCTION OF AIIMS AT JAMMU VIJAYPUR, SAMBA JAMMU AND KASHMIR"
N28000098,CPWD,,POWER,delayed_orig,2016-10,209.84,252.65,281.06,248.29,2020-03,2024-07,2024-07,52.0,33.94,,ESTABLISHMENT OF NATIONAL ANIMAL RESOURCE FACILITY FOR BIOMEDICAL RESEARCH AT HYDERABAD
N28000150,CPWD,,POWER,delayed_orig,2019-03,1828.0,1577.0,1577.0,995.63,2025-09,2025-01,2025-11,2.0,,,C/O AIIMS AT AWANTIPORA (KASHMIR) JAMMU AND KASHMIR
N28000127,CPWD FOR,,POWER,delayed_orig,2018-12,260.0,371.78,371.78,46.24,2021-06,2026-08,2026-08,62.0,42.99,,CONSTRUCTION OF BEDDED HOSPITAL AND TEACHING BLOCK IN DR YS PARMAR GMC AT NAHAN HIMACHAL PRADESH
N21000027,HITES,ASSAM,POWER,delayed_orig,2017-05,875.0,873.92,860.0,734.5,2021-05,2023-04,2024-08,39.0,,,"ALL INDIA INSTITUTE OF MEDICAL SCIENCE AT GUWAHATI, ASSAM"
N21000031,HITES,TELANGANA,POWER,delayed_orig,2018-12,1110.55,1110.55,1110.55,550.42,2024-07,2024-10,2024-10,3.0,0.0,,"COMPREHENSIVE PLANNING, DESIGNING, EXECUTION OF ALL INDIA INSTITUTE OF MEDICAL SCIENCES AT BIBINAGAR"
N21000032,HITES,HARYANA,POWER,delayed_orig,2019-03,1294.34,1294.34,1294.34,97.69,2023-03,2026-03,2026-03,36.0,0.0,,"ALL INDIA INSTITUTE OF MEDICAL SCIENCES AT MANETHI, HARYANA."
N22000359,CR,MAHARASHTRA,RAILWAYS,delayed_orig,2015-02,3627.47,3627.0,6463.49,3737.52,2024-03,,2024-06,3.0,78.18,,PUNE-MIRAJ-LONDA (467 KM)
N22000360,CR,MAHARASHTRA,RAILWAYS,delayed_orig,2016-02,1876.0,,2081.27,2056.27,2023-03,,2024-12,21.0,10.94,,DAUND MANMAD (236 KM)
N22000361,CR,MAHARASHTRA,RAILWAYS,delayed_orig,2016-02,1035.16,,1035.16,1219.08,2022-03,,2024-12,33.0,0.0,,MANMAD JALGAON 3RD LINE (160 KM)
N22000250,CR,MAHARASHTRA,RAILWAYS,delayed_orig,2012-04,540.02,,540.02,547.33,2022-03,,2025-03,36.0,0.0,,WARDHA-SEWAGRAM NGP 3RD LINE
N22000356,CR,MAHARASHTRA,RAILWAYS,delayed_orig,2015-02,1272.19,,1384.72,1021.24,2022-03,,2025-03,36.0,8.85,,WARDHA-BALHARSHAH 3RD LINE (132 KM)
N22000362,CR,MAHARASHTRA,RAILWAYS,delayed_orig,2016-02,637.95,,637.95,717.11,2023-03,,2025-03,24.0,0.0,,WARDHA NAGPUR 4TH LINE (76 KM)
220100181,CR,MAHARASHTRA,RAILWAYS,delayed_orig,1997-02,2271.5,,4805.17,4072.18,2021-03,,2025-12,57.0,111.54,,AHMEDNAGAR-PARLI VAIJNATH(NL) CR
N22000233,CR,MAHARASHTRA,RAILWAYS,delayed_orig,2011-04,792.89,,792.89,700.54,2021-03,,2025-12,57.0,0.0,,KALYAN-KASARA 3RD LINE
N22000231,CR,MAHARASHTRA,RAILWAYS,delayed_orig,2008-04,3168.29,,3445.48,2394.71,2023-03,,2026-12,45.0,8.75,,WARDHA-NANDED MAHARASHTRA
N22000514,CR,MAHARASHTRA,RAILWAYS,delayed_orig,2019-01,492.76,,492.76,149.6,2026-03,,2026-12,9.0,0.0,,DHULE (BORVIHIR)-NARDANA (UMBRELLA WORK)
N22000358,CR,MAHARASHTRA,RAILWAYS,delayed_orig,2015-02,2449.91,,2449.91,1254.93,2023-03,,2027-03,48.0,0.0,,ITARSI-NAGPUR (BAL.) 3RD LINE (267 KM)
N22000349,ECR,BIHAR,RAILWAYS,delayed_orig,2015-12,1200.2,1200.2,1771.07,1615.77,2020-03,,2024-05,50.0,47.56,,KIUL GAYA DOUBLING PROJECT
N22000472,ECR,BIHAR,RAILWAYS,delayed_orig,2016-04,744.04,1215.54,1215.54,1254.17,2021-03,,2024-06,39.0,63.37,,SAGAULI VALMIKINAGAR DOUBLING KM
N22000473,ECR,BIHAR,RAILWAYS,delayed_orig,2016-04,731.64,1185.73,1250.0,1265.86,2021-03,,2024-06,39.0,70.85,,MUZAFFARPUR SAGAULI DOUBLING KM
N22000610,ECR,JHARKHAND,RAILWAYS,delayed_orig,2017-03,262.71,,262.71,176.48,2024-03,,2024-07,4.0,0.0,,GARHWA ROAD RAIL OVER RAIL
N22000419,ECR,Uttar Pradesh,RAILWAYS,delayed_orig,2015-08,528.57,762.97,762.97,698.2,2019-03,,2024-08,65.0,44.35,,KARAILA ROAD SHAKTINAGAR DOUBLING
N22000417,ECR,Uttar Pradesh,RAILWAYS,delayed_orig,2015-08,2436.21,2880.4,2880.4,2782.71,2020-03,,2024-09,54.0,18.23,,RAMNA SINGRAULI DOUBLING
N22000350,ECR,BIHAR,RAILWAYS,delayed_orig,2015-12,1491.47,1491.47,1491.47,1547.72,2020-03,,2025-03,60.0,0.0,,RAMPUR DUMRA TAL RAJENDRAPUL DOUBLING INCLUDING GANGA BRIDGE
N22000181,ECR,BIHAR,RAILWAYS,delayed_orig,2009-04,548.0,548.0,783.83,543.54,2020-03,,2026-03,72.0,43.03,,JAYNAGAR-BIJALPURA INCLUDING EXTENSION BIJALPURA-BARDIBAS(NEPAL) GC
N22000316,ECOR,ODISHA,RAILWAYS,delayed_orig,2013-03,843.04,,843.04,994.19,2020-10,,2025-02,52.0,0.0,,BHADRAK NERGUNDI 3RD LINE
N22000381,ECOR,ODISHA,RAILWAYS,delayed_orig,2015-04,1172.92,,1172.92,1463.52,2018-12,,2025-02,74.0,0.0,,BUDHAPANK SALEGAON VIA RAJATGARH 3RD AND 4TH LINE.
N22000380,ECOR,ODISHA,RAILWAYS,delayed_orig,2015-04,701.61,,810.02,179.43,2018-11,,2025-03,76.0,15.45,,JARAPADA BUDHAPANK WITH FLY OVER AT TALCHER ROAD 3RD AND 4TH LINE
220100328,ECOR,ODISHA,RAILWAYS,delayed_orig,2005-04,810.78,,1928.07,1409.3,2021-06,,2026-03,57.0,137.8,,TALCHER- BIMALAGARH(NL)(ECOR)
N22000379,ECOR,ODISHA,RAILWAYS,delayed_orig,2015-04,2361.74,2361.74,2361.74,1401.69,2022-03,2026-03,2026-03,48.0,0.0,,KORAPUT SINGAPUR ROAD DOUBLING
220100284,ECOR,ODISHA,RAILWAYS,delayed_orig,1994-04,2923.13,3791.66,5089.37,3692.11,2009-03,2026-12,2026-12,213.0,74.11,,KHURDA ROAD- BOLANGIR(NL)ECOR
220100272,ER,WEST BENGAL In Goghat,RAILWAYS,delayed_orig,2000-04,1188.91,,1619.51,1044.76,2019-03,2025-03,2025-03,72.0,36.22,"– Kamarpukur (5.50 KM): In Goghat Kamarpukur though land has been handed over, but the work has been stopped at about 950M length near “Bhabadighi pond” by local villagers since last 4-5 years. Continuous follow up with Govt of WB has not yielded any substantial output as yet. The matter has been highlighted by GM/ER to Chief Secy Govt of WB vide this office letter No: CAO/CON/W/1574/Pt. VIII date","TARAKESWAR BISHNUPUR NEW BG LINE (NL), ER"
N22000624,ER,WEST BENGAL course of action to be,RAILWAYS,delayed_orig,2015-07,283.54,,283.54,154.24,2025-03,,2026-03,12.0,0.0,Early land boundary taken early for further course of action to be adopted.,NAHATI RANAGHAT 3RD LINE KRISHNANAGAR)
N22000531,ER,JHARKHAND Railway Board vide letter,RAILWAYS,delayed_orig,2019-01,827.89,,793.87,183.19,2026-03,2027-03,2027-03,12.0,,"MoU for cost sharing has been sent to GoJH by Railway Board vide letter No. 2022/W- II/ER/NL/02/CB(MoU) dated GM/ER vide letter dated 15.12.2022 & 06.06.23 has requested Chief Secretary, by Govt. of Jharkhand. But cost sharing is awaited. Railway Board has given reminder to State Govt vide letter No. 2022/ W-II/ ER/NL/02/CB (MoU) dated 08.11.2023. This issue was again raised during meeting of Advi",CHITRA BASUKINATH (38.30 KM)
N22000219,ER,MULTI STATE,RAILWAYS,delayed_orig,2013-04,915.98,,2137.81,789.25,2022-03,2028-03,2028-03,72.0,133.39,Jharkhand & Bihar Government to expedite land acquisition. Milestones may be set only after physical possession of land.,PIRPAINTI-JASIDIH
N22000489,IRCON,Chhattisgarh,RAILWAYS,delayed_orig,2013-04,3055.0,3438.39,3438.39,2807.27,2018-09,,2024-12,75.0,12.55,1-Agitation by Land losers.,KHARSIA DHARAMJAIGARH WITH SPUR LINE EAST CORRIDOR-PHASE I
N22000418,IRCON,ODISHA,RAILWAYS,delayed_orig,2016-04,5200.0,,5200.0,,2020-03,,2025-12,69.0,0.0,,EXECUTION OF RAIL CONNECTIVITY PROJECT FOR COAL TRANSPORTATION IN ODISHA FOR MCRL
N22000628,KOMRCL,West Bengal,RAILWAYS,delayed_orig,2009-02,4874.58,8575.0,10442.41,,2016-09,,2024-06,93.0,114.22,,EAST WEST METRO CORRIDOR KOLKATA
N22000028,MRTP,Tamil Nadu,RAILWAYS,delayed_orig,2006-04,495.74,,734.01,625.57,2013-06,2024-07,2024-09,135.0,48.06,,"EXTENSION OF MRTS FROM VELACHERY TO STN. THOMAS, MTP"
N22000627,MRVC,Maharashtra,RAILWAYS,delayed_orig,2019-04,33690.0,,33690.0,846.83,2025-03,,2027-12,33.0,0.0,,MUMBAI URBAN TRANSPORT PROJECT IIIA
N22000148,NCR,MULTI STATE,RAILWAYS,delayed_orig,2011-04,2912.96,,3845.6,1024.32,2022-03,,2024-12,33.0,32.02,,GWALIOR-SEOPURKALA WITH EXTENSION TO KOTA (GC)
N22000495,NCR,Uttar Pradesh,RAILWAYS,delayed_orig,2018-03,4329.53,,4329.53,60.37,2023-03,,2026-03,36.0,0.0,,JHANSI MANIKPUR AND KHAIRAR BHIMSEN DOUBLING
N22000564,NCR,Uttar Pradesh,RAILWAYS,delayed_orig,2019-04,187.21,250.17,250.17,1.62,2025-12,2026-03,2026-03,3.0,33.63,,BHANDAI FLYOVER FOR ETAWAH BOUND DOWN TRAINS
N22000183,NFR,MULTI STATE,RAILWAYS,delayed_orig,2013-04,1798.0,,2832.35,2760.4,2019-03,,2024-06,63.0,57.53,,NEW BONGAIGAON-RANGIA- KAMAKGHYA DOUBLING
N22000087,NFR,BIHAR,RAILWAYS,delayed_orig,2006-09,532.87,2132.03,4359.32,2522.93,2019-03,,2024-12,69.0,718.08,,"NEW B.G. LINE FROM ARARIA TO GALGALIA (THAKURGUNG), NEFR"
N22000208,NFR,MULTI STATE,RAILWAYS,delayed_orig,2011-04,414.84,,1220.25,506.04,2020-03,,2025-03,60.0,194.15,,MURKONGSELEK-PASIGHAT NL
N22000100,NFR,MIZORAM,RAILWAYS,delayed_orig,2008-04,2393.47,5021.45,8605.0,7306.77,2014-03,,2025-07,136.0,259.52,,"BHAIRABI SAIRONG, NL, NEFR"
N22000124,NFR,NAGALAND,RAILWAYS,delayed_orig,2006-04,2326.52,6663.0,6663.0,3390.46,2015-03,,2026-03,132.0,186.39,,NEW LINE FROM DIMAPUR TO ZUBZA(KOHIMA) NATIONAL PROJECT (NEFR)
N22000388,NFR,ASSAM,RAILWAYS,delayed_orig,2015-04,2232.32,,4155.65,3342.93,2022-03,,2026-03,48.0,86.16,,BONGAIGAON-GOALPARA- GUWAHATI (176 KM)
220100288,NFR,MANIPUR,RAILWAYS,delayed_orig,2003-04,4454.17,12274.06,19602.68,14499.92,2011-03,2026-12,2026-12,189.0,340.1,,JIRIBAM TO IMPHAL (TUPUI)(NL)(NEFR)
N22000206,NFR,MULTI STATE,RAILWAYS,delayed_orig,2010-04,242.22,,1208.73,386.56,2020-03,,2027-03,84.0,399.02,,NEW BG LINE FROM BALURGHAT TO HILLY NFR
N22000470,NER,Uttar Pradesh,RAILWAYS,delayed_orig,2016-04,1177.96,,1777.39,1730.87,2019-12,,2024-12,60.0,50.89,,"SHAHGANJ-BHATNI-PHEPHNA- INDARA, MAU-SHAHGANJ (EXCL. MAU-INDARA) PATCH DOUBLING."
N22000134,NER,MULTI STATE,RAILWAYS,delayed_orig,2013-03,295.0,954.0,954.0,958.58,2019-01,,2025-02,73.0,223.39,,CHHAPRA-BALLIA UP
N22000613,NER,Uttar Pradesh,RAILWAYS,delayed_orig,2016-11,186.85,,457.68,406.56,2024-06,,2025-02,8.0,144.95,,DOMINGARH GORAKHPUR GORAKHPUR CANTT KUSUMHI 3RD RUNNING LINE (21.15 KM)
N22000566,NER,Uttar Pradesh,RAILWAYS,delayed_orig,2020-07,950.0,,341.66,8.51,2024-12,,2025-06,6.0,,,BAHRAICH NANPARA NEPALGANJ (56.15 KM)
220100133,NR,JAMMU AND with State Govt),RAILWAYS,delayed_orig,1995-03,2500.0,37012.26,41931.0,39605.0,2002-11,2024-08,2024-08,261.0,1577.24,"1. Law & Order issues (close liaison is maintained with State Govt) 2. Due to ban on mining of minor aggregates in UT of J&K wef Nov’ 2019, the works of tunnel and bridges were adversely affected till July 2021 resulting in accumulation of arrears of around 35 Kms.Private E- Auctions for open mining by the J&K UT government in July 21.","UDHAMPUR-SRINAGAR- BARAMULLA (NL),NR"
220100188,NR,MULTI STATE,RAILWAYS,delayed_orig,1981-03,450.0,2018.0,2017.96,1190.75,2012-07,2024-11,2024-11,148.0,348.44,,"NANGALDAM-TALWARA(NL),NR"
N22000467,NR,MULTI STATE,RAILWAYS,delayed_orig,2007-04,328.14,,1540.14,482.67,2023-03,,2025-06,27.0,369.35,,CHANDIGARH-BADDI
N22000502,NR,PUNJAB,RAILWAYS,delayed_orig,2009-06,404.0,,404.0,190.0,2016-08,,2025-08,108.0,0.0,,"MANSA-BHATINDA (PHASE-I), INCL. NEW MATERIAL MODIFICATION FOR RAMA MANDI (RAMAN) SADA SINGHWALA VI"
N22000463,NHSRCL,MULTI,RAILWAYS,delayed_orig,2015-12,108000.0,,108000.0,61272.82,2023-12,,2027-08,44.0,0.0,,MUMBAI AHMEDABAD HIGH SPEED RAIL PROJECT
N22000369,RVNL,Andhra Pradesh,RAILWAYS,delayed_orig,2015-04,3246.26,,6238.67,5614.6,2023-12,,2024-12,12.0,92.18,,VIJAYAWADA-GUDUR
N22000401,RVNL,Uttar Pradesh,RAILWAYS,delayed_orig,2015-04,943.6,,2018.23,1779.61,2022-03,,2024-12,33.0,113.89,,VARANASI-MODHOSINGH- ALLAHABAD DOUBLING
N22000501,RVNL,Uttar Pradesh,RAILWAYS,delayed_orig,2016-06,3677.76,,5190.26,4969.16,2023-12,,2024-12,12.0,41.13,,MATHURA-JHANSI-3RD LINE (273.80 KM)
N22000598,RVNL,Uttar Pradesh,RAILWAYS,delayed_orig,2018-05,1177.96,,2529.46,1574.9,2024-03,,2025-02,11.0,114.73,,BHATNI AUNRIHAR WITH ELECTRIFICATION (125 KM) (EXCL INDARA MAU (116.95 KM))
N22000406,RVNL,Uttarakhand,RAILWAYS,delayed_orig,2011-04,16216.0,,24659.0,18267.0,2024-12,,2025-03,3.0,52.07,,RISHIKESH KARNAPRAYAG NEW LINE
N22000109,RVNL,WEST BENGAL,RAILWAYS,delayed_orig,2010-04,2298.42,,2733.86,392.84,2014-03,,2025-12,141.0,18.95,,NEW WORK FOR CONSTRUCTION OF METRO RAILWAY FROM BARANAGAR TO BARRACKPORE AND DAKSHINESHWAR (MTP)
N22000110,RVNL,West Bengal,RAILWAYS,delayed_orig,2010-04,3951.98,,8964.35,6817.2,2016-03,,2026-03,120.0,126.83,,NEW WORK FOR CONSTRUCTION OF METRO RAILWAY FROM NSCB AIRPORT TO NEW GARIA VIA RAJARHAT (MTP)
N22000111,RVNL,WEST BENGAL,RAILWAYS,delayed_orig,2010-04,2913.51,,4834.54,3869.56,2016-03,,2026-12,129.0,65.94,,NEW WORK FOR CONSTRUCTION OF METRO RAILWAY FROM JOKA TO BINOY BADAL DINESH BAGH.
N22000297,RVNL,KARNATAKA,RAILWAYS,delayed_orig,2010-04,2127.0,,3692.6,3481.82,2023-03,,2026-12,45.0,73.61,,HOSPET-HUBLI-LONDA- VASCODAGAMA DL
N22000409,RVNL,ODISHA,RAILWAYS,delayed_orig,1991-01,2335.67,,4803.16,4620.71,2024-12,,2026-12,24.0,105.64,,VIZIANAGARAM -SAMABALPUR 3RD LINE
N22000367,SCR,MULTI STATE,RAILWAYS,delayed_orig,2015-04,2063.03,,2909.0,2461.7,2021-03,,2025-01,46.0,41.01,,KAZIPET-BALHRSHA
N22000032,SCR,TELANGANA,RAILWAYS,delayed_orig,2006-04,1160.48,,3014.0,1190.58,2010-03,,2025-03,180.0,159.72,,MANOHARABAD-KOTHPALL NEW LINE(SCR)
N22000261,SCR,MULTI STATE,RAILWAYS,delayed_orig,2012-04,1856.95,,1952.68,1144.19,2023-03,,2025-03,24.0,5.16,,KAZIPET-VIJAYAWADA 3RD LINE WITH ELECTRIFICATION
N22000368,SCR,Andhra Pradesh,RAILWAYS,delayed_orig,2016-04,3631.0,,3887.48,2926.55,2022-03,,2025-12,45.0,7.06,,GUNTUR-GUNTAKAL
220100265,SCR,Andhra Pradesh,RAILWAYS,delayed_orig,2001-12,1045.2,,2500.98,1141.44,2009-03,,2027-03,216.0,139.28,,KOTLPALLI-NARASAPUR (NL) (SCR)
N22000286,SCR,Andhra Pradesh,RAILWAYS,delayed_orig,2011-04,2288.7,,3122.35,1579.6,2021-03,2027-03,2027-05,74.0,36.42,,NADIKUDE-SRI KALAHASTI
N22000484,SECR,Chhattisgarh,RAILWAYS,delayed_orig,2015-04,1973.0,2135.34,2135.34,1875.15,2021-03,2023-12,2024-10,43.0,8.23,,JHARSUGUDA-BILASPUR 4TH LINE
N22000420,SECR,Maharashtra,RAILWAYS,delayed_orig,2016-09,1908.51,2753.05,3544.25,2596.2,2023-03,2023-12,2024-12,21.0,85.71,,RAJNANDGAON NAGPUR 3RD LINE (SECR)
N22000485,SECR,Madhya Pradesh,RAILWAYS,delayed_orig,2015-04,1370.0,1680.0,2311.02,1459.96,2021-12,2023-12,2024-12,36.0,68.69,,ANUPPUR-KATNI
N22000480,SECR,Maharashtra,RAILWAYS,delayed_orig,2018-06,229.0,,1886.05,405.86,2021-12,,2026-12,60.0,723.6,,WADSA-GADHCHIROLI NEW LINE (52.36 KM)
N22000510,SER,WEST BENGAL,RAILWAYS,delayed_orig,2018-04,338.0,,393.83,139.09,2022-06,,,30.0,16.52,,PURULIA TO KOTSHILA DOUBLING (39.1 KM)
N22000506,SER,MULTI STATE,RAILWAYS,delayed_orig,2019-03,1866.31,,1866.31,1490.93,2023-05,,2025-12,31.0,0.0,,NARAYANGARH TO BHADRAK 3RD LINE (155 KM)
N22000396,SER,JHARKHAND,RAILWAYS,delayed_orig,2016-03,1724.2,3029.04,3029.04,2022.68,2021-03,,2026-06,63.0,75.68,,BONDAMUNDA RANCHI DOUBLING
N22000508,SER,JHARKHAND,RAILWAYS,delayed_orig,2018-04,428.65,,472.5,265.82,2022-06,,2026-06,48.0,10.23,,LODHMA TO PISKA LINK LINE BY PASSING HATIA/RANCHI WITH Y CONNECTION (17.2 KM)
N22000333,SWR,MULTI STATE,RAILWAYS,delayed_orig,2015-03,1614.59,1877.81,2458.87,2243.71,2019-03,,2025-06,75.0,52.29,,HOTGI-KUDGI-GADAG
N22000621,SWR,KARNATAKA,RAILWAYS,delayed_orig,2018-03,492.87,,492.87,54.03,2025-03,,2025-06,3.0,0.0,,BANGALORE-WHITEFIELD- BANGALORE CITY- KRISHNARAJAPURAM QUADRUPLING
N22000486,SWR,KARNATAKA,RAILWAYS,delayed_orig,1996-03,644.78,825.31,825.31,564.07,2017-03,,2025-12,105.0,28.0,,KADUR CHIKMAGALUR SAKLESHPUR NEW LINE (93 KM)
N22000308,SWR,KARNATAKA,RAILWAYS,delayed_orig,2012-04,279.54,296.72,296.72,89.12,2016-03,,2026-06,123.0,6.15,"Out of 255.23 acres of land in Andhra Pradesh, GoAP has handed over 185.46 acres of land. Balance 70 acres of land to be handed over by GoAP to Railways.",MARIKUPPAM KUPPAM
N22000258,SWR,KARNATAKA,RAILWAYS,delayed_orig,2010-04,986.3,1378.0,1649.31,502.0,2016-03,,2026-12,129.0,67.22,"Out of 2524.77 acres of land, 2435.44 acres of land has been handed over by GOK. For balance 89.33 acres of land acquisition by GOK is in progress as land to be given free by GOK.",BAGALKOT-KUDACHI NL
N22000556,SWR,Andhra Pradesh,RAILWAYS,delayed_orig,2022-09,323.14,342.41,342.41,39.46,2025-12,,2026-12,12.0,5.96,,MALUGUR-PALASAMUDRAM (17.98 KM) (PB#29/NR/2022-23)
N22000299,SWR,KARNATAKA,RAILWAYS,delayed_orig,2013-04,2841.84,,2841.84,1041.27,2018-12,,2027-03,99.0,0.0,"Out of 4142.35 acres of land, 3984.27 acres of land has been handed over by GoK. For balance 158.06 acres, land acquisition by GoK is in progress as land to be given free by GoK.",GADAG-WADI NL
N22000557,SWR,KARNATAKA be handed over.,RAILWAYS,delayed_orig,2020-09,1590.8,927.42,927.42,,2026-03,,2027-12,21.0,,Land requisition for 888.3 acres has been submitted to GoK and the same is yet to be handed over.,BELGAUM-DHARWAD VIA KITTUR (73.10 KM) (UMBRELLA WORK PB#22/2019-20/NR)
N22000278,SWR,KARNATAKA,RAILWAYS,delayed_orig,2011-04,832.47,,832.47,,2016-03,,2030-12,177.0,0.0,"GoK have not initiated land acquisition process, although requisition to acquire land for 1205.87 acres has been submitted by the Railways in the year 2013 & GoK have not released any funds to concerned DCs for this purpose. Hence work could not be commenced till date.",SHIMOGA-HARIHAR NL
N22000560,SWR,KARNATAKA,RAILWAYS,delayed_orig,2011-02,162.13,348.85,348.85,,2028-04,,2030-12,32.0,115.17,"Total land required 336.68 Ha, Land required in Bangalore Rural dist : Ha, Land required in Kolar dist : 198.88 Ha, Govt. of Karnataka is yet to initiate land acquisition proceedings although requisition to acquire land has been submitted by Railways during the year itself. But GoK has not yet handed over the land and hence work could not be commenced.",WHITEFIELD-KOLAR (52.9 KM)
N22000567,SR,TAMIL NADU,RAILWAYS,delayed_orig,2006-01,417.5,,419.44,191.46,2025-03,2024-08,2025-12,9.0,,,Chinnasalem-Kallakurichi New Line (MM of cuddalore- Salem KM)
N22000620,SR,KERALA,RAILWAYS,delayed_orig,2011-12,812.85,802.8,802.8,258.21,2023-08,2026-09,2026-09,37.0,,,KUMBALAM-THURAVUR PATCH DOUBLING (15.59 KM)
N22000079,SR,TAMIL NADU,RAILWAYS,delayed_orig,2007-09,724.69,,3118.34,1917.34,2019-02,,2027-03,97.0,330.3,,MAYLADUTHURAI-THIRUVARUR- KARAIKUDI-THIRU 'PONDI'- AGASTIYAMPALLI
N22000626,SR,TAMIL NADU,RAILWAYS,delayed_orig,2008-07,677.12,,788.05,165.0,2026-03,2027-03,2027-03,12.0,16.38,,NAGAPATTINAM- THIRUTURAIPUNDI VIA THIRUKUVALAI NEW LINE (MM OF TIRUCHCHIRAPPALLI- NAGORE-KARAIKAL)
N22000215,SR,MULTI STATE,RAILWAYS,delayed_orig,2011-04,120.7,,2053.39,334.97,2019-03,2027-12,2027-12,105.0,1601.23,,MADURAI-TUTICORIN VIA ARUPPUKKOTTAI
N22000415,WCR,Madhya Pradesh,RAILWAYS,delayed_orig,2016-06,2478.23,,2938.0,1279.35,2022-03,2024-06,2024-06,27.0,18.55,,KATNI-BINA 3RD LINE (263 KM)
N22000416,WCR,Madhya Pradesh,RAILWAYS,delayed_orig,2016-08,582.13,,1247.64,1080.04,2022-03,2024-09,2024-09,30.0,114.32,,KATNI GRADE SEPARATOR/BYE PASS
N22000351,WCR,Madhya Pradesh,RAILWAYS,delayed_orig,2015-12,1763.93,,2445.3,2830.45,2020-03,,2024-10,55.0,38.63,,KATNI SINGRAULI DOUBLING PROJECT
220100232,WCR,MULTI STATE,RAILWAYS,delayed_orig,1998-09,247.66,,8248.5,2500.34,2008-05,,2025-03,202.0,3230.57,,"LALITPUR-SATNA-REWA- SINGRULI NL, (NCR)"
220100314,WCR,Madhya Pradesh,RAILWAYS,delayed_orig,2001-04,424.6,3032.46,5125.16,2596.43,2021-03,2025-12,2025-12,57.0,1107.06,,"RAMGANJMUNDI-BHOPAL (NL),WCR"
N22000504,WR,GUJARAT,RAILWAYS,delayed_orig,2017-04,692.25,692.26,692.26,384.31,2020-03,2024-12,2024-12,57.0,0.0,,ANAND GODHRA DOUBLING PROJECT KMS
N22000505,WR,GUJARAT,RAILWAYS,delayed_orig,2018-04,537.31,537.31,537.31,564.48,2024-03,,2024-12,9.0,0.0,,MEHSANA PALANPUR DOUBLING PROJECT KMS
N22000120,WR,Madhya Pradesh,RAILWAYS,delayed_orig,2008-04,3503.69,5677.8,6203.51,3510.08,2022-03,2026-03,2026-03,48.0,77.06,,RATLAM-MHOW-KHANDWA- AKOLA (GC)
N22000503,WR,Madhya Pradesh,RAILWAYS,delayed_orig,2017-04,495.18,,495.18,122.92,2022-03,,2026-03,48.0,0.0,,NIMACH BADI SADRI NEW LINE PROJECT
N22000123,WR,GUJARAT,RAILWAYS,delayed_orig,2008-04,318.24,1531.55,1531.55,748.79,2012-03,2026-09,2026-09,174.0,381.26,,BHUJ-NALIYA(GC) WITH EXTENSION FROM NALIYA TO VAYOR (WR)
N22000138,WR,MULTI STATE,RAILWAYS,delayed_orig,2007-04,1347.26,1793.63,1793.63,1395.03,2022-03,2026-12,2026-12,57.0,33.13,,CHOTTAUDEPUR-DHAR(NL)
N22000139,WR,MULTI STATE,RAILWAYS,delayed_orig,2007-04,1640.04,1873.1,2873.11,1726.34,2022-03,2028-02,2028-02,71.0,75.19,,"DAHOD-INDORE VIA SARDARPUR, JHABUA AND DHAR (NL)"
N24001901,BRO,Jammu and Kashmir,RAILWAYS,delayed_orig,2020-03,152.93,,152.93,95.46,2023-09,,2024-06,9.0,0.0,,REHABILITATION AND UPGRADATION TO LANE WITH PAVED SHOULDER FROM EXISTING CHAINAGE KM TO K
N24000282,MoRTH,Andhra Pradesh,RAILWAYS,delayed_orig,,,,,,,,,,,,FROM KM.86.057 TO OF NAGARJUNASAGAR DAM T
N24001380,MoRTH,TAMIL NADU,RAILWAYS,delayed_orig,,345.62,,,,,,,,,,LANE WITH PAVED SHOULDER INCLUDING STRENGTHENING CARRIAGEWAY FROM KM
N24001413,MoRTH,RAJASTHAN,RAILWAYS,delayed_orig,2021-02,240.99,,240.99,233.39,2024-01,,2024-05,4.0,0.0,,2L+PS FROM KM 148/170 TO /100 (DEVAL- DUNGARPUR- HIRATA VARDA-SAGWARA) SECTION OF NH-927A. PKG-
N24001424,MoRTH,Uttar Pradesh,RAILWAYS,delayed_orig,2021-03,185.09,269.81,185.09,239.02,2023-09,,2024-05,8.0,0.0,,CONSTRUCTION OF FOUR-LANE ELEVATED VIADUCT FROM KM.4+634 TO KM.6+345 ON NH- 24A INCLUDING RETAINING W
N24001888,MoRTH,Maharashtra,RAILWAYS,delayed_orig,2021-08,288.14,,288.14,63.01,2023-04,,2024-05,13.0,0.0,,"UP-GRADATION OF TIRORA- GONDIA, STATE HIGHWAY FROM EXISTING KM 163+213 (ON SH- TIRORA) TO KM 191+"
N24001936,MoRTH,KARNATAKA,RAILWAYS,delayed_orig,2021-03,344.79,,344.79,,2023-03,,2024-05,14.0,0.0,,BALANCE WORK OF CONTSRUCTION OF TWO/FOUR LANE WITH PAVED SHOULDER FROM KM. TO KM. (BI
N24000331,MoRTH,Uttar Pradesh,RAILWAYS,delayed_orig,2019-12,282.41,,319.96,269.08,2022-04,,2024-06,26.0,13.3,,CONSTRUCTION OF RING ROAD FOR RAEBARELI CITY (PHASE I) ON EASTERN SIDE OF NH 24B
N24000531,MoRTH,BIHAR,RAILWAYS,delayed_orig,,,,,,,,,,,,TO KM 219.945) OF NH-104
N24000576,MoRTH,BIHAR,RAILWAYS,delayed_orig,2016-02,178.85,225.06,278.54,232.61,2016-05,2024-06,2024-06,97.0,55.74,,CONSTRUCTION OF REHABILITATION AND UPGRADING TO LANES/2 LANE(FOR LOT-I-KM TO KM AND K
N24000578,MoRTH,BIHAR,RAILWAYS,delayed_orig,2016-02,553.3,706.39,706.39,604.73,2016-05,2024-06,2024-06,97.0,27.67,,"PROCUREMENT, AND CONSTRUCTION OF REHABILITATION AND UPGRADING TO LANES/2 LANE(FOR LOT-III-KM"
N24000880,MoRTH,West Bengal,RAILWAYS,delayed_orig,2018-02,426.18,426.18,426.18,359.28,2020-09,2024-01,2024-06,45.0,0.0,,UPGRADATION OF NH-81 WITH A MINIMUM OF 2-LANE WITH PAVED SHOULDER CONFIGURATION STARTING FROM KM 19.
N24000883,MoRTH,West Bengal,RAILWAYS,delayed_orig,2018-03,254.3,254.3,254.3,197.33,2020-10,2024-01,2024-06,44.0,0.0,,"DEVELOPMENT OF 4-LANING SECTION OF NH-31 FROM KM (GHOSHPUKUR) TO KM (BIHAR MORE, BAGDO"
N24000885,MoRTH,West Bengal,RAILWAYS,delayed_orig,2016-03,160.27,213.97,213.97,144.31,2023-09,2024-03,2024-06,9.0,33.51,,CONSTRUCTION OF ROB AND ITS APPROACHES IN LIEU OF UNMANNED LEVEL CROSSING AT KM ON NH-60 (PAND
N24000910,MoRTH,PUNJAB,RAILWAYS,delayed_orig,2018-03,170.57,192.48,150.0,104.98,2020-11,,2024-06,43.0,,,REHABILITATION AND UP GRADATION TO LANE WITH PAVED SHOULDER OF NH-703A FROM MAKHU (DESIGN CH
N24001216,MoRTH,JHARKHAND,RAILWAYS,delayed_orig,,,,,,,,,,,,I
N24001218,MoRTH,Chhattisgarh,RAILWAYS,delayed_orig,2015-11,335.32,397.32,335.32,345.35,2017-06,,2024-06,84.0,0.0,,REHABILITATION AND UPGRADATION OF NH FROM KM TO SHIVNAGAR TO AMBIKAPUR SECTION
N24001219,MoRTH,Chhattisgarh,RAILWAYS,delayed_orig,2016-01,476.2,610.18,543.73,501.42,2016-09,,2024-06,93.0,14.18,,REHABILITATION AND UPGRADATION OF NH FROM KM TO BANARI VILLAGE TO MASANIA KALA V
N24001221,MoRTH,Chhattisgarh,RAILWAYS,delayed_orig,2016-01,624.98,731.5,731.5,601.11,2016-10,,2024-06,92.0,17.04,,REHABILITATION AND UPGRADATION OF NH FROM KM TO AMBIKAPUR TO PATHALGAON SECTION
N24001227,MoRTH,Chhattisgarh,RAILWAYS,delayed_orig,2018-03,349.03,,349.03,314.18,2019-01,,2024-06,65.0,0.0,,CONSTRUCTION OF NOS GRADE SEPARATOR BETWEEN KM. TO KM KM. KUMHARI KM. 299.
N24001228,MoRTH,Chhattisgarh,RAILWAYS,delayed_orig,2017-11,188.8,,188.8,136.81,2019-05,,2024-06,61.0,0.0,,UPGRADATION AND WIDENING OF BILASPUR TO MUNGELI SECTION NH-130A
N24001411,MoRTH,RAJASTHAN,RAILWAYS,delayed_orig,2020-12,379.23,,379.23,227.12,2023-10,,2024-06,8.0,0.0,,4L+PS OF NH -58 FROM BEAWAR-GOMTI (OLD CH KM TO KM. 108.600) PKG-I.
N24001412,MoRTH,RAJASTHAN,RAILWAYS,delayed_orig,2020-12,339.65,,339.65,207.23,2023-10,,2024-06,8.0,0.0,,4L+PS OF NH -58 FROM BEAWAR-GOMTI (OLD CH KM TO KM KM TO KM PKG-II.
N24001468,MoRTH,Maharashtra,RAILWAYS,delayed_orig,2022-03,282.07,,282.07,34.65,2022-06,,2024-06,24.0,0.0,,REPANPALLI TO SIRONCHA
N24001918,MoRTH,Chhattisgarh,RAILWAYS,delayed_orig,2020-12,222.86,,222.86,168.63,2023-08,2024-06,2024-06,10.0,0.0,,UPGRADATION OF NH JHALMALA TO SHERPER FROM NH KM TO KM TO TWOFOUR LANE WITH PAVED
N24001919,MoRTH,Chhattisgarh,RAILWAYS,delayed_orig,2020-12,193.16,,193.16,73.28,2023-09,2024-06,2024-06,9.0,0.0,,UP GRADATION OF NH 130C ABHANPUR TO PAUND FROM NK KM TO KM. TO TWO LANE WITH PAVED SHOU
N24001922,MoRTH,JHARKHAND,RAILWAYS,delayed_orig,2020-02,153.01,,153.01,83.6,2023-08,2024-06,2024-06,10.0,0.0,,WIDENING TO 2-LANE WITH PAVED SHOULDER FROM KM TO (KURU-GHAGHRA SECTION) OF NH-143A INCLU
N24000887,MoRTH,West Bengal,RAILWAYS,delayed_orig,2016-06,236.78,263.26,263.26,211.51,2021-09,2024-02,2024-07,34.0,11.18,,CONSTRUCTION OF TWINS 2- LANE ROB AND ITS APPROACHES IN REPLACEMENT OF EXISTING LEVEL CROSSING GATE N
N24000907,MoRTH,PUNJAB,RAILWAYS,delayed_orig,2018-03,293.1,341.84,315.0,306.6,2020-08,,,47.0,7.47,,WIDENING AND PAVED SHOULDER OF TOHANA (IN HARYANA) PUNJAB/HARYANA BORDER TO MOONAK-JAKHAL- BUDHLADA
N24000912,MoRTH,ODISHA,RAILWAYS,delayed_orig,2016-08,287.7,,287.7,272.95,2017-02,2024-07,2024-07,89.0,0.0,,WIDENING TO 2LPS FROM 0/0 TO 119/0 OF NH-157 IN THE STATE OF ODISHA.
N24000914,MoRTH,ODISHA,RAILWAYS,delayed_orig,2016-12,223.5,,223.5,220.5,2018-08,2024-07,2024-07,71.0,0.0,,WIDENING TO 2LPS FROM 239/9 TO 294/3 OF NH-57 (NAYAGARH TO KHURDA) IN THE STATE OF ODISHA
N24001157,MoRTH,KARNATAKA,RAILWAYS,delayed_orig,2016-08,175.5,,241.6,178.73,2017-02,,2024-07,89.0,37.66,,IMPROVEMENTS AND RECONSTRUCTION TO TWO LANE WITH PAVED SHOULDERS FROM KM TO KM OF NH
N24001222,MoRTH,Chhattisgarh,RAILWAYS,delayed_orig,2016-03,452.94,,435.61,275.36,2016-07,,2024-07,96.0,,,REHABILITATION AND UPGRADATION OF NH FROM KM TO PATTHALGAON TO KUNKURI
N24001467,MoRTH,NAGALAND,RAILWAYS,delayed_orig,,,,,,,,,,,,AND FROM KM TO
N24001893,MoRTH,Maharashtra,RAILWAYS,delayed_orig,2022-09,232.59,,232.59,97.7,2024-04,,2024-07,3.0,0.0,,SHEWALI (SAKRI) NANDURBAR
N24001944,MoRTH,KARNATAKA,RAILWAYS,delayed_orig,2023-01,255.88,,255.88,60.99,2024-06,,2024-07,1.0,0.0,,WIDENING TO INTERMEDIATE/TWO LANE TO LANE WITH PAVED SHOULDER FROM EXISTING CHANAGES KM TO
N24000382,MoRTH,BIHAR,RAILWAYS,delayed_orig,1991-01,675.0,780.77,780.77,616.26,2019-02,2024-08,2024-08,66.0,15.67,,REHABILITATION AND UPGRADING TO LANES/2 LANE WITH PAVED SHOULDERS CONFIGURATION OF BIRPUR BIHPUR
N24000579,MoRTH,BIHAR,RAILWAYS,delayed_orig,2014-01,1408.85,2138.16,2138.16,1687.62,2016-10,2024-08,2024-08,94.0,51.77,,FOUR LANING OF GAYA-HISUA- RAJGIRI-NALANDA- BIHARSHARIF SECTION (KM0.00 TO 92.935) ON NH-82 IN BIHAR
N24000917,MoRTH,ODISHA,RAILWAYS,delayed_orig,2018-03,199.16,,199.16,155.1,2018-08,2024-08,2024-08,72.0,0.0,,WIDENING TO 2LPS FROM 269/30 TO 328/20 OF NH-49 IN THE STATE OF ODISHA
N24000980,MoRTH,TELANGANA,RAILWAYS,delayed_orig,2016-10,298.32,,298.32,178.47,2019-02,2022-06,2024-08,66.0,0.0,,WIDEINING TO TWO/FOUR LANE WITH PAVED SHOULDERS FROM EXISTING KM TO KM OF NH-167 ON
N24000981,MoRTH,TELANGANA,RAILWAYS,delayed_orig,2016-10,248.83,,248.83,173.82,2019-03,2023-04,2024-08,65.0,0.0,,WIDEINING TO TWO/FOUR LANE WITH PAVED SHOULDERS FROM EXISTING KM TO KM OF NH-63 ON NIZ
N24000987,MoRTH,TELANGANA,RAILWAYS,delayed_orig,2018-01,283.15,,283.15,278.69,2020-05,2022-12,2024-08,51.0,0.0,,LANING FROM KM TO KM (ARAMGARH- SAMSHABAD SECTION) OF HYDERABAD-SAMSHABAD SECTION OF NH
N24000997,MoRTH,TELANGANA,RAILWAYS,delayed_orig,2018-03,192.67,,192.67,176.37,2019-07,2022-06,2024-08,61.0,0.0,,REHABILITATION AND UP GRADATION FROM KM. 121/0 TO 154/0 OF NAKAREKAL – MALLAMPALLY SECTION OF NH-
N24001111,MoRTH,Maharashtra,RAILWAYS,delayed_orig,2016-04,281.78,282.0,281.78,77.83,2019-04,,2024-08,64.0,0.0,,KOLHA TO NASRATPUR
N24001421,MoRTH,Uttar Pradesh,RAILWAYS,delayed_orig,2018-07,1948.25,,1948.25,889.53,2024-02,,2024-08,6.0,0.0,,CONSTRUCTION OF LANE BRIDGE ON GANGA ON NH-96 AND ITS APPROACHES IN PHAPHAMAU ALLAHABAD ON EPC MOD
N24001441,MoRTH,MEGHALAYA,RAILWAYS,delayed_orig,2020-08,302.88,,302.88,186.39,2022-02,2024-08,2024-08,30.0,0.0,,REHABILITATION AND UPGRADATION OF NONGSTOIN TO WAHKAJI SECTION OF PROJECT ROAD KM TO KM
N24001456,MoRTH,Uttar Pradesh,RAILWAYS,delayed_orig,2020-04,199.39,212.96,199.39,139.08,2024-02,,2024-08,6.0,0.0,,REHABILITATION AND UPGRADATION TO LANE WITH PS OF RADHAITA TO PILIBHIT SECTION OF KM
N24001464,MoRTH,Uttar Pradesh,RAILWAYS,delayed_orig,2021-03,264.86,,264.86,97.42,2023-08,,2024-08,12.0,0.0,,PROJECTS- REHABILITATION AND UPGRADATION OF NH-731A FROM KM TO KM.35.00
N24001480,MoRTH,Uttar Pradesh,RAILWAYS,delayed_orig,2021-10,227.06,,227.06,89.25,2024-04,,2024-08,4.0,0.0,,WIDENING AND STRENGTHENING FROM KM TO KM OF NH-334A (PURKAJI-LAKSAR-HARIDWAR ROAD) TO TW
N24002000,MoRTH,TELANGANA,RAILWAYS,delayed_orig,,,,,,,,,,,,LANE WITH PAVED SHOULDER TO LANE WITH PAVED SHOULDER FRO
N24000925,MoRTH,GUJARAT,RAILWAYS,delayed_orig,2018-10,400.76,394.44,394.44,287.39,2020-11,2024-09,2024-09,46.0,,"Delayed due to Land Acquisition, Forest clearance & COVID-19",CONSTRUCTION OF MISSING LINKS (SINGLE LANE) IN LAKHPAT GADULI HAJIPIR ODMA KHAVDA DHOLAVIRA MAUVANA
N24001409,MoRTH,RAJASTHAN,RAILWAYS,delayed_orig,2020-07,319.09,,319.09,133.67,2024-03,,2024-09,6.0,0.0,,4L+PS OF RAS-BEAWAR SECTION (KM TO KM 30.00) OF NH-158 (GNHCP) WORLD BANK. PKG-I.
N24001427,MoRTH,GUJARAT,RAILWAYS,delayed_orig,,,,,,,,,,,,OF AHMEDABAD PALANPUR BETWEEN RAILWAY STAT
N24001458,MoRTH,GOA,RAILWAYS,delayed_orig,2021-12,1183.16,,1183.16,1106.3,2022-04,2024-09,2024-09,29.0,0.0,,MOPA AIRPORT
N24000874,MoRTH,West Bengal,RAILWAYS,delayed_orig,2016-03,271.17,291.2,291.2,175.0,2018-11,2023-12,2024-10,71.0,7.39,,CONSTRUCTION OF NEW ROAD AT THE MISSING LINK PORTION OF NH-81 ALONG THE APPROVED ALIGNMENT BETWEEN H
N24001455,MoRTH,TAMIL NADU,RAILWAYS,delayed_orig,2022-02,191.33,,191.33,118.15,2022-08,,2024-10,26.0,0.0,,CONSTRUCTION OF LANE WITH PAVED SHOULDERS THIRUVAYARU BYPASS IN BETWEEN EXISTING KM.55/926 TO 62/6
N24002013,MoRTH,KARNATAKA,RAILWAYS,delayed_orig,2021-03,766.64,,766.64,,2022-02,,2024-10,32.0,0.0,,CONSTRUCTION OF TWO LANE WITH PAVED SHOULDER FROM KM.0 TO KM. ON NH 548B (VIJAYAPURA-SANKESWAR SE
N24001173,MoRTH,KARNATAKA,RAILWAYS,delayed_orig,2017-02,157.32,188.0,187.61,43.16,2019-05,,2024-11,66.0,19.25,,CONSTRUCTION OF MAJOR BRIDGE AT KM ACROSS RIVER KRISHNA ON NH-167 HAGARI – JADERCELA SECTION
N24001388,MoRTH,KARNATAKA,RAILWAYS,delayed_orig,2019-03,423.15,,423.15,268.97,2019-12,,2024-11,59.0,0.0,,CONSTRUCTION OF MAJOR BRIDGE ACROSS SHARAVATHI BACKWATERS AND APPROCHES BETWEEN AMBARGODU AND KALASA
N24001859,MoRTH,ODISHA,RAILWAYS,delayed_orig,2021-03,196.94,,196.94,60.97,2024-03,2024-11,2024-11,8.0,0.0,,CONSTRUCTION OF BYPASS ON NH-59 FROM KM 336/350 TO 349/910 (13.56 KM) NEAR BERHAMPUR TOWN INCLUDING
N24001863,MoRTH,ODISHA,RAILWAYS,delayed_orig,2021-03,154.05,,154.05,33.45,2024-06,2024-11,2024-11,5.0,0.0,,"CONSTRUCTION OF HL BRIDGES AT KM 379/000 (PANGAM), KM 439/400 (POTTERU), KM 444/237 (KONGURUKONDA)"
N24001917,MoRTH,Chhattisgarh,RAILWAYS,delayed_orig,2020-03,278.97,,278.97,147.87,2024-05,,2024-11,6.0,0.0,,UP GRADATION OF NH SHERPAR TO KOHKA FROM KM TO KM TO TWO LANE WITH PAVED SHOULDER
N24001943,MoRTH,KARNATAKA,RAILWAYS,delayed_orig,2022-09,172.98,,172.98,,2024-03,,2024-11,8.0,0.0,,WIDENING TO TWO LANE WITH PAVED SHOULDERS FROM KM. TO KM. AND KM. TO KM. (EX
N24000513,MoRTH,Madhya Pradesh,RAILWAYS,delayed_orig,2015-03,511.83,,511.83,485.18,2017-08,2023-12,2024-12,88.0,0.0,,UMARIYA TO SHAHDOL SECTION OF NH-78 IN MADYA PRADESH KM 68/4 TO 142/200
N24001134,MoRTH,Maharashtra,RAILWAYS,delayed_orig,2016-03,1230.02,1230.0,1230.02,791.8,2019-11,,2024-12,61.0,0.0,,KANTE TO WAKED
N24001217,MoRTH,Chhattisgarh,RAILWAYS,delayed_orig,2016-01,497.14,572.66,572.66,351.76,2016-08,,2024-12,100.0,15.19,,REHABILITATION AND UPGRADATION OF NH KANKER TO BEDMA SECTION KM. TO
N24001241,MoRTH,RAJASTHAN,RAILWAYS,delayed_orig,2020-03,255.23,,255.23,250.0,2022-10,2024-12,2024-12,26.0,0.0,,UP-GRADATION TO TWO LANING WITH PAVED SHOULDER OF AJMER-NAGAUR SECTION BY EXECUTING BALANCE WORK FRO
N24001423,MoRTH,Uttar Pradesh,RAILWAYS,delayed_orig,2021-04,309.48,,309.48,112.76,2023-09,,2024-12,15.0,0.0,,CONSTRUCTION OF BYPASS FOR PROVIDING INTER CONNECTIVITY AMONG (NHS) AROUND THE PRATAPGARH CITY (PRAT
N24001461,MoRTH,Uttar Pradesh,RAILWAYS,delayed_orig,2020-04,236.47,,236.47,117.56,2024-03,,2024-12,9.0,0.0,,2-LANE WITH PS OF BEWAR TO NEAR KARRI VILLAGE SECTION OF NH-92 FROM KM.0.00 TO UNDER GNHCP
N24001462,MoRTH,Uttar Pradesh,RAILWAYS,delayed_orig,2020-04,211.09,,211.09,92.79,2024-07,,2024-12,5.0,0.0,,2-LANE WITH PS OF NEAR KARRI VILLAGE TO ETAWAH SECTION OF NH-92 FROM KM.30.000 TO UNDER GNHCP
N24001469,MoRTH,Uttar Pradesh,RAILWAYS,delayed_orig,2021-11,307.11,,307.11,142.3,2024-05,,2024-12,7.0,0.0,,IMPROVEMENT AND UPGRADATION TO TWO LANE WITH PAVED SHOULDER CONFIGURATION FROM EXISTING KM TO
N24001479,MoRTH,Uttar Pradesh,RAILWAYS,delayed_orig,2021-03,395.62,392.03,395.62,183.61,2024-05,,2024-12,7.0,0.0,,WIDENING AND UPGRADATION TO FOUR LANE CONFIGURATION FROM KM.34.900 (BHADOHI) TO KM.73.134 (JAUNPUR)
N24001857,MoRTH,ODISHA,RAILWAYS,delayed_orig,2020-06,414.24,,414.24,231.91,2023-12,2024-12,2024-12,12.0,0.0,,CONSTRUCTION OF ROAD FROM KM 0/0 TO 72/0 OF NH-26 SUCH AS LANE FROM KM 0/0 TO 21/0 (BARGARH TO BAR
N24001939,MoRTH,Andhra Pradesh,RAILWAYS,delayed_orig,2020-03,529.24,,529.24,93.5,2023-09,,2024-12,15.0,0.0,,NH165 FROM KM TO KM PAMARRU TO AKIVEEDU SECTION TO TWO LANE WITH PAVED SHOULDERS
N24001966,MoRTH,Madhya Pradesh,RAILWAYS,delayed_orig,2020-12,529.44,,529.44,160.96,2023-04,2023-05,2024-12,20.0,0.0,,BALANCE WORK FOR REHABILITATION AND UP- GRADATION OF SIDHI- SINGRAULI FROM KM TO KM SEC
N24002006,MoRTH,TELANGANA,RAILWAYS,delayed_orig,2017-10,186.71,,186.71,155.3,2023-06,,2024-12,18.0,0.0,,"ONSTRUCTION OF 4-LANE FLYOVER AT AMBERPET-X ROAD, HYDERABAD ON NH-202 IN THE STATE OF TELANGANA"
N24001442,MoRTH,SIKKIM,RAILWAYS,delayed_orig,2021-10,385.15,,385.15,163.03,2024-05,2025-01,2025-01,8.0,0.0,,CONSTRUCTION OF 2-LANE WITH PAVED SHOULDER GANGTOK BYPASS ROAD FROM RANIPOOL TO BURTUK (L=23.316KM)
N24001937,MoRTH,KARNATAKA,RAILWAYS,delayed_orig,2023-02,398.48,,398.48,,2024-02,,2025-02,12.0,0.0,,BALANCE WORK OF REHABILITATION AND UPGRADING TO 2LANE/2LANE WITH PAVED SHOULDER CONFIGURATION AND ST
N24000247,MoRTH,TELANGANA,RAILWAYS,delayed_orig,2014-10,295.47,,295.47,224.42,2017-02,2022-12,2025-03,97.0,0.0,,REHABILITATION AND UPGRADATION OF NH-221 FROM KM 121/0 TO 165/00 (OF VIJAYAWADA-JAGDALPUR RUDRAMPUR
N24001870,MoRTH,BIHAR,RAILWAYS,delayed_orig,2022-02,624.43,,624.43,137.97,2024-11,2025-03,2025-03,4.0,0.0,,IMPROVEMENT TO TWO LANE WITH PAVED SHOULDERS OF NH 122B FROM KM TO KM IN STATE OF BIH
N24001875,MoRTH,BIHAR,RAILWAYS,delayed_orig,2021-03,477.54,,477.54,165.73,2025-01,2025-03,2025-03,2.0,0.0,,WIDENING AND STRENTHENING FROM KM TO KM OF NH-80
N24001878,MoRTH,BIHAR,RAILWAYS,delayed_orig,2022-02,427.29,,427.29,112.71,2024-12,2025-03,2025-03,3.0,0.0,,IMPROVEMENT TO TWO LANE WITH PAVED SHOULDERS OF NH-319A FROM KM TO KM IN STATE OF BIHAR UNDER
N24002003,MoRTH,TELANGANA,RAILWAYS,delayed_orig,2022-01,549.28,,549.28,103.51,2024-12,,2025-03,3.0,0.0,,REHABILITATION AND UP- GRADATION OF VALIGONDA TO THORRUR SECTION TO TWO LANE WITH PAVED SHOULDERS FRO
N24001960,MoRTH,PUNJAB,RAILWAYS,delayed_orig,2021-03,263.19,,220.0,30.0,2023-10,,2025-04,18.0,,,UP-GRADATION TO TWO LANE WITH PAVED SHOULDER CONFIGURATION OF NH-354 SECTION ARIFKES-FEROZEPUR- MUKTS
N24001961,MoRTH,PUNJAB,RAILWAYS,delayed_orig,2022-03,152.58,,152.58,33.45,2023-10,,2025-04,18.0,0.0,,WORK OF WIDENING/UPGRADATION OF 2- LANE WITH PAVED SHOULDER OF SRI MUKTSAR SAHIB TO MALOUT ROAD FROM
N24001876,MoRTH,BIHAR,RAILWAYS,delayed_orig,2021-03,566.15,,566.15,122.68,2024-03,2025-06,2025-06,15.0,0.0,,WIDENING and STRENTHENING FROM KM132.895 TO KM NH-80
N24002001,MoRTH,TELANGANA,RAILWAYS,delayed_orig,2022-01,882.18,,882.18,220.87,2025-01,,2025-06,5.0,0.0,,WIDENING TO LANE WITH PAVED SHOULDERS OF MEDAK SIDDIPET SECTION FROM KM 0/0 TO KM 69/978 OF NH-
N24002004,MoRTH,TELANGANA,RAILWAYS,delayed_orig,2021-03,545.11,,545.11,228.41,2024-07,,2025-06,11.0,0.0,,REHABILITATION AND UPGRADATION OF LB-NAGAR TO MALKAPUR SECTION TO 6- LANE MAIN CARRIAGEWAY WITH SERVI
N24002005,MoRTH,TELANGANA,RAILWAYS,delayed_orig,2022-03,644.45,,644.45,192.96,2025-03,,2025-06,3.0,0.0,,WIDENING TO TWO LANE WITH PAVED SHOULDERS OF 'BODHAN BASAR BHAINSA ' SECTION FROM KM 38/900 TO 95/3
N24002009,MoRTH,TELANGANA,RAILWAYS,delayed_orig,2022-01,703.68,,703.68,205.84,2025-01,,2025-07,6.0,0.0,,WIDENING AND STRENGTHENING TO 2/4 LANE WITH PAVED SHOULDERS OF MAHABUBNAGAR – CHINCHOLI SECTION FROM
N24002118,MoRTH,GUJARAT,RAILWAYS,delayed_orig,2022-12,173.06,,219.0,,2024-02,2025-08,2025-08,18.0,26.55,,UPGRADATION TO TWO LANE WITH PAVED SHULDER CONFIGUARATION FROM KM TO OF NH MAHUVA TO BADHA
N24002010,MoRTH,TELANGANA,RAILWAYS,delayed_orig,2022-03,631.49,,631.49,42.69,2024-03,,2025-10,19.0,0.0,,WIDENING AND STRENGTHENING TO LANE / 2- LANE WITH PAVED SHOULDERS OF MAHABUBNAGAR-CHINCHOLI SECTION
N24001862,MoRTH,ODISHA,RAILWAYS,delayed_orig,2022-02,238.78,,238.78,9.89,2025-10,2025-11,2025-11,1.0,0.0,,CONSTRUCTION OF BYPASS ROAD TO BALANGIR TOWN FROM KM 72/400 (DESING KM 0/0) TO KM 79/800 (DESIGN KM
N24001201,MoRTH,BIHAR,RAILWAYS,delayed_orig,2019-02,2926.42,,2926.42,970.95,2024-09,2025-12,2025-12,15.0,0.0,,CONSTRUCTION OF A NEW LANE BRIDGE PARALLEL TO EXISTING MG SETU WITH ITS APPROACHES FROM KM
N24002014,MoRTH,GUJARAT,RAILWAYS,delayed_orig,2022-09,237.28,,237.28,,2023-12,2025-12,2025-12,24.0,0.0,,UPGRADATION AND STRENGTHENING TO LANE PS FROM KM 95/500 TO KM 129/775 OF NH G IDAR BHILODA SA
N24000943,MoRTH,BIHAR,RAILWAYS,delayed_orig,2018-09,1478.4,,1478.4,780.29,2024-06,2026-02,2026-02,20.0,0.0,,CONSTRUCTION OF A NEW LANE MAJOR BRIDGE ACROSS RIVER KOSI AT PHULAUT INCLUDING RHABILITATION AND
N24000994,MoRTH,TELANGANA,RAILWAYS,delayed_orig,2018-03,626.76,,626.76,273.6,2020-07,2024-06,2026-02,67.0,0.0,,CONSTRUCTION OF SIX LANE ELEVATED CORRIDOR FROM KM.7.950 (UPPAL) TO KM.14.200 OF NH-163 TO DE-CONGES
N24002117,MoRTH,GUJARAT,RAILWAYS,delayed_orig,2022-10,246.6,291.0,291.0,29.33,2024-02,2026-02,2026-02,24.0,18.0,,UPGRADATION OF DHORAJI JAMKANDORNA KALAVAD SECTION OF NH 927D FROM DESIGN CHAINAGE KM TO KM
N24000756,NHIDCL,NAGALAND,RAILWAYS,delayed_orig,2018-03,285.68,,285.68,174.28,2022-09,2023-01,2024-05,20.0,0.0,,CONSTRUCT ION OF TWO LANE WITH HARD SHOULDERS OF CHAKABAMA- ZUNHEBOTO ROAD FROM EXISTING KM TO
N24001399,NHIDCL,MANIPUR,RAILWAYS,delayed_orig,2021-03,277.99,,277.99,146.35,2023-01,,2024-05,16.0,0.0,,IMPHAL – MOREH (PACKAGE 4)
N24000742,NHIDCL,Uttarakhand,RAILWAYS,delayed_orig,2018-03,403.36,,403.36,337.72,2020-11,2022-12,2024-06,43.0,0.0,,LANE WITH PAVED SHOULDER FROM KM TO KM OF KARANPARYAG TO CHAMOLI UNDER CHARDHAM PARI
N24000743,NHIDCL,Uttarakhand,RAILWAYS,delayed_orig,2018-03,417.24,,417.24,344.2,2020-11,2022-12,2024-06,43.0,0.0,,LANE WITH PAVED SHOULDER FROM KM TO KM OF CHAMOLI TO PAINI UNDER CHARDHAM PARIYOJNA
N24000752,NHIDCL,NAGALAND,RAILWAYS,delayed_orig,2017-02,387.0,391.02,391.02,386.81,2020-09,2023-02,2024-06,45.0,1.04,,(I) CONSTRUCTION OF FOUR/SIX LANING FROM KM TO KM (TOTAL NEW ALIGNMENT LENGTH OF 20.
N24000753,NHIDCL,NAGALAND,RAILWAYS,delayed_orig,2018-03,500.09,698.81,698.81,365.22,2022-11,2023-06,2024-06,19.0,39.74,,(II) CONSTRUCTION OF DIMAPUR BYPASS (ASSAM PORTION) OF 4/6 LANE PAVEMENT ON EPC BASIS FROM EXISTING
N24000768,NHIDCL,SIKKIM,RAILWAYS,delayed_orig,2017-11,290.05,,290.05,218.36,2020-10,2023-08,2024-06,44.0,0.0,,CONSTRUCTION OF 2-LANE WITH PAVED SHOULDER INCLUDING GEOMETRIC IMPROVEMENT FROM KM TO KM
N24001252,NHIDCL,SIKKIM,RAILWAYS,delayed_orig,2020-08,295.97,,295.97,242.0,2023-04,2023-08,2024-06,14.0,0.0,,CONSTUCTION/UPGRADATION OF EXISTING HIGHWAY TO LANE WITH PAVED SHOULDER FROM KM TO KM
N24001253,NHIDCL,Jammu and Kashmir,RAILWAYS,delayed_orig,2019-12,2680.42,,2680.42,,2023-12,,2024-06,6.0,0.0,,"CONSTRUCTION, OPERATION AND MAINTENANCE OF Z-MORH TUNNEL INCLUDING APPROACHES ON NH-01 SRINAGAR-SONA"
N24001277,NHIDCL,MIZORAM,RAILWAYS,delayed_orig,2020-09,275.02,247.25,247.25,244.63,2022-10,2024-04,2024-06,20.0,,,CONSTRUCTION OF CHHIATHLANG -SERCHHIP BYPASS (PKG-1) ON AIZAWL- TUIPANG SECTION OF NH-54
N24001278,NHIDCL,MIZORAM,RAILWAYS,delayed_orig,2020-03,206.88,219.33,219.33,256.29,2022-07,2024-01,2024-06,23.0,6.02,,CONSTRUCTION OF TWO LANE WITH PAVED SHOULDER OF SELLING-DULTE SECTION OF NH-06 (PKG-I)
N24001281,NHIDCL,MIZORAM,RAILWAYS,delayed_orig,2020-03,292.24,331.17,331.17,275.8,2022-07,2024-03,2024-06,23.0,13.32,,CONSTRUCTION OF TWO LANE WITH PAVED SHOULDER OF SELLING-DULTE SECTION OF NH-06 (PKG-III)
N24001284,NHIDCL,NAGALAND,RAILWAYS,delayed_orig,2020-03,361.53,365.42,365.42,189.26,2022-06,2023-06,2024-06,24.0,1.08,,LANING OF KOHIMA JESSAMI SECTION (PACKAGE III)
N24001342,NHIDCL,Jammu and Kashmir,RAILWAYS,delayed_orig,2021-03,260.4,,260.4,191.88,2022-12,,2024-06,18.0,0.0,,DONIPAWA TO ASHAJIPORA BYPASS PKG-7
N24001352,NHIDCL,MANIPUR,RAILWAYS,delayed_orig,2021-03,259.31,,259.31,144.94,2022-12,,2024-06,18.0,0.0,,IMPHAL – MOREH PACKAGE-
N24001402,NHIDCL,MANIPUR,RAILWAYS,delayed_orig,2021-07,185.8,,185.8,85.76,2023-03,2023-10,2024-06,15.0,0.0,,TAMENGLONG MAHUR PKG-1
N24000320,NHIDCL,ASSAM,RAILWAYS,delayed_orig,2015-06,463.49,,463.49,319.48,2024-03,,2024-07,4.0,0.0,,FOUR LANING OF JHANJHI JN TO DEMOW SECTION FROM KM. TO KM. 535.250(DESIGN KM TO KM
N24000858,NHIDCL,MIZORAM,RAILWAYS,delayed_orig,2017-04,640.07,990.88,1286.35,1140.04,2023-07,2024-05,2024-07,12.0,100.97,,WIDENING AND UP-GRADATION TO 2-LANE WITH PAVED SHOULDER CONFIGURATION AND GEOMETRIC IMPROVEMENTS FRO
N24000948,NHIDCL,Arunachal Pradesh,RAILWAYS,delayed_orig,2016-09,568.92,568.92,568.92,508.65,2019-12,2023-03,2024-07,55.0,0.0,,CONSTRUCTION OF LANING OF EXISTING HUNLI-ANINI ROAD ON EPC BASIS FROM DESIGN KM TO KM
N24001248,NHIDCL,ASSAM,RAILWAYS,delayed_orig,2020-08,208.84,,208.84,164.53,2022-04,,2024-07,27.0,0.0,,WIDENING/IMPROVEMENT TO 4- LANE WITH PAVED SHOULDER FROM CH.75.330KM TO CH.88.00KM (DESIGN CH.71.800
N24001263,NHIDCL,TRIPURA,RAILWAYS,delayed_orig,2020-06,277.5,302.02,302.02,252.1,2022-01,2024-02,2024-07,30.0,8.84,,REHABILITATION AND UPGRADATION OF ROAD FROM KM TO KM OF KUMARGHAT-KAILASHAHAR SECTION
N24001317,NHIDCL,TRIPURA,RAILWAYS,delayed_orig,2020-06,201.99,287.47,287.47,139.41,2022-01,2023-06,2024-07,30.0,42.32,,2-LANING FROM JOLAIBARI BELONIA
N24001341,NHIDCL,Jammu and Kashmir,RAILWAYS,delayed_orig,2021-03,398.51,,398.51,73.81,2022-12,2024-07,2024-07,19.0,0.0,,KHELLANI-KHANABAL PKG-3
N24001390,NHIDCL,Arunachal Pradesh,RAILWAYS,delayed_orig,2020-08,228.71,,228.71,95.36,2022-04,2024-08,2024-07,27.0,0.0,,JORAM – KOLORIANG ROAD FROM EXISTING KM TO KM (PKG-3)
N24001396,NHIDCL,Jammu and Kashmir,RAILWAYS,delayed_orig,2021-07,497.09,,497.09,111.87,2023-02,,,17.0,0.0,,KHELLANI-KHANABAL PKG-5
N24001404,NHIDCL,MANIPUR,RAILWAYS,delayed_orig,2021-07,198.77,,198.77,88.9,2023-03,2023-09,2024-07,16.0,0.0,,TAMENGLONG MAHUR PKG-4
N24001439,NHIDCL,MANIPUR,RAILWAYS,delayed_orig,2021-08,467.41,,467.41,232.43,2023-05,,2024-07,14.0,0.0,,MARAM PEREN PKG-3
N24001246,NHIDCL,ASSAM,RAILWAYS,delayed_orig,2020-03,220.2,,220.2,213.54,2022-12,,2024-08,20.0,0.0,,4-LANING OF HAPACHARA TULUNGIA SECTION
N24001262,NHIDCL,SIKKIM,RAILWAYS,delayed_orig,2020-07,345.38,395.59,395.59,352.31,2023-04,2023-10,2024-08,16.0,14.54,,CONSTRUCTION AND UPGRADATION OFEXISTINGROAD TO 2-LANE WITH PAVED SHOULDER INCLUDING GEOMETRIC IMPROV
N24001391,NHIDCL,Arunachal Pradesh,RAILWAYS,delayed_orig,2020-08,294.04,,294.04,139.96,2022-04,2024-02,2024-08,28.0,0.0,,JORAM – KOLORIANG ROAD FROM EXISTING KM TO KM (PKG-4)
N24001451,NHIDCL,ASSAM,RAILWAYS,delayed_orig,2022-03,215.27,,215.27,111.59,2024-07,,2024-08,1.0,0.0,,DIBRUGARH-LAHOAL-CHABUA BYPASS PACKAGE-1
N24001452,NHIDCL,ASSAM,RAILWAYS,delayed_orig,2022-04,170.95,,170.95,93.45,2024-07,,2024-08,1.0,0.0,,DIBRUGARH-LAHOAL-CHABUA BYPASS PACKAGE-2
N24002030,NHIDCL,ASSAM,RAILWAYS,delayed_orig,2020-02,592.06,,592.06,256.64,2022-03,,2024-08,29.0,0.0,,DEVELOPMENT OF EXTERNAL TRUNK CONNECTIVITY AND INTERNAL INFRASTRUCTURE WORKS AT MULTI MODEL LOGISTIC
N24001255,NHIDCL,NAGALAND,RAILWAYS,delayed_orig,2020-09,277.44,,277.44,156.81,2022-10,2024-04,2024-09,23.0,0.0,,CONSTRUCTION OF 2-LANE WITH PAVED SHOULDER OF KOHIMA-BYPASS ROAD FROM DESIGN KM10.500 TO 21.00KM [D
N24001315,NHIDCL,Arunachal Pradesh,RAILWAYS,delayed_orig,2021-02,550.45,,550.45,109.7,2023-03,,,18.0,0.0,,TADADEGE HENKAR
N24001323,NHIDCL,Jammu and Kashmir,RAILWAYS,delayed_orig,2021-03,486.45,,486.45,115.47,2022-09,2023-08,2024-09,24.0,0.0,,KHELLANI-KHANABAL PKG-1
N24001350,NHIDCL,MANIPUR,RAILWAYS,delayed_orig,2021-02,188.36,,188.36,111.68,2022-12,,2024-09,21.0,0.0,,MARIAM PEREN (PKG 1B)
N24001366,NHIDCL,ASSAM,RAILWAYS,delayed_orig,2021-03,288.85,,288.85,163.69,2023-01,,2024-09,20.0,0.0,,DABOKA KATHKATI PACKAGE-5
N24001406,NHIDCL,NAGALAND,RAILWAYS,delayed_orig,2021-07,258.52,,258.52,59.4,2023-03,2024-09,2024-09,18.0,0.0,,PEREN-DIMAPUR SECTION PKG-2
N24000431,NHIDCL,ASSAM,RAILWAYS,delayed_orig,,,,,,,,,,,,TO KM OF NH-52
N24000438,NHIDCL,ASSAM,RAILWAYS,delayed_orig,2015-12,289.99,,289.99,230.45,2018-12,2021-07,2024-10,70.0,0.0,,LANING FROM RANGAGARA TO KALIABHOR TINALI FROM KM TO KM OF NH-37 ON EPC BASIS.
N24000683,NHIDCL,Arunachal Pradesh,RAILWAYS,delayed_orig,2017-02,180.57,244.1,180.57,149.77,2023-11,2024-03,2024-10,11.0,0.0,,TWO LANING OF JORAM KOLORIANG ROAD (NH 713) ON EPC BASIS FROM DESIGN KM. 138+000 TO KM. 154+036 [EX
N24000868,NHIDCL,Jammu and Kashmir,RAILWAYS,delayed_orig,2018-03,253.44,,253.44,176.87,2021-07,2023-08,2024-10,39.0,0.0,,UP-GRADATION TO 4-LANE WITH PAVED SHOULDER OF JAMMU- AKHNOOR ROAD SECTION OF NH-144A FROM GANESH VIHA
N24001537,NHIDCL,ASSAM,RAILWAYS,delayed_orig,2021-11,204.1,,204.1,109.21,2024-07,,2024-10,3.0,0.0,,DABOKA KATHKATI PACKAGE-7
N24000857,NHIDCL,MIZORAM,RAILWAYS,delayed_orig,2017-04,519.09,785.65,785.65,640.68,2023-04,2024-03,2024-11,19.0,51.35,,WIDENING AND UP-GRADATION TO 2-LANE WITH PAVED SHOULDER CONFIGURATION AND GEOMETRIC IMPROVEMENTS FRO
N24001266,NHIDCL,Jammu and Kashmir,RAILWAYS,delayed_orig,2020-07,210.79,,210.79,57.08,2022-04,2023-11,2024-11,31.0,0.0,,UP-GRADATION TO 2-LANE WITH PAVED SHOULDER FROM KM TO KM OF KM LENGTH ON GOHA-K
N24001345,NHIDCL,LADAKH,RAILWAYS,delayed_orig,2020-08,381.01,,381.01,144.91,2023-01,2024-06,2024-11,22.0,0.0,,KARGIL-ZANSKR PACKAGE-3
N24001348,NHIDCL,LADAKH,RAILWAYS,delayed_orig,2021-03,398.37,,398.37,133.01,2023-01,2024-08,2024-11,22.0,0.0,,KARGIL-ZANSKR PACKAGE-8
N24001360,NHIDCL,MEGHALAYA,RAILWAYS,delayed_orig,2021-03,260.21,,260.21,191.82,2022-12,2024-06,2024-11,23.0,0.0,,RANIKOR-MAHESHKHOLA- BAGHMARA (RMB) PKG-3
N24001393,NHIDCL,Arunachal Pradesh,RAILWAYS,delayed_orig,2020-08,184.88,,184.88,94.25,2022-04,2024-02,2024-11,31.0,0.0,,JORAM – KOLORIANG ROAD FROM EXISTING KM122.600 TO KM138.00 (PKG-7)
N24001397,NHIDCL,Jammu and Kashmir,RAILWAYS,delayed_orig,2021-02,431.28,,431.28,253.17,2023-03,2024-03,2024-11,20.0,0.0,,GOHA-KHELLANI PKG-3
N24000319,NHIDCL,ASSAM,RAILWAYS,delayed_orig,2015-06,437.39,,437.39,267.81,2023-08,,2024-12,16.0,0.0,,LANING OF JORHAT TO JHANJI SECTION FROM KM. TO KM. (DESIGN KM TO KM 454.240)
N24000582,NHIDCL,ASSAM,RAILWAYS,delayed_orig,2016-01,294.17,,294.17,292.4,2016-01,,2024-12,107.0,0.0,,LANING OF NH-37 SECTION BETWEEN DEMOW TO END OF MORAN BYPASS (FROM KM. TO KM. 561.700) O
N24000771,NHIDCL,MEGHALAYA,RAILWAYS,delayed_orig,2017-04,553.51,610.09,553.51,329.1,2021-09,2023-07,2024-12,39.0,0.0,,WIDENING TO 2-LANE WITH GEOMETRIC IMPROVEMENTS OF TURA DALU ROAD UNDER JICA FUNDING FROM KM T
N24000861,NHIDCL,MIZORAM,RAILWAYS,delayed_orig,2017-04,473.18,688.25,688.25,508.51,2023-04,2023-11,2024-12,20.0,45.45,,WIDENING AND UP-GRADATION TO 2-LANE WITH PAVED SHOULDER CONFIGURATION AND GEOMETRIC IMPROVEMENTS FRO
N24000862,NHIDCL,MIZORAM,RAILWAYS,delayed_orig,2017-04,537.82,789.05,789.05,729.36,2023-04,2023-10,2024-12,20.0,46.71,,WIDENING AND UP-GRADATION TO 2-LANE WITH PAVED SHOULDER CONFIGURATION AND GEOMETRIC IMPROVEMENTS FRO
N24000863,NHIDCL,MIZORAM,RAILWAYS,delayed_orig,2017-04,518.53,906.76,906.76,762.6,2023-06,2024-02,2024-12,18.0,74.87,,WIDENING AND UP-GRADATION TO 2-LANE WITH PAVED SHOULDER CONFIGURATION AND GEOMETRIC IMPROVEMENTS FRO
N24000864,NHIDCL,MIZORAM,RAILWAYS,delayed_orig,2017-04,404.29,750.32,750.32,567.59,2024-04,2024-07,2024-12,8.0,85.59,,WIDENING AND UP-GRADATION TO 2-LANE WITH PAVED SHOULDER CONFIGURATION AND GEOMETRIC IMPROVEMENTS FRO
N24000865,NHIDCL,MIZORAM,RAILWAYS,delayed_orig,2017-04,428.11,746.39,746.39,565.65,2023-09,2024-05,2024-12,15.0,74.35,,WIDENING AND UP-GRADATION TO 2-LANE WITH PAVED SHOULDER CONFIGURATION AND GEOMETRIC IMPROVEMENTS FRO
N24001264,NHIDCL,Jammu and Kashmir,RAILWAYS,delayed_orig,2020-07,228.39,,228.39,61.78,2022-04,2024-03,2024-12,32.0,0.0,,UP-GRADATION TO 2-LANE WITH PAVED SHOULDER FROM KM TO KM20.300 OF 7.450KM LENGTH ON GOHA-KHEL
N24001269,NHIDCL,ASSAM,RAILWAYS,delayed_orig,2020-03,216.49,241.52,216.49,101.02,2022-03,2023-12,2024-12,33.0,0.0,,2-LANING OF CHURACHANDPUR TUIVAI SECTION OF NH-102B (PKG- IB)
N24001270,NHIDCL,MANIPUR,RAILWAYS,delayed_orig,2020-03,292.24,,292.24,127.86,2022-06,2023-12,2024-12,30.0,0.0,,2-LANING OF CHURACHANDPUR TUIVAI SECTION OF NH-102B (PKG- 2A)
N24001271,NHIDCL,MANIPUR,RAILWAYS,delayed_orig,2020-06,365.53,,365.53,142.51,2022-08,,2024-12,28.0,0.0,,2-LANING OF CHURACHANDPUR TUIVAI SECTION OF NH-102B (PKG- 2B)
N24001272,NHIDCL,MANIPUR,RAILWAYS,delayed_orig,2020-03,167.95,204.12,167.95,77.72,2022-06,,2024-12,30.0,0.0,,2-LANING OF CHURACHANDPUR TUIVAI SECTION OF NH-102B (PKG- 4A)
N24001273,NHIDCL,MANIPUR,RAILWAYS,delayed_orig,2020-07,177.76,,177.76,70.23,2022-08,,2024-12,28.0,0.0,,2-LANING OF CHURACHANDPUR TUIVAI SECTION OF NH-102B (PKG- 4B)
N24001320,NHIDCL,Arunachal Pradesh,RAILWAYS,delayed_orig,2020-12,242.3,,242.3,21.47,2022-09,,2024-12,27.0,0.0,,DOGINALA GAU
N24001339,NHIDCL,MEGHALAYA,RAILWAYS,delayed_orig,2020-10,157.86,146.92,157.86,141.15,2022-04,2024-06,2024-12,32.0,0.0,,RANIKOR-MAHESHKHOLA- BAGHMARA (RMB) PKG-4 (KANAI-RONGARA)
N24001343,NHIDCL,LADAKH,RAILWAYS,delayed_orig,2021-03,384.23,,384.23,68.27,2023-01,2024-12,2024-12,23.0,0.0,,KARGIL-ZANSKR PACKAGE-1
N24001354,NHIDCL,MANIPUR,RAILWAYS,delayed_orig,2021-03,234.08,,234.08,139.45,2022-12,,2024-12,24.0,0.0,,TAMENGLONG MAHUR PKG-3
N24001401,NHIDCL,MANIPUR,RAILWAYS,delayed_orig,2021-07,467.0,,467.0,177.69,2023-03,2024-02,2024-12,21.0,0.0,,IMPHAL KHONGSANG PKG-3
N24001403,NHIDCL,MANIPUR,RAILWAYS,delayed_orig,2021-07,483.87,,483.87,278.89,2023-03,2024-05,2024-12,,,,TAMENGLONG MAHUR PKG-2
N24001436,NHIDCL,MANIPUR,RAILWAYS,delayed_orig,2021-08,477.86,,477.86,227.05,2023-05,2023-12,2024-12,19.0,0.0,,TAMENGLONG MAHUR PKG-5
N24001440,NHIDCL,MIZORAM,RAILWAYS,delayed_orig,2021-09,492.94,492.94,492.94,342.39,2023-05,2024-06,2024-12,19.0,0.0,,KEIFANG TUVAI PKG-1
N24001450,NHIDCL,ASSAM,RAILWAYS,delayed_orig,2021-09,625.64,,625.64,406.01,2024-07,,2024-12,5.0,0.0,,DABOKA KATHKATI PACKAGE-6
N24001474,NHIDCL,MEGHALAYA,RAILWAYS,delayed_orig,2021-09,359.86,,359.86,215.06,2024-05,,2024-12,7.0,0.0,,REHABITITATION AND UP GRADATION OF NONGSTOIN- RAMBRAI-KYRSHAI ROAD UP TO MEGHALAYA-ASSAM BORDER FROM
N24001541,NHIDCL,MEGHALAYA,RAILWAYS,delayed_orig,2021-11,283.5,,283.5,179.7,2024-06,,2024-12,6.0,0.0,,RANIKOR- MAHESHKHOLA- BAGHMARA PKG-2
N24001325,NHIDCL,SIKKIM,RAILWAYS,delayed_orig,2020-09,262.84,414.2,414.2,216.21,2023-05,,2025-01,20.0,57.59,,CONSTRUCTION OF 2-LANE SPECIFICATION ROAD WITH PAVED SHOULDER AS REALIGNMENT (GREENFIELD ALIGNMENT)
N24001363,NHIDCL,TRIPURA,RAILWAYS,delayed_orig,2021-03,354.79,,354.79,34.08,2022-12,2023-06,2025-01,25.0,0.0,,MANU-SIMLUNG ( PKG 4)
N24001395,NHIDCL,Jammu and Kashmir,RAILWAYS,delayed_orig,2021-07,859.67,,859.67,127.68,2023-08,2024-07,2025-01,17.0,0.0,,KHELLANI-KHANABAL PKG-4
N24001400,NHIDCL,MANIPUR,RAILWAYS,delayed_orig,2021-03,211.7,,211.7,22.0,2023-01,,2025-01,24.0,0.0,,SENAPATI- IMPHAL PKG-5B
N24001405,NHIDCL,MANIPUR,RAILWAYS,delayed_orig,2021-07,673.27,,673.27,339.37,2023-10,2024-02,2025-01,15.0,0.0,,CHURACHANPUR TUIVAI PKG-3
N24001437,NHIDCL,MANIPUR,RAILWAYS,delayed_orig,2021-09,311.18,,311.18,171.57,2023-05,2023-10,2025-01,20.0,0.0,,TAMENGLONG MAHUR PKG-6
N24001244,NHIDCL,Arunachal Pradesh,RAILWAYS,delayed_orig,2020-08,301.06,,301.06,133.99,2022-04,2025-02,2025-02,34.0,0.0,,CONSTRUCTION OF 2-LANING WITH HARD SHOULDERS OF ARROWA-KHUPA-HAYULIANG SECTION OF NH-113 FROM CH.68.
N24001258,NHIDCL,NAGALAND,RAILWAYS,delayed_orig,2020-08,202.36,,202.36,69.55,2022-04,2023-04,2025-02,34.0,0.0,,CONSTRUCTION OF 2-LANE WITH PAVED SHOULDER OF KOHIMA-BYPASS ROAD FROM DSIGN KM32.0 TO KM43.454 [DES
N24001259,NHIDCL,NAGALAND,RAILWAYS,delayed_orig,2020-09,315.63,,315.63,84.09,2022-04,2024-05,2025-02,34.0,0.0,,UPGRADATION OF EXISTING ROAD TO 2-LANE WITH PAVED SHOULDER FROM KOHIMA TO MAO FROM KM TO KM
N24001344,NHIDCL,LADAKH,RAILWAYS,delayed_orig,2021-03,404.89,,404.89,106.29,2023-01,2023-11,2025-02,25.0,0.0,,KARGIL-ZANSKR PACKAGE-2
N24001349,NHIDCL,MANIPUR,RAILWAYS,delayed_orig,2021-02,226.32,,226.32,81.54,2022-12,,2025-02,26.0,0.0,,MARIAM PEREN PKG-1A
N24001353,NHIDCL,MANIPUR,RAILWAYS,delayed_orig,2021-03,195.14,,195.14,54.67,2022-12,2023-11,2025-02,26.0,0.0,,IMPHAL KHONGSANG PKG-2
N24001453,NHIDCL,MANIPUR,RAILWAYS,delayed_orig,2021-08,579.63,,579.63,111.01,2023-12,,2025-02,14.0,0.0,,IMPHAL KHONGSANG PKG-4
N24000855,NHIDCL,Uttarakhand,RAILWAYS,delayed_orig,2018-03,1383.78,,1383.78,582.21,2022-07,2022-07,2025-03,32.0,0.0,,CONSTRUCTION OF KM LONG SILKYARA TUNNEL BETWEEN KM TO KM (TUNNEL WORK)
N24001322,NHIDCL,SIKKIM,RAILWAYS,delayed_orig,2020-09,183.31,439.56,439.56,346.67,2022-05,,2025-03,34.0,139.79,,CONSTRUCTION OF 2-LANE ROAD WITH PAVED SHOULDER (GREENFIELD ALIGNMENT) OF EXISTING STRETCH BETWEEN L
N24001327,NHIDCL,SIKKIM,RAILWAYS,delayed_orig,2020-08,292.8,,292.8,171.33,2022-05,2023-05,2025-03,34.0,0.0,,REHABILITATION AND UPGRADATION OF EXISTING ROAD TO 2-LANE WITH PAVED SHOULDER INCLUDING GEOMETRIC IM
N24001336,NHIDCL,SIKKIM,RAILWAYS,delayed_orig,2020-08,230.45,244.91,244.91,198.49,2023-04,2023-09,2025-03,23.0,6.27,,CONSTRUCTION AND UPGRADATION OF EXISTING ROAD TO 2-LANE WITH PAVED SHOULDER FROM KM27.200 (END OF RO
N24001473,NHIDCL,MANIPUR,RAILWAYS,delayed_orig,2021-09,310.76,,310.76,110.92,2024-02,,2025-03,13.0,0.0,,CONSTRUCTION OF 2-LANING WITH HARD SHOULDER ROAD OF UKHRUL TOLOI TADUBI SECTION OF NH-102A FROM
N24001538,NHIDCL,MANIPUR,RAILWAYS,delayed_orig,2021-12,410.68,,410.68,98.7,2024-05,,2025-03,10.0,0.0,,IMPHAL KHONGSANG PKG-5
N24001331,NHIDCL,ASSAM,RAILWAYS,delayed_orig,2020-03,261.13,,261.13,53.85,2022-06,,2025-04,34.0,0.0,,2-LANING FROM YAINGANGPOKPI TO FINCH CORNER (PKG-I)
N24001332,NHIDCL,ASSAM,RAILWAYS,delayed_orig,2020-03,217.5,,217.5,58.73,2022-06,2024-05,2025-04,34.0,0.0,,2-LANING FROM YAINGANGPOKPI TO FINCH CORNER (PKG-II)
N24001362,NHIDCL,SIKKIM,RAILWAYS,delayed_orig,2020-12,410.6,379.3,379.3,180.75,2024-02,2025-04,2025-04,14.0,,,RISHI BORDER- ROLEP- MENLA PKG- 3B
N24001337,NHIDCL,SIKKIM,RAILWAYS,delayed_orig,2020-10,493.42,478.79,478.79,260.67,2023-11,2025-01,2025-06,19.0,,,CONSTRUCTION AND UPGRADATION OF EXISTING ROAD TO 2-LANE WITH PAVED SHOULDER FROM NEW ROLEP BRIDGE AT
N24000946,NHIDCL,Arunachal Pradesh,RAILWAYS,delayed_orig,2017-03,1718.59,1718.59,1718.59,662.35,2022-03,2023-12,2025-07,40.0,0.0,,CONSTRUCTION OF 2-LANE ROAD WITH PAVED SHOULDERS FROM KM16.00 OF ROING-HUNLI SECTION TO KM OF
N24000748,NHIDCL,Andaman and Nicobar Islands,RAILWAYS,delayed_orig,2018-02,391.0,,391.0,170.37,2020-09,2023-01,2025-08,59.0,0.0,,REHABILITATION AND UP GRADATION OF SECTION FROM KM TO KM (AFTER MIDDLE STRAIT TO HUM
N24001274,NHIDCL,MANIPUR,RAILWAYS,delayed_orig,2020-08,379.39,,379.39,189.78,2022-04,,2025-08,40.0,0.0,,IMPROVEMENT/UPGRADATION OF EXISTING 2-LANE TO 4-LANE DIVIDED HIGHWAY FROM TAPHOU KUKI TO DAILI SECTI
N24001394,NHIDCL,Jammu and Kashmir,RAILWAYS,delayed_orig,2021-07,512.43,,512.43,62.19,2023-02,,2025-08,30.0,0.0,,KHELLANI-KHANABAL PKG-2
N24000688,NHIDCL,NAGALAND,RAILWAYS,delayed_orig,2016-03,429.52,562.98,429.52,269.56,2022-08,2025-09,2025-09,37.0,0.0,,FOUR LANING OF EXISTING DIMAPUR KOHIMA ROAD FROM DESIGN KM TO KM (EXISTING KM
N24001313,NHIDCL,MEGHALAYA,RAILWAYS,delayed_orig,2020-11,351.12,,351.12,210.17,2023-12,2025-10,2025-10,22.0,0.0,,IMPROVEMENT/WIDENING TO 2- L WITH PAVED SHOULDER FROM (DESIGN KM TO KM 10.670) / 4-LANING FROM (
N24001368,NHIDCL,ASSAM,RAILWAYS,delayed_orig,2021-03,286.72,,286.72,73.07,2024-01,,2025-10,21.0,0.0,,TULUNGIA-JOGIGHOPA-PAIKAN ROAD PKG-7
N24001287,NHIDCL,NAGALAND,RAILWAYS,delayed_orig,2020-04,330.8,,330.8,84.93,2021-12,2025-11,2025-11,47.0,0.0,,LANING OF KOHIMA JESSAMI SECTION (PACKAGE V)
N24001539,NHIDCL,MANIPUR,RAILWAYS,delayed_orig,2021-12,504.76,,504.76,71.07,2025-02,,2025-11,9.0,0.0,,IMPHAL KHONGSANG PKG-6
N24001275,NHIDCL,MANIPUR,RAILWAYS,delayed_orig,2020-08,268.98,,268.98,22.08,2022-04,,2025-12,44.0,0.0,,IMPROVEMENT/UPGRADATION OF EXISTING 2-LANE TO 4-LANE DIVIDED HIGHWAY FROM DAILI TO KURAOPOKPI SECTIO
N24001276,NHIDCL,MANIPUR,RAILWAYS,delayed_orig,2020-08,228.97,,228.97,,2022-04,,2025-12,44.0,0.0,,IMPROVEMENT/UPGRADATION OF EXISTING 2-LANE TO 4-LANE DIVIDED HIGHWAY FROM KURAOPOKPI TO SEKMAI SECTI
N24001338,NHIDCL,SIKKIM,RAILWAYS,delayed_orig,2020-10,816.79,786.6,786.6,265.27,2023-12,2024-09,2025-12,24.0,,,CONSTRUCTION OF 2-LANE WITH PAVED SHOULDER OF NEW GREEN FIELD ALIGNMENT FROM CHOCHENPHERI AT KM 52.0
N24001358,NHIDCL,MIZORAM,RAILWAYS,delayed_orig,2021-03,698.44,698.45,698.45,350.43,2022-12,2024-12,2025-12,36.0,0.0,,TLABUNG LUNGLEI PKG-A
N24001359,NHIDCL,MIZORAM,RAILWAYS,delayed_orig,2021-03,740.58,740.58,740.58,250.57,2023-01,2024-12,2025-12,35.0,0.0,,TLABUNG LUNGLEI PKG-B
N24001361,NHIDCL,SIKKIM,RAILWAYS,delayed_orig,2021-01,332.2,,332.2,142.7,2023-09,2025-01,2025-12,27.0,0.0,,RISHI BORDER- ROLEP- MENLA PKG- 2A
N24001831,NHIDCL,ASSAM,RAILWAYS,delayed_orig,2022-03,613.89,,613.89,16.96,2025-02,,2025-12,10.0,0.0,,SRIRAMPUR DHUBRI PKG-1
N24001282,NHIDCL,NAGALAND,RAILWAYS,delayed_orig,2020-03,355.79,,355.79,109.24,2022-06,,2026-01,43.0,0.0,,LANING OF KOHIMA JESSAMI SECTION (PACKAGE II)
N24001975,NHIDCL,MIZORAM,RAILWAYS,delayed_orig,2021-09,523.78,,523.78,199.81,2025-02,,2026-02,12.0,0.0,,UP-GRADATION TO 2-LANE WITH PAVED SHOULDERS OF NGOPA PAWLRANG SECTION OF NH 102B OF AIZAWL IMPHA
N24001334,NHIDCL,MEGHALAYA,RAILWAYS,delayed_orig,2020-11,445.51,,445.51,191.35,2023-12,,2026-04,28.0,0.0,,IMPROVEMENT/WIDENING TO 2- LANE WITH PAVED SHOULDER FROM (DESIGN KM TO KM 63.530) BETWEEN SHIL
N24002027,NHIDCL,MIZORAM,RAILWAYS,delayed_orig,2021-12,500.88,,500.88,91.04,2025-02,,2026-05,15.0,0.0,,KEIFANG TUVAI PKG-3
N24001314,NHIDCL,MEGHALAYA,RAILWAYS,delayed_orig,2020-11,525.68,,525.68,358.99,2023-12,,2026-08,32.0,0.0,,IMPROVEMENT/WIDENING TO 2- LANE WITH PAVED SHOULDER FROM (DESIGN KM TO KM 37.550) BETWEEN SHIL
N24001335,NHIDCL,MEGHALAYA,RAILWAYS,delayed_orig,2020-11,284.21,,284.21,45.46,2023-12,,2026-11,35.0,0.0,,IMPROVEMENT/WIDENING TO 2- LANE WITH PAVED SHOULDER / 4-LANING FROM (DESIGN KM TO KM 71.520) B
N24001434,NHIDCL,ASSAM,RAILWAYS,delayed_orig,2021-08,746.76,,746.76,267.48,2024-11,,2026-12,25.0,0.0,,JOGIGHOPA BRIDGE
N24000507,NHAI,BIHAR,RAILWAYS,delayed_orig,2015-12,1167.45,,1182.94,707.88,2019-12,,2024-05,53.0,1.33,,FOUR LANING OF BAKHTIYARPUR MOKAMA SECTION OF NH-31
N24000652,NHAI,TAMIL NADU,RAILWAYS,delayed_orig,2017-03,848.45,,848.45,303.04,2020-03,2024-05,2024-05,50.0,0.0,,FOUR LANNING OF VIKRAVANDI- SETHIYAHOPU FROM KM TO KM 60.250(DESIGN CHAINAGE KM TO KM 65.
N24000711,NHAI,RAJASTHAN,RAILWAYS,delayed_orig,2017-12,1308.73,,1308.73,656.1,2020-12,2024-05,2024-05,41.0,0.0,,FOUR LANING OF DANGIAWAS (KM TO NH-112) TO JAJIWAL (KM OF NH NAGAUR ROAD) SECTIO
N24001306,NHAI,Uttar Pradesh,RAILWAYS,delayed_orig,2020-10,724.6,,724.6,569.96,2023-03,,2024-05,14.0,0.0,,TWO / FOUR LANING OF RAEBARELI JAGDISHPUR SECTION OF NH-330A FROM KM. TO KM. (DESIGN
N24001514,NHAI,PUNJAB,RAILWAYS,delayed_orig,2021-01,1060.29,,1060.29,975.55,2024-01,2024-05,2024-05,4.0,0.0,,"FOUR LANING OF EXISTING LANE SECTION FROM MALOUT (DESIGN KM 44.500, EXISTING KM OF NH-07) V"
N24001532,NHAI,HARYANA,RAILWAYS,delayed_orig,2021-11,694.0,1918.0,1500.0,1398.08,2023-11,2024-01,2024-05,6.0,116.14,,"CONSTRUCTION OF 4-LANE NH- 344P-PACKAGE-4 (FROM KM 0+000 TO KM 29+600, 29.6KM), STARTING FROM BAWANA"
N24001535,NHAI,HARYANA,RAILWAYS,delayed_orig,2020-07,899.0,1882.46,1882.46,987.25,2022-07,2024-05,2024-05,22.0,109.39,,4-LANING OF GOHANA-SONIPAT (PKG-2) SECTION FROM KM TO KM (LENGTH = 38.236KM) OF NH-352
N24001536,NHAI,HARYANA,RAILWAYS,delayed_orig,2020-07,817.0,1605.0,1605.0,929.61,2022-07,,2024-05,22.0,96.45,,FOUR LANING OF JIND GOHANA GREENFIELD ALIGNMENT PACKAGE IN THE STATE OF HARYANA UNDER HYBRID ANNUI
N24001560,NHAI,RAJASTHAN,RAILWAYS,delayed_orig,2019-02,755.16,,755.16,897.48,2023-10,2024-05,2024-05,7.0,0.0,,SANGARIYA (NEAR CHAUTALA)- RASISAR (NEAR BIKANER) (PHASE-I) (AJ/SR-PACKAGE-2)
N24001561,NHAI,RAJASTHAN,RAILWAYS,delayed_orig,2019-10,839.63,,839.63,192.06,2023-10,2024-05,2024-05,7.0,0.0,,DEOGARH (NEAR DHANDHANIYA)- RAJASTHAN/GUJARAT BORDER (PHASE-I) (AJ/DRGB-PACKAGE-8)
N24001562,NHAI,RAJASTHAN,RAILWAYS,delayed_orig,2019-02,738.9,,738.9,882.77,2023-10,2024-05,2024-05,7.0,0.0,,SANGARIYA (NEAR CHAUTALA)- RASISAR (NEAR BIKANER) (PHASE-I) (AJ/SR-PACKAGE-1)
N24001563,NHAI,RAJASTHAN,RAILWAYS,delayed_orig,2019-10,846.59,,846.59,116.07,2023-08,2024-05,2024-05,9.0,0.0,,DEOGARH (NEAR DHANDHANIYA)- RAJASTHAN/GUJARAT BORDER (PHASE-I) (AJ/DRGB-PACKAGE-6)
N24001564,NHAI,RAJASTHAN,RAILWAYS,delayed_orig,2019-10,662.08,,662.08,83.76,2023-07,2024-05,2024-05,10.0,0.0,,DEOGARH (NEAR DHANDHANIYA)- RAJASTHAN/GUJARAT BORDER (PHASE-I) (AJ/DRGB-PACKAGE-7)
N24001616,NHAI,Madhya Pradesh,RAILWAYS,delayed_orig,2021-01,428.04,,328.77,207.21,2023-10,,2024-05,7.0,,,2L PS OF SATNA MAIHAR SECTION OF NH-135BG FROM KM TO KM
N24001729,NHAI,Uttar Pradesh,RAILWAYS,delayed_orig,2022-08,326.79,,329.79,87.78,2024-04,,2024-05,1.0,,,4L SPUR OF PANIPAT SHAMLI CONNECTING NH-709AD (PANIPAT – SHAMLI – MUZAFFARNAGAR) AND NH- 709A (KARN
N24001752,NHAI,WEST BENGAL,RAILWAYS,delayed_orig,2018-12,2375.87,2843.79,2843.79,2360.81,2023-02,2023-08,2024-05,15.0,19.69,,FOUR LANING OF BAL. WORKS OF BARASAT-KRISHNAGAR FROM KM.48.553 TO KM.115.272
N24001791,NHAI,GUJARAT,RAILWAYS,delayed_orig,2020-02,606.51,,657.0,453.89,2023-06,2024-03,2024-05,11.0,8.32,,SANCHORE SANTALPUR FROM KM KM OF NH- 754K (AJ-RGBS-PACKAGE-1)
N24000182,NHAI,MULTI STATE,RAILWAYS,delayed_orig,2011-09,2848.0,,3241.56,3901.66,2014-03,,2024-06,123.0,13.82,,VARANASI-AURANGABAD KM.786 TO KM.978.40
N24000187,NHAI,BIHAR,RAILWAYS,delayed_orig,2011-01,575.0,,575.0,526.44,2013-07,2024-06,2024-06,131.0,0.0,,4-LANNING OF CHAPRA- HAJIPUR
N24000556,NHAI,Uttar Pradesh,RAILWAYS,delayed_orig,2016-03,899.0,1623.88,1623.88,1058.84,2019-04,2024-06,2024-06,62.0,80.63,,FOUR LANNING OF RAMPUR- KATHGODAM SECTION OF NH-87 FROM KM (KM. OF NH-24) TO KM
N24000558,NHAI,Maharashtra,RAILWAYS,delayed_orig,,,,,,2023-07,,,,,,
N24000559,NHAI,UTTARAKHAND,RAILWAYS,delayed_orig,2016-03,720.0,1150.0,1150.0,557.04,2019-10,2024-06,2024-06,56.0,59.72,,FOUR LANNING OF RAMPUR- KATHGODAM SECTION OF NH-87 FROM KM (DESIGN CHAINAGE 43.446) TO KM
N24000564,NHAI,Uttar Pradesh,RAILWAYS,delayed_orig,2016-03,1408.0,1659.12,1659.12,1157.85,2020-07,2024-06,2024-06,47.0,17.84,,4-LANNING OF HARIDWAR- NAGINA SECTION OF NH FROM (KM OF NH 58) TO KM
N24000569,NHAI,GUJARAT,RAILWAYS,delayed_orig,2016-05,723.64,,723.64,559.33,2024-05,,2024-06,57.0,0.0,,FOUR LANING OF KAGAVADAR UNA SECTION OF NH-8E FROM KM TO KM (PACKAGE-IV) IN THE ST
N24000619,NHAI,ODISHA,RAILWAYS,delayed_orig,2016-09,2510.04,,2510.04,1104.98,2019-08,,2024-06,58.0,0.0,,DEVELOPMENT OF FOUR LANNING OF ANGUL- SAMBALPUR SECTION OF NATIONAL HIGHWAY NH-42 (NEW NH-55 IN THE S
N24000622,NHAI,KARNATAKA,RAILWAYS,delayed_orig,2016-09,950.69,,1487.46,1607.58,2019-08,2024-06,2024-06,58.0,56.46,,TWO/FOUR LANNING OF BRT TIGER RESERVE BOUNDARY TO BANGALORE SECTION OF NH- 209(EXISTING CHAINAGE FROM
N24000662,NHAI,PUNJAB,RAILWAYS,delayed_orig,2017-03,754.54,808.6,808.6,800.29,2020-03,2024-06,2024-06,51.0,7.16,,CONSTRUCTION OF PARTIALLY ACESS CONTROLLED FOUR LANE ELEVATED HIGHWAY BETWEEN SAMRALA CHOWK (DESIGN
N24000691,NHAI,RAJASTHAN,RAILWAYS,delayed_orig,2017-04,894.0,,929.32,915.67,2020-04,2024-06,2024-06,50.0,3.95,,SIX-LANNING OF GREENFIELD PROPOSED UDAIPUR BYPASS PKG-IV
N24000697,NHAI,TAMIL NADU,RAILWAYS,delayed_orig,2017-08,1176.37,,1176.37,1254.79,2020-09,2024-06,2024-06,45.0,0.0,,FOUR LANNING OF CHOLOPURAM-THANJAVUR
N24000708,NHAI,TAMIL NADU,RAILWAYS,delayed_orig,2017-09,1227.87,,1227.87,1261.43,2020-08,2024-06,2024-06,46.0,0.0,,4-LANNING OF STHIYATHOPU- CHOLOPURAM
N24000709,NHAI,Madhya Pradesh,RAILWAYS,delayed_orig,2017-12,950.27,,786.43,616.54,2020-02,,2024-06,52.0,,,BALANCE WORK FOR FOUR LANING OF ITARSI TO BETUL SECTION OF NH69 FROM KM TO KM (DESIGN
N24000795,NHAI,RAJASTHAN,RAILWAYS,delayed_orig,2018-02,741.86,649.0,649.0,672.53,2021-04,2024-06,2024-06,38.0,,,CONSTRUCTION/ UP-GRATION OF FOUR/TWO LANE WITH PAVED SHOULDER OF NH68 FROM TANOT-RAMGARH BHADASAR-JA
N24000796,NHAI,Uttar Pradesh,RAILWAYS,delayed_orig,2018-03,1117.84,,1203.92,1165.5,2021-12,2023-12,2024-06,30.0,7.7,,CONSTRUCTION OF NH-24 EXTENSION 4-LANE BYPASS STARTING FROM BEHTA ROAD AND TERMINATING AT SITAPUR RO
N24000798,NHAI,Uttar Pradesh,RAILWAYS,delayed_orig,2018-03,2140.93,,2140.93,2048.57,2021-11,,2024-06,31.0,0.0,,SIX LANING OF HAPUR BYPASS TO MORADABAD SECTION INCLUDING HAPUR BYPASS FROM KM (DESIGN CHAINA
N24001426,NHAI,KARNATAKA trees from Ch.,RAILWAYS,delayed_orig,2021-03,317.9,317.9,317.9,303.86,2021-10,2024-06,2024-06,32.0,0.0,Land acquisition affecting for cutting of horticulture trees from Ch. 266.680 to 266.820 (RHS).,4L OF ADDAHOLE TO BANTWAL CROSS SECTION
N24001472,NHAI,Jammu and Kashmir,RAILWAYS,delayed_orig,2021-09,811.19,,811.19,723.48,2023-12,2024-06,2024-06,6.0,0.0,,BALANCE WORKS OF FOUR LANING FROM RAMBAN KM TO BANIHAL KM OF NH-1A (NOW NH-44) WITH VA
N24001485,NHAI,Maharashtra,RAILWAYS,delayed_orig,2019-02,397.6,,397.6,374.85,2022-02,2024-06,2024-06,28.0,0.0,,INTEGRATED STRUCTURE WITH DEVELOPMENT OF OTHER ALLIED STRUCTURES ON BOTH SIDES OF CHANDNI CHOWK JUNC
N24001503,NHAI,Maharashtra,RAILWAYS,delayed_orig,2021-09,667.66,666.21,666.21,471.34,2023-09,2024-03,2024-06,9.0,,,4L OF INDAPUR TO TONDLE (PKG-III) FROM KM.84.550 TO KM. OF NH-965G (SAINT TUKARAM MARG)
N24001516,NHAI,GUJARAT,RAILWAYS,delayed_orig,2020-09,1185.69,,1185.69,785.75,2024-02,2024-06,2024-06,4.0,0.0,,DELHI VADODARA GREENFIELD ALIGNMENT SECTION OF NH 148N PACKAGE
N24001518,NHAI,GUJARAT,RAILWAYS,delayed_orig,2019-11,1669.56,,1669.56,890.0,2023-09,,2024-06,9.0,0.0,,DELHI VADODARA GREENFIELD ALIGNMENT SECTION OF NH 148N PACKAGE
N24001519,NHAI,GUJARAT,RAILWAYS,delayed_orig,2020-09,1198.55,,1198.55,757.29,2023-11,,2024-06,7.0,0.0,,DELHI VADODARA GREENFIELD ALIGNMENT SECTION OF NH 148N PACKAGE
N24001520,NHAI,GUJARAT,RAILWAYS,delayed_orig,2019-11,1604.06,,1604.06,1211.61,2024-05,,2024-06,1.0,0.0,,DELHI VADODARA GREENFIELD ALIGNMENT SECTION OF NH 148N PACKAGE
N24001523,NHAI,Uttar Pradesh,RAILWAYS,delayed_orig,2021-03,836.24,,836.24,772.73,2023-10,2024-06,2024-06,8.0,0.0,,6L ACCESS-CONTROLLED HIGHWAY FROM (GANESHPUR) TO(NEAR MOHAND) OF GANESHPUR – DEHRADUN SECTION FROM K
N24001524,NHAI,Uttar Pradesh,RAILWAYS,delayed_orig,2021-03,990.28,,990.28,997.39,2023-10,2024-06,2024-06,8.0,0.0,,6L OF ACCESS-CONTROLLED HIGHWAY FROM MOHAND TO DAAT KALI TUNNEL OF GANESHPUR – DEHRADUN SECTION FROM
N24001525,NHAI,UTTARAKHAND,RAILWAYS,delayed_orig,2021-03,169.08,,169.08,92.56,2024-03,2024-06,2024-06,3.0,0.0,,6L ACCESS-CONTROLLED HIGHWAY OF DAAT KALI TUNNEL DEHRADUN OF GANESHPUR – DEHRADUN SECTION FROM KM.
N24001533,NHAI,HARYANA,RAILWAYS,delayed_orig,2020-11,1690.23,,2010.17,917.09,2023-12,,2024-06,6.0,18.93,,CONSTRUCTION OF 4-LANE GREEN FIELD DELHI-AMRITSAR- KATRA EXPRESSWAY (NE-05) FROM JUSSUR KHERI ON KMP
N24001545,NHAI,ASSAM,RAILWAYS,delayed_orig,2022-08,175.0,,175.0,169.56,2022-12,,2024-06,18.0,0.0,,"6L STANDALONE FLYOVERS AT RAHA, DEMOW, BORGHAT, KATHIATALI JUNCTIONS AND ROB AT JAGIROAD ON STRETCHE"
N24001568,NHAI,RAJASTHAN,RAILWAYS,delayed_orig,2019-11,1119.35,,1119.35,1409.0,2023-05,2024-06,2024-06,13.0,0.0,,DELHI-VADODARA GREENFIELD ALIGNMENT (NH-148N) (PKG-14) (CH. TO CH. 419.000) [JUNCTION WITH N
N24001569,NHAI,RAJASTHAN,RAILWAYS,delayed_orig,2019-11,1425.02,,1425.02,1364.99,2023-03,2024-06,2024-06,15.0,0.0,,DELHI-VADODARA GREENFIELD ALIGNMENT (NH-148N) (PKG-12) (CH. TO CH. 359.170) [MAJOR BRIDGE ON
N24001571,NHAI,RAJASTHAN,RAILWAYS,delayed_orig,2019-11,1341.36,,1341.36,1067.22,2023-12,2024-06,2024-06,6.0,0.0,,DELHI-VADODARA GREENFIELD ALIGNMENT (NH-148N) (PKG-13) (CH. TO CH. 388.420) [JUNCTION WITH S
N24001573,NHAI,RAJASTHAN,RAILWAYS,delayed_orig,2019-11,1658.06,,1658.06,157.41,2022-12,2024-06,2024-06,18.0,0.0,,DELHI-VADODARA GREENFIELD ALIGNMENT (NH-148N) (PKG-09) (CH. TO CH. 292.950) [JUNCTION WITH M
N24001596,NHAI,JHARKHAND,RAILWAYS,delayed_orig,2021-11,1302.72,,1302.72,767.81,2023-07,,2024-06,11.0,0.0,,4L OF MIRZA CHAUKI TO FARKKA SECTION OF NH80 FROM KM TO KM ON HAM MODE IN THE STATE OF
N24001599,NHAI,KARNATAKA,RAILWAYS,delayed_orig,2018-03,440.16,,440.16,278.29,2022-12,2024-06,2024-06,18.0,0.0,Delay in Government order for traffic diversion and also there is land acquisition problem.,BELAKERI PORT TO KUMTA SIRSI ROAD FROM KM KM OF BELEKERI PORT ROAD LINK RD. AND KM 4.
N24001618,NHAI,Madhya Pradesh,RAILWAYS,delayed_orig,2019-09,194.4,,194.4,131.6,2022-09,,2024-06,21.0,0.0,,KATNI BYPASS FROM KM. TO KM.
N24001624,NHAI,Jammu and Kashmir,RAILWAYS,delayed_orig,2019-07,157.05,,157.05,133.21,2020-10,2023-04,2024-06,44.0,0.0,,CONSTRUCTION OF EMERGENCY LANDING FACILITY FROM KM. TO KM. ON SRINAGAR BANIHAL SECTI
N24001633,NHAI,HARYANA,RAILWAYS,delayed_orig,2020-12,1430.88,,1430.88,955.63,2023-12,2024-06,2024-06,6.0,0.0,,CONSTRUCTION OF FOUR LANE GREENFIELD PROJECT OF DELHI-AMRITSAR-KATRA EXPRESSWAY (PHASE-I PKG-III) F
N24001647,NHAI,ODISHA,RAILWAYS,delayed_orig,2020-08,200.0,154.73,154.73,137.04,2022-03,,2024-06,27.0,,,BALANCE WORK OF PANIKOILI RIMULI SECTION OF NEW NH-20 FROM KM TO KM.
N24001652,NHAI,KERALA,RAILWAYS,delayed_orig,2020-03,210.37,214.36,214.36,198.01,2022-06,2024-02,2024-06,24.0,1.9,,6L MINOR BRIDGE (PALOLI PALAM) AT KM. and MAJOR BRIDGE (MORAD) AT KM. AND ALLIED WOR
N24001685,NHAI,KARNATAKA,RAILWAYS,delayed_orig,2021-01,1069.0,,1067.89,812.64,2024-01,,2024-06,5.0,,,CONSTRUCTION OF LANE BANGALORE -CHENNAI EXPRESSWAY FROM KM TO KM SECTION OF NE-7 (BA
N24001688,NHAI,KARNATAKA,RAILWAYS,delayed_orig,2020-10,3184.0,,2867.98,1142.41,2023-09,2024-03,2024-06,9.0,,,CONSTRUCTION OF LANE BANGALORE-CHENNAI EXPRESSWAY FROM KM TO KM NE-7(ALONG WITH
N24001689,NHAI,KARNATAKA,RAILWAYS,delayed_orig,2020-12,1745.0,,1595.2,1237.77,2023-09,2024-03,2024-06,9.0,,,CONSTRUCTION OF LANE BANGALORE CHENNAI EXPRESSWAY FROM KM TO KM SECTION OF NE-7 (M
N24001706,NHAI,BIHAR,RAILWAYS,delayed_orig,2021-03,1097.18,1097.0,1097.0,262.91,2024-01,2024-06,2024-06,5.0,,,LANING OF GALGALIA BAHADURGANJ SECTION FROM KM TO KM (PACKAGE-I) OF NH-327E.
N24001707,NHAI,BIHAR,RAILWAYS,delayed_orig,2021-03,1143.46,1143.46,1143.46,224.93,2024-01,2024-06,2024-06,5.0,0.0,,LANING OF BAHADURGANJ ARARIA SECTION FROM KM TO KM (PACKAGE- II) OF NH-327E
N24001710,NHAI,BIHAR,RAILWAYS,delayed_orig,2020-09,2334.68,2494.2,2494.2,704.32,2023-03,2024-06,2024-06,15.0,6.83,,LANING FROM KM. TO KM. and 2LPS FROM KM. TO KM. OF NARENPUR PURNEA S
N24001722,NHAI,TAMIL NADU,RAILWAYS,delayed_orig,2021-11,463.44,463.44,463.44,329.7,2023-02,,2024-06,16.0,0.0,,6L OF MADURAVOYAL TO SRIPERUMBUDUR SECTION FROM KM. TO KM. OF NH-4 THROUGH STATE HIGH
N24001763,NHAI,Madhya Pradesh,RAILWAYS,delayed_orig,2021-09,774.16,,893.08,464.84,2023-09,2024-06,2024-06,9.0,15.36,,4L OF HARDA BETUL (PKG-I) FROM KM.0 TO KM.30 [HARDA TEMAGAON]
N24001764,NHAI,Madhya Pradesh,RAILWAYS,delayed_orig,2021-09,814.04,,947.29,431.27,2023-09,2024-06,2024-06,9.0,16.37,,4L OF HARDA BETUL (PKG-III) FROM KM. TO KM.121.248 [CHICHOLI BETUL]
N24001769,NHAI,Madhya Pradesh,RAILWAYS,delayed_orig,2018-11,831.0,,831.0,840.3,2023-08,2024-06,2024-06,10.0,0.0,,DHANGAON BORGAON SECTION (KM TO KM 139.000) [INDORE EDLABAD PKG IV]
N24001774,NHAI,HARYANA,RAILWAYS,delayed_orig,2020-12,1524.03,,1524.03,1059.4,2023-11,,2024-06,7.0,0.0,,CONSTRUCTION OF GURGAON PATAUDI REWARI SECTION OF NH-352W (DESIGN LENGTH KM) AS FEEDER ROU
N24001778,NHAI,DELHI,RAILWAYS,delayed_orig,2020-07,801.46,,801.46,382.03,2023-10,,2024-06,8.0,0.0,,DEVELOPMENT OF 4L UER II [PACKAGE V] (SPUR TO BAHADURGARH BYPASS) (NH- 10) FROM KM. TO KM.7.30
N24001779,NHAI,DELHI,RAILWAYS,delayed_orig,2018-03,2507.0,,3030.73,1155.7,2022-09,,2024-06,21.0,20.89,,DWARKA EXPRESSWAY FROM KM -0.600 TO KM PKG-I (SHIVMURTI CHOWK-RUB NEAR DWARKA SECTOR 21)
N24001781,NHAI,DELHI,RAILWAYS,delayed_orig,2018-01,2067.67,,2160.0,1496.49,2021-10,,2024-06,32.0,4.47,,8L OF DWARKA EXPRESSWAY PKG-II (RUB NEAR DWARKA SECTOR 21-DL/HR BORDER) FROM KM.TO KM. O
N24001783,NHAI,HARYANA,RAILWAYS,delayed_orig,2018-11,2252.75,,2252.75,1223.07,2021-09,,2024-06,33.0,0.0,,CONSTRUCTION OF 8LANE EXPRESSWAY NE4 STARTING BEFORE KMP EXPRESSWAY AND ENDS AT CH. 47+000 NEAR KHAN
N24001784,NHAI,HARYANA,RAILWAYS,delayed_orig,2018-11,1935.61,,1935.61,856.41,2021-09,,2024-06,33.0,0.0,,CONSTRUCTION OF EIGHT LANE EXPRESSWAY STARTING AT CH. 47+000 NEAR KHANPUR GHATI AND ENDS AT HARYANA
N24001788,NHAI,GUJARAT,RAILWAYS,delayed_orig,2020-07,2271.86,,3916.0,518.25,2023-12,,2024-06,6.0,72.37,,CONSTRUCTION OF EIGHT LANE ACCESS CONTROLLED EXPRESSWAY FROM KM TO KM OF VADODARA MU
N24001789,NHAI,GUJARAT,RAILWAYS,delayed_orig,2020-07,1710.3,,1927.0,362.81,2023-08,,2024-06,10.0,12.67,,CONSTRUCTION OF EIGHT LANE EXPRESSWAY FROM KM TO KM GANDEVA TO ENA SECTION OF VADODA
N24001790,NHAI,GUJARAT,RAILWAYS,delayed_orig,2020-02,752.3,,766.2,451.11,2023-08,2024-12,2024-06,10.0,1.85,,SANCHORE SANTALPUR FROM KM 67.000- KM OF NH- 754K (AJ-RGBS-PACKAGE-3)
N24001792,NHAI,GUJARAT,RAILWAYS,delayed_orig,2021-03,536.03,,536.03,434.87,2022-09,,2024-06,21.0,0.0,,4L OF BAL WORKS OF TALAJA MAHUVA FROM KM. TO KM. OF OLD NH-8E (PACKAGE-II)
N24001793,NHAI,GUJARAT,RAILWAYS,delayed_orig,2021-03,485.75,,485.75,363.53,2022-09,,2024-06,21.0,0.0,,4L OF BAL WORKS OF MAHUVA TO KAGVADAR FROM KM. TO KM. OF NH-8E (PKG- III)
N24001794,NHAI,GUJARAT,RAILWAYS,delayed_orig,2020-02,778.15,,785.67,511.14,2023-03,2024-12,2024-06,15.0,,,SANCHORE SANTALPUR FROM KM 99.000- KM OF NH- 754K (AJ-RGBS-PACKAGE-4)
N24001798,NHAI,Maharashtra,RAILWAYS,delayed_orig,2021-02,540.21,,540.21,406.67,2023-11,,2024-06,7.0,0.0,,4L MITIGATION MEASURE STRUCTURES ON CH/MH BORDER TO WAINGANGA BRIDGE SECTION OF NH-53
N24001804,NHAI,Maharashtra,RAILWAYS,delayed_orig,2019-12,1654.07,,980.0,835.19,2022-09,2024-06,2024-06,21.0,,,BAL. WORKS OF FAGNE (KM. 510.000) TO MAHARASHTRA/GUJARAT BORDER (KM. 650.794)
N24001825,NHAI,DELHI,RAILWAYS,delayed_orig,2020-07,1894.96,,1894.96,741.88,2023-10,,2024-06,8.0,0.0,,DEVELOPMENT OF 6L UER II [PACKAGE II] (KARALA KANJHAWALA ROAD TILL NANGLOI NAJAFGARH ROAD) FROM
N24001827,NHAI,GUJARAT,RAILWAYS,delayed_orig,2022-03,162.73,,162.73,125.79,2023-03,,2024-06,15.0,0.0,,4L KODINAR VERAVAL (PACKAGE VI) FROM KM. TO KM. (KODINAR BYPASS) OF NH-8E (NH NE
N24001992,NHAI,Uttar Pradesh,RAILWAYS,delayed_orig,2022-08,199.31,199.38,199.38,86.84,2024-02,2024-06,2024-06,4.0,,,BALANCE WORKS OF 4-LANNING OF RAMPUR-KATHGODAM SECTION OF NH-87 (NEW NH NO. 09) FROM KM. (KM
N24002073,NHAI,Uttar Pradesh,RAILWAYS,delayed_orig,2019-10,2068.99,2171.0,2171.0,209.6,2023-10,,2024-06,8.0,4.93,,GARHMUKTESHWAR (KM. OF NH-24) TO MEERUT (KM. OF NH-235) INCLUDING CONNECTOR TO NH-119
N24000488,NHAI,Jammu and Kashmir,RAILWAYS,delayed_orig,2015-12,2136.97,2644.0,2644.0,2362.99,2018-12,2024-05,2024-07,67.0,23.73,,FOUR LANING OF UDHAMBUR RAMBAN SECTION OF NH-1A
N24000570,NHAI,GUJARAT,RAILWAYS,delayed_orig,2016-05,763.08,,763.08,485.99,2019-08,,2024-07,59.0,0.0,,FOUR LANING OF UNA TO KODINAR OF NH-8E FROM KM. TO KM (PACKAGE-V) IN THE STATE OF GU
N24000592,NHAI,GUJARAT,RAILWAYS,delayed_orig,2016-07,829.97,,829.97,421.44,2020-07,,2024-07,48.0,0.0,,4-LANNING OF KODINAR TO VERAVAL SECTION OF NH-8E FROM KM TO KM
N24000656,NHAI,Maharashtra,RAILWAYS,delayed_orig,2017-03,744.64,,1007.0,362.98,2020-03,2022-07,2024-07,52.0,35.23,,4-LANNING OF BODHRE-DHULE SECTION(KM TO 452.800)
N24001301,NHAI,Andhra Pradesh,RAILWAYS,delayed_orig,2019-11,1601.1,,1601.1,729.14,2024-01,,2024-07,6.0,0.0,,6-LANING OF VIJAYAWADA BYPASS FROM GOLLAPUDI (DESIGN CH. 30+000) TO CHINNAKAKANI (DESIGN CH. 47+881)
N24001414,NHAI,PUNJAB,RAILWAYS,delayed_orig,2020-12,733.0,908.28,908.28,863.78,2024-01,2024-05,2024-07,6.0,23.91,,DELHI-AMRITSAR-KATRA EXPRESSWAY (PHASE-I PKG-VI) FROM JUNCTION WITH PATIALA- SAMANA-PATRAN ROAD (SH-1
N24001415,NHAI,PUNJAB,RAILWAYS,delayed_orig,2020-12,881.0,,881.0,843.29,2024-04,2024-07,2024-07,3.0,0.0,,DELHI-AMRITSAR-KATRA EXPRESSWAY FROM JUNCTION WITH PATIALA-BATHINDA ROAD (NH-7) NEAR BHAWANIGARH TO
N24001417,NHAI,PUNJAB,RAILWAYS,delayed_orig,2020-12,1234.4,,1234.4,708.62,2024-04,2024-07,2024-07,3.0,0.0,,DELHI-AMRITSAR-KATRA EXPRESSWAY FROM JUNCTION WITH LUDHIANA-MOGA ROAD (NH-5) NEAR MULLANPUR DAKHA TO
N24001418,NHAI,PUNJAB,RAILWAYS,delayed_orig,2020-12,1094.46,,1094.46,682.02,2024-04,2024-07,2024-07,3.0,0.0,,DELHI-AMRITSAR-KATRA EXPRESSWAY FROM CH.KM 303+900 TO KM 319+400 OF MAIN EXPRESSWAY) AND AMRITSAR CO
N24001502,NHAI,Maharashtra,RAILWAYS,delayed_orig,2021-09,624.45,627.79,627.79,398.06,2023-09,2024-03,2024-07,10.0,,,4L OF BARAMATI TO INDAPUR (PKG-II) FROM KM. TO KM. OF NH-965G (SAINT TUKARAM MARG)
N24001549,NHAI,ASSAM,RAILWAYS,delayed_orig,2017-07,442.23,,442.23,265.19,2020-04,2024-07,2024-07,51.0,0.0,,SHRIRAMPUR (KM. 0.000) TO KOCHUGAON (KM. 30.000) OF BIJNI TO ASSAM./WEST BENGAL BORDER SECTION OF NH
N24001567,NHAI,RAJASTHAN,RAILWAYS,delayed_orig,2019-11,1272.97,,1272.97,559.27,2022-10,2024-07,2024-07,21.0,0.0,,DELHI-VADODARA GREENFIELD ALIGNMENT (NH-148N) (PKG-10) (CH. TO CH. 319.400) [END OF INTERCHA
N24001606,NHAI,TAMIL NADU,RAILWAYS,delayed_orig,2018-12,854.94,,854.94,334.05,2022-03,2024-07,2024-07,28.0,0.0,,4-LANING OF VADIPPATTI THAMARAIPATTI SECTION OF NH-744A (MADURAI RING ROAD)
N24001620,NHAI,Jammu and Kashmir,RAILWAYS,delayed_orig,2021-09,442.14,,442.14,211.15,2023-10,2024-07,2024-07,9.0,0.0,,CONSTRUCTION OF TUNNELS/VIADUCTS AT IDENTIFIED SLIDING/SLIP ZONES AT KM TO KM.130.750; KM.
N24001623,NHAI,Jammu and Kashmir,RAILWAYS,delayed_orig,2020-01,336.01,,336.01,148.14,2024-01,2024-07,2024-07,6.0,0.0,,BANIHAL BYPASS (DELINKED FROM SRINAGAR BANIHAL) FROM KM. TO KM.
N24001686,NHAI,KARNATAKA,RAILWAYS,delayed_orig,2021-03,1065.06,1444.5,1444.5,151.25,2023-03,2024-07,2024-07,16.0,35.63,,FOUR LANING OF BANAVARA TO BETTADAHALLI SECTION FROM KM. 119+790 (DESIGN KM. 121+900) TO KM. 166+100
N24001691,NHAI,KARNATAKA,RAILWAYS,delayed_orig,2019-10,1225.24,1505.85,1505.85,68.58,2021-10,2024-07,2024-07,33.0,22.9,,FOUR LANING OF KARADI TO BANAVARA SECTION FROM KM. 66+540 (DESIGN KM. 65+195) TO KM. 119+790 (DESIGN
N24001744,NHAI,Uttar Pradesh,RAILWAYS,delayed_orig,2019-05,779.17,,779.17,13.27,2022-11,,2024-07,20.0,0.0,,"4L OF SHAMLI BYAPSS- SAHARANPUR FROM KM TO KM SECTION OF NH- 709B, PKG-II"
N24001797,NHAI,Maharashtra,RAILWAYS,delayed_orig,2021-10,815.77,,815.77,571.98,2024-01,,2024-07,6.0,0.0,,6L OF WAINGANGA BRIDGE BHANDARA (INCLUDING BHANDARA BYPASS) SECTION FROM KM TO KM
N24001837,NHAI,Andhra Pradesh,RAILWAYS,delayed_orig,2021-02,663.6,,768.0,305.44,2024-03,,2024-07,4.0,15.73,,6L JAKKUVA – KORLAM SECTION OF NH-130CD ROAD FROM KM TO KM (PKG 2)
N24002067,NHAI,Madhya Pradesh,RAILWAYS,delayed_orig,2021-01,178.18,,178.18,160.64,2023-07,,2024-07,12.0,0.0,,BALANCE WORK OF 4L OF NAURADEHI SANCTUARY DE- SCOPED STRETCH OF HIRAN RIVER TO SINDOOR RIVER FROM KM.
N24000165,NHAI,BIHAR,RAILWAYS,delayed_orig,2010-08,671.3,,671.3,1830.13,2013-02,2024-06,2024-08,138.0,0.0,,PATNA-MUZZAFFARPUR
N24000442,NHAI,Maharashtra,RAILWAYS,delayed_orig,2015-12,649.5,,649.5,563.3,2019-03,2023-11,2024-08,65.0,0.0,,"CONSTRUCTION OF FLYOVER AT KM.544.650 INCLUDING ROB ,SERVICE ROADS ,FOOTPATH FOR RCC DRAINS ON URBAN"
N24000549,NHAI,Uttar Pradesh,RAILWAYS,delayed_orig,2016-03,1396.74,4172.67,4300.0,3983.38,2019-10,2023-08,2024-08,58.0,207.86,,4-LANNING OF VARANASI GORAKHPUR SECTION OF NH-29 FROM KM 4- LANNING OF VARANASI GORAKHPU
N24000551,NHAI,Uttar Pradesh,RAILWAYS,delayed_orig,2016-03,1587.49,3473.59,3500.0,3157.0,2019-04,2024-03,2024-08,64.0,120.47,,4-LANNING OF VARANASI GORAKHPUR SECTION OF NH-29 FROM KM [PACKAGE-IV]
N24000613,NHAI,Himachal Pradesh,RAILWAYS,delayed_orig,2016-09,1273.71,,1478.61,1351.62,2020-07,,2024-08,49.0,16.09,,FOUR LANNING OF NERCHOWK- PANDOH BYPASS SECTION OF NH-21(PACKAGE-I KM TO KM 221.305) UNDER NH
N24000717,NHAI,Jammu and Kashmir,RAILWAYS,delayed_orig,2017-12,1471.75,1471.75,1903.98,1557.5,2021-07,2024-06,2024-08,37.0,29.37,,CONSTRUCTION OF STAND ALONE RING ROAD/ BYPASS AROUND JAMMU CITY IN THE STATE OF J AND K ON EPC MODE
N24000723,NHAI,BIHAR,RAILWAYS,delayed_orig,2018-01,573.7,644.5,726.99,452.2,2021-12,2019-12,2024-08,32.0,26.72,"Procedural delay in Land Acquisition. Now, disbursement is in progress and possession received.",REHABILITATION AND UPGRADATION OF TWO LANING OF MAHESHKHUNT SAHARSA PURNEA SECTION PKG I
N24000725,NHAI,JHARKHAND,RAILWAYS,delayed_orig,2018-01,273.46,,276.17,244.92,2021-11,2024-08,2024-08,33.0,,,FOUR LANING OF BARHI KODERMA SECTION OF NH
N24000734,NHAI,ODISHA,RAILWAYS,delayed_orig,2018-01,614.48,503.3,757.12,664.48,2021-08,,2024-08,36.0,23.21,,REHABILITATION AND UP- GRADATION OF EXISTING 2- LANE TO FOUR LANE FROM TALCHAR TO END OF KAMAKHYANAG
N24001443,NHAI,GUJARAT,RAILWAYS,delayed_orig,2020-05,690.3,,690.3,662.26,2024-03,2024-08,2024-08,5.0,0.0,,CONSTRUCTION OF FOUR LANE EXPRESSWAY FROM START OF SARDAR PATEL RING ROAD TO SINDHREJ VILLAGE (CH.
N24001444,NHAI,GUJARAT,RAILWAYS,delayed_orig,2020-05,882.0,,882.0,662.93,2024-01,2024-08,2024-08,7.0,0.0,,CONSTRUCTION OF FOUR LANE EXPRESSWAY FROM START OF SINDHREJ VILLAGE (CH. TO CH. 48.52) SECTION
N24001445,NHAI,GUJARAT,RAILWAYS,delayed_orig,2020-05,691.52,,691.52,635.31,2023-07,2024-08,2024-08,13.0,0.0,,CONSTRUCTION OF FOUR LANE EXPRESSWAY FROM START OF VEJALLKA VILLAGE TO START OF DSIR ZONE OF AHMEDAB
N24001446,NHAI,GUJARAT,RAILWAYS,delayed_orig,2020-05,894.0,,894.0,779.37,2023-12,2024-08,2024-08,8.0,0.0,,CONSTRUCTION OF FOUR LANE EXPRESSWAY FROM START OF DSIR ZONE OF AHMEDABAD DISTRICT TO ADHELAI VILLAG
N24001488,NHAI,Maharashtra,RAILWAYS,delayed_orig,2021-09,618.45,,618.45,565.93,2023-09,2024-08,2024-08,11.0,0.0,,DHARAMPURI-LONAND FROM KM. TO (PKG-IV) ON MOHOL-ALANDI SECTION
N24001515,NHAI,GUJARAT,RAILWAYS,delayed_orig,2020-09,1542.02,,1542.02,679.25,2024-02,,2024-08,6.0,0.0,,DELHI VADODARA GREENFIELD ALIGNMENT SECTION OF NH 148N PACKAGE
N24001615,NHAI,Madhya Pradesh,RAILWAYS,delayed_orig,2021-03,790.78,,790.78,1269.17,2024-04,,,4.0,0.0,,4L OF SAGAR MOHARI FROM KM.8 TO KM.50 (PKG-I)
N24001799,NHAI,Maharashtra,RAILWAYS,delayed_orig,2021-02,1166.96,,1251.0,981.91,2023-10,,2024-08,10.0,7.2,,4L OF NAGPUR-KATOL SECTION FROM KM. TO KM. OF NH-353J
N24000560,NHAI,Maharashtra,RAILWAYS,delayed_orig,,,,,,2024-03,,,,,,
N24000649,NHAI,GUJARAT,RAILWAYS,delayed_orig,2017-01,1251.11,,1361.0,682.44,2020-12,2024-09,2024-09,45.0,8.78,,SIX LANNING FROM KM. TO OF NH-8 ON HYBRID ANNUITY MODE UNDER NHDP- V(PKG VI)REG.
N24000834,NHAI,GUJARAT,RAILWAYS,delayed_orig,2018-03,1161.39,1404.0,1404.0,418.51,2021-10,2024-09,2024-09,35.0,20.89,,CONSTRUCTION OF EIGHT LANE VADODARA KIM EXPRESSWAY FROM KM TO KM (KIM TO ANKLESHWAR
N24000851,NHAI,Maharashtra,RAILWAYS,delayed_orig,2018-03,1162.92,1182.87,1182.87,371.48,2021-07,,2024-09,38.0,1.72,,CONSTRUCTION OF LANING OF EXISTING LANE VADAPE TO THANE FROM KM TO KM SECTION OF
N24001300,NHAI,Andhra Pradesh,RAILWAYS,delayed_orig,2019-11,1226.88,1569.68,1581.24,1419.23,2021-02,2023-08,2024-09,43.0,28.88,,6-LANING OF VIJAYAWADA BYPASS FROM CHINNA AVUTUPALLI (DESIGN CH.0+000) TO GOLLAPUDI (DESIGN CH. 30+0
N24001602,NHAI,TAMIL NADU,RAILWAYS,delayed_orig,2019-01,1409.38,,1409.38,605.7,2022-12,2024-09,2024-09,21.0,0.0,,4-LANING OF MADATHUKULAM POLLACHI SECTION OF NH-209 (NEW NH-83)
N24001777,NHAI,DELHI,RAILWAYS,delayed_orig,2020-07,2171.8,,2171.8,958.13,2023-10,,2024-09,11.0,0.0,,DEVELOPMENT OF 6L UER-II (PACKAGE-I) (NH-1 NEAR BAKOLI TILL KARALA KANJHAWALA ROAD) FROM KM. (-)0.70
N24002047,NHAI,HARYANA,RAILWAYS,delayed_orig,2020-05,1328.07,2346.0,2346.0,1014.69,2023-08,,2024-09,13.0,76.65,,6L ACCESS CONTROLLED HIGHWAY FROM JN WITH JAITPUR PUSHTA ROAD TO JN WITH SECTOR 62/65 DIVIDING ROAD
N24000659,NHAI,Maharashtra,RAILWAYS,delayed_orig,2017-03,1059.73,1071.0,1071.0,878.19,2017-03,2021-05,2024-10,91.0,1.06,,4-LANNING OF WARANGA- MAHAGAON SECTION(KM TO 320.580)
N24000696,NHAI,BIHAR around the project area.,RAILWAYS,delayed_orig,2017-08,950.64,1161.0,1168.33,932.99,2022-02,2023-08,2024-10,32.0,22.9,Delay in providing the vacant access and Right of way to the site and adverse law and order situation in an around the project area.,SIX LANNING OF AUNTA- SIMARIA(GANGA BRIDGE WITH APPROACH ROADS) SECTION OF NH-31
N24001489,NHAI,Maharashtra,RAILWAYS,delayed_orig,2022-05,519.93,,519.93,362.51,2024-05,2024-10,2024-10,5.0,0.0,,4L OF EXISTING 2/4L STRETCH FROM LONAND TO DIVE GHAT (KM TO KM ) OF MOHOL – ALANDI S
N24001505,NHAI,Maharashtra,RAILWAYS,delayed_orig,2022-03,1549.02,,1549.02,526.31,2024-03,2024-10,2024-10,7.0,0.0,,VADODARA MUMBAI EXPRESSWAY (PHASE II PKG XII) [KM. TO KM. 77.000] (MASVAN GANJAD)
N24001595,NHAI,JHARKHAND,RAILWAYS,delayed_orig,2020-08,1034.0,1699.48,1699.48,41.5,2024-03,,2024-10,7.0,64.36,,4L OF PALMA TO GUMLA SECTION OF NH23 FROM KM. TO KM. ON HAM MODE IN THE STATE OF JHARKH
N24001610,NHAI,Maharashtra,RAILWAYS,delayed_orig,2022-01,1833.73,,1833.73,362.51,2024-05,2024-10,2024-10,5.0,0.0,,4L OF EXISTING 2/4L STRETCH FROM LONAND TO DIVE GHAT (KM TO KM ) OF MOHOL – ALANDI S
N24001632,NHAI,PUNJAB,RAILWAYS,delayed_orig,2021-01,1741.86,,1741.86,1000.08,2024-05,,2024-10,5.0,0.0,,CONSTRUCTION OF FOUR LANE GREENFIELD PROJECT OF DELHI-AMRITSAR-KATRA EXPRESSWAY (PHASE-I PKG-V) FROM
N24001634,NHAI,HARYANA,RAILWAYS,delayed_orig,2021-01,1306.95,,1306.95,886.92,2023-12,2024-10,2024-10,10.0,0.0,,CONSTRUCTION OF FOUR LANE GREENFIELD PROJECT OF DELHI-AMRITSAR-KATRA EXPRESSWAY (PHASE-I PKG-IV) FRO
N24001671,NHAI,ODISHA,RAILWAYS,delayed_orig,2021-02,925.0,,925.0,378.82,2024-03,,2024-10,7.0,0.0,,6L OF HATIBENA BADAKUMARI SECTION FROM KM TO KM OF NH-130-CD (PACKAGE – OD-2)
N24001690,NHAI,KARNATAKA,RAILWAYS,delayed_orig,2021-01,1167.52,1157.0,1167.52,1112.16,2023-01,2023-12,2024-10,21.0,0.0,,CHALLAKERE TO HARIYUR SECTION FROM KM TO KM OF NH150 A
N24001720,NHAI,TAMIL NADU,RAILWAYS,delayed_orig,2020-10,1023.91,1341.51,1341.51,489.07,2024-05,,2024-10,5.0,31.02,,BANGALORE CHENNAI EXPRESSWAY PHASE-III – PACKAGE I (GUDIPALA TO WALAJAJHPET) FROM KM TO KM
N24002112,NHAI,TAMIL NADU,RAILWAYS,delayed_orig,2023-03,200.3,,200.3,32.76,2024-07,,2024-10,3.0,0.0,,SIX LANING OF TUTICORIN PORT ROAD SECTION OF NH-7A (NEW NH-138) FROM KM TO KM [EFFECTIVE
N24000515,NHAI,WEST BENGAL,RAILWAYS,delayed_orig,2014-04,1665.0,,4860.41,4878.1,2016-09,,2024-11,98.0,191.92,,SIX-LANING OF BARWA ADDA- PANAGARH
N24001419,NHAI,PUNJAB,RAILWAYS,delayed_orig,2021-02,1269.96,,1269.96,547.92,2024-04,2024-11,2024-11,7.0,0.0,,DELHI-AMRITSAR-KATRA EXPRESSWAY (PHASE-I PKG-XI) FROM JUNCTION WITH JALANDHAR KAPURTHALA ROAD (NH-
N24001486,NHAI,Maharashtra,RAILWAYS,delayed_orig,2019-02,493.0,,493.0,374.15,2022-02,2024-11,2024-11,33.0,0.0,,TUNNEL AT KHAMBATAKI GHAT SECTION AND ITS APPROACHES FROM EXISTING KM. TO EXISTING KM.
N24001718,NHAI,TAMIL NADU,RAILWAYS,delayed_orig,2020-12,843.48,1051.36,1051.36,347.02,2024-07,,2024-11,4.0,24.65,,BANGALORE CHENNAI EXPRESSWAY PHASE-III PACKAGE II (WALAJAHPET TO ARAKKONAM) FROM KM TO KM
N24001721,NHAI,TAMIL NADU,RAILWAYS,delayed_orig,2019-02,1008.99,1360.53,1360.53,159.66,2024-05,,2024-11,6.0,34.84,,FOUR LANING OF MAMALLAPURAM TO MUGAIYUR SECTION OF NH332A FROM KM TO KM
N24001749,NHAI,WEST BENGAL,RAILWAYS,delayed_orig,2021-08,557.55,,557.55,457.45,2023-08,,2024-11,15.0,0.0,,FOUR LANING OF PURULIYA BYPASS SECTION OF NH IN THE STATE OF WEST BENGAL ON EPC MODE
N24000462,NHAI,KARNATAKA and Public demands.,RAILWAYS,delayed_orig,2014-05,1655.01,2639.0,2639.0,1822.06,2016-08,2024-12,2024-12,100.0,59.46,5.270 Km of Length hindered due to LAQ issues and Public demands. Permission for blasting operations is pending with DC Karwar.,4-LANING OF GOA/KARNATAKA BORDER-KUNDAPUR SECTION
N24000480,NHAI,BIHAR,RAILWAYS,delayed_orig,2015-12,1041.1,567.0,639.58,553.73,2019-04,2022-07,2024-12,68.0,,,FOUR OF SIMARIA KHAGARIA SECTION OF NH-31
N24000655,NHAI,Maharashtra,RAILWAYS,delayed_orig,2017-03,247.02,,157.49,83.16,2020-03,2024-12,2024-12,57.0,,,CONSTRUCTION OF NEW 4- LANE BRIDGE ACROSS VARSOVA CREEK AND ITS APPROACHES WITH INTERCHANGE IN THE ST
N24000665,NHAI,BIHAR received.,RAILWAYS,delayed_orig,2017-03,672.89,736.01,830.31,304.68,2020-03,2024-12,2024-12,57.0,23.39,"Procedural delay in Land Acquisition. Now, disbursement to land owner is under progress and possession of land received.",TWO-LANNING WITH PAVED SHOULDER OF MAHSHKUNT- SAHARSA-PURNEA SECTION FROM EXISTING KM.89.020 (DESIGN
N24000692,NHAI,Himachal Pradesh,RAILWAYS,delayed_orig,2017-06,2485.93,,2485.93,1503.69,2020-06,2024-12,2024-12,54.0,0.0,,4-LANNING OF END OF PANDOH BYPASS TAKOLI IN H.P
N24000715,NHAI,ODISHA,RAILWAYS,delayed_orig,2017-12,686.65,565.0,686.65,559.26,2020-07,,2024-12,53.0,0.0,,REHABILITATION AND UPGRADATION OF CUTTACK ANGUL SECTION OF NH-42 (NEW NH-55) TO LANE (KM. 0+400 TO
N24000736,NHAI,ODISHA,RAILWAYS,delayed_orig,2018-01,686.65,504.09,1015.16,435.85,2020-09,,2024-12,51.0,47.84,,REHABILITATION AND UPGRADATION OF CUTTACK- ANGUL SECTION TO LANE (KM 60.20) TO (KM 112.0) PKG II ON
N24000739,NHAI,ODISHA,RAILWAYS,delayed_orig,2018-01,503.88,609.03,609.03,327.05,2021-06,2024-12,2024-12,42.0,20.87,,REHABILITATION AND UP- GRADATION TO 4-LANING OF RAJAMUNDA-BARKOTE SECTION OF NH-23 (NEW NH NO. 143) (
N24000784,NHAI,KERALA,RAILWAYS,delayed_orig,2018-02,1424.77,1862.77,1862.77,665.38,2023-02,2024-12,2024-12,22.0,30.74,,6-LANING OF KOZHIKODE BYPASS (CALICUT BYPASS) (I.E. VENGALAM JN. TO RAMANATTUKARA JN.) SECTION OF NH
N24000788,NHAI,West Bengal,RAILWAYS,delayed_orig,2018-03,841.57,708.3,708.3,3908.59,2022-09,2022-12,2024-12,27.0,,,REHABILITATION AND UP GRADATION OF EXISTING ROAD TO 2-LANE WITH PAVED SHOULDER CONFIGURATION IN PURU
N24000811,NHAI,Andhra Pradesh,RAILWAYS,delayed_orig,2018-03,314.43,,348.72,85.61,2020-12,2022-12,2024-12,48.0,10.91,,CONSTRUCTION OF SIX LANING OF DEDICATED PORT ROAD TO KRISHNAPATNAM PORT (PACKAGE-I) KM 0+000 TO KM
N24000813,NHAI,BIHAR,RAILWAYS,delayed_orig,2018-03,496.2,496.38,537.17,366.24,2021-11,2024-12,2024-12,37.0,8.26,,DEVELOPMENT OF NEWLY DECLARED NH-527C FROM MAJHAULI TO CHAROUT SECTION TO LANE WITH PAVED SHOULDER
N24000852,NHAI,Himachal Pradesh,RAILWAYS,delayed_orig,,,,,,,,,,,,"(NOW NH-5) FROM KM TO KM 129.050, ON EPC M"
N24000854,NHAI,JHARKHAND,RAILWAYS,delayed_orig,2018-03,1005.08,1073.1,1073.1,699.05,2021-03,2024-12,2024-12,45.0,6.77,,4-LANING OF LOHA WARANGA SECTION OF NH-361 FROM KM. TO KM. (DESIGN LENGTH K
N24001185,NHAI,Uttar Pradesh,RAILWAYS,delayed_orig,2017-11,2159.0,2262.0,2262.0,2245.43,2021-07,2024-12,2024-12,41.0,4.77,Slow disbursement by the CALA.,SIX LANING OF CHAKERI TO ALLAHABAD SECTION OF NH-2 FROM KM TO KM (DESIGN LENGTH –
N24001212,NHAI,Madhya Pradesh,RAILWAYS,delayed_orig,2017-12,656.98,,840.0,812.0,2022-11,2024-12,2024-12,25.0,27.86,,CONSTRUCTION OF EIGHT LANE ACCESS CONTROLLED EXPRESSWAY CARRIAGEWAY FROM BANI VILLAGE TO BARDAWADI V
N24001214,NHAI,Madhya Pradesh,RAILWAYS,delayed_orig,2017-12,217.96,,884.0,2248.0,2022-12,2024-12,2024-12,24.0,305.58,,CONSTRUCTION OF EIGHT LANE ACCESS CONTROLLED EXPRESSWAY CARRIAGEWAY FROM RAJASTHAN/MP BORDER TO JODM
N24001303,NHAI,BIHAR,RAILWAYS,delayed_orig,2013-10,649.9,,750.0,711.53,2020-12,2024-12,2024-12,48.0,15.4,Project Not Delayed.,BALANCE WORK OF 4- LANING OF PATNA-GAYA-DOBHI SECTION (KM. TO KM. 127.217) OF NH-83 IN THE STAT
N24001304,NHAI,BIHAR,RAILWAYS,delayed_orig,2013-10,446.97,598.48,740.5,638.8,2020-11,2024-12,2024-12,49.0,65.67,Project Not Delayed.,BALANCE WORK OF 4- LANING OF PATNA-GAYA-DOBHI SECTION (KM. TO KM. 83.00) OF NH-83 IN THE STATE
N24001305,NHAI,BIHAR,RAILWAYS,delayed_orig,2013-10,464.09,605.53,765.12,698.25,2020-11,2024-12,2024-12,49.0,64.86,,BALANCE WORK OF 4- L ANING OF PATNA-GAYA-DOBHI SECTION (KM.83.00 TO KM. 127.217) OF NH-83 IN THE STA
N24001371,NHAI,BIHAR,RAILWAYS,delayed_orig,2019-10,1101.99,,1101.99,754.34,2023-08,2024-12,2024-12,16.0,0.0,,CONSTRUCTION OF LANE BRIDGE ACROSS RIVER KOSI WITH APPROACH ROAD FROM BHEJA TO BAKAUR SECTION OF N
N24001428,NHAI,TAMIL NADU,RAILWAYS,delayed_orig,2018-03,998.7,1358.32,1358.32,866.81,2021-11,2024-12,2024-12,37.0,36.01,,FOUR LANING OF VILUPPURAM TO PUDHUCHERRY (DESIGN CH. KM. 00/000 TO KM. 29/000) SECTION OF NH-45A ON
N24001429,NHAI,Tamil Nadu,RAILWAYS,delayed_orig,2018-03,1294.47,1588.4,1588.4,786.77,2021-11,2024-12,2024-12,37.0,22.71,,FOUR LANÌNG OF PUDUCHERRY (KM.29/000) TO POONDIYANKUPPAM (KM.67/000) SECTION OF NH-45A ON HAM UNDER
N24001430,NHAI,TAMIL NADU,RAILWAYS,delayed_orig,2018-03,2120.4,2565.63,2565.63,1429.17,2022-01,2024-12,2024-12,35.0,21.0,,FOUR LANING OF POONDIYANKUPPAM (KM.67/000) TO SATTANATHAPOURAM (KM.123/800) SECTION OF NH- 45A ON HAM
N24001484,NHAI,TELANGANA,RAILWAYS,delayed_orig,2022-09,804.69,,804.69,378.32,2024-02,2024-12,2024-12,10.0,0.0,,KHAMMAM-DEVARAPALLE PKG III [4L ACCESS CONTROLLED (GREENFIELD) FROM CHINTAGUDEM VILLAGE TO RECHERLA
N24001506,NHAI,Maharashtra,RAILWAYS,delayed_orig,2022-02,2747.0,,2747.0,929.38,2024-02,2024-12,2024-12,10.0,0.0,,VADODARA MUMBAI EXPRESSWAY (PHASE II PKG XIII) [KM. TO KM. 50.700] (SHIRSAD MASVAN)
N24001522,NHAI,TELANGANA,RAILWAYS,delayed_orig,2021-01,1307.95,,1307.95,507.5,2024-01,2024-12,2024-12,11.0,0.0,,4L OF KODAD (DESIGN KM 0.00/EXISTING KM OF NH- 65) TO KHAMMAM (DESIGN KM 31.800/EXISTING KM
N24001589,NHAI,JHARKHAND,RAILWAYS,delayed_orig,2020-09,755.26,,1039.0,534.87,2024-03,2024-12,2024-12,9.0,37.57,,HARIHARGANJ TO PARWA MODE SECTION FROM KM TO KM OF NH-98
N24001590,NHAI,JHARKHAND,RAILWAYS,delayed_orig,,,,,,,,,,,,[REHLA / GARHWA BYPASS]
N24001597,NHAI,JHARKHAND,RAILWAYS,delayed_orig,2019-01,466.55,518.0,466.55,,2020-12,2024-12,2024-12,48.0,0.0,,BALANCE WORK OF RANCHI- MAHULIA SECTION OF NH-33 FROM KM (VIKAS) TO KM (RAMPUR) (PKG-
N24001600,NHAI,TAMIL NADU,RAILWAYS,delayed_orig,2020-10,434.12,,434.12,258.89,2023-05,2024-12,2024-12,19.0,0.0,,BALANCE WORK 2-LANE WITH PAVED SHOULDERS OF NAGAPATTINAM THANJAVUR SECTION OF NH-67 (NEW NH-83)
N24001601,NHAI,Tamil Nadu,RAILWAYS,delayed_orig,2019-01,1051.69,,1051.69,493.13,2023-01,2024-12,2024-12,23.0,0.0,,4-LANING OF KAMALAPURAM ODDANCHATRAM SECTION OF NH-209
N24001609,NHAI,Maharashtra,RAILWAYS,delayed_orig,2023-01,151.26,,151.26,102.79,2023-12,2024-12,2024-12,12.0,0.0,,BALANCE WORK OF LANING OF PANVEL TO INDAPUR SECTION OF NH-66(OLD NH- 17) FROM KM (PANVEL) TO
N24001644,NHAI,PUNJAB,RAILWAYS,delayed_orig,2020-12,524.88,,524.88,142.81,2023-09,2024-12,2024-12,15.0,0.0,,AMRITSAR AIRPORT JUNCTION RAMDAS FROM KM. TO KM. PKG IV
N24001662,NHAI,KERALA,RAILWAYS,delayed_orig,2020-05,1981.07,2467.68,1981.07,1620.44,2024-05,2021-11,2024-12,7.0,0.0,,SIX LANING OF KT/KL BORDER (THALAPPDY) TO CHENGALA SECTION OF NH17 (NEW NH-66) FROM CH. TO CH
N24001663,NHAI,KERALA,RAILWAYS,delayed_orig,2020-06,3041.65,3799.76,3041.65,2232.4,2024-04,2021-10,2024-12,8.0,0.0,,SIX LANING OF NEELESHWARAM TO THALIPARAMBHA SECTION FROM CH. 94+540 (EXISTING KM 96+450) TO CH. 134+
N24001664,NHAI,KERALA,RAILWAYS,delayed_orig,2020-06,1746.45,2377.88,1746.45,1219.04,2024-04,2021-10,2024-12,8.0,0.0,,SIX LANING OF CHENGALA TO NEELESHWARAM SECTION OF NH-17 (NEW NH-66) FROM CH. 56+200 (EXISTING KM 57+
N24001670,NHAI,ODISHA,RAILWAYS,delayed_orig,2021-02,593.0,,593.0,220.9,2024-03,,2024-12,9.0,0.0,,6L OF KARKI – KALIAGURA SECTION FROM KM TO KM OF NH-130-CD (PACKAGE – OD-4)
N24001673,NHAI,HARYANA,RAILWAYS,delayed_orig,2020-03,510.97,,510.97,522.44,2023-03,2024-12,2024-12,21.0,0.0,,4- LANING OF ROHTAK-JIND SECTION FROM KM. 307+000 TO KM. 347+800 OF NH-71 AND CONNECTING LINK FROM K
N24001683,NHAI,KARNATAKA,RAILWAYS,delayed_orig,2021-09,912.37,,424.16,326.36,2024-12,,2024-12,20.0,,,AURAD BIDAR KM TO KM
N24001694,NHAI,TAMIL NADU,RAILWAYS,delayed_orig,2019-02,1243.57,,1243.57,171.63,2023-12,2024-12,2024-12,12.0,0.0,,FOUR LANING OF THORAPALLI AGRAHARAM TO JITTANDAHALLI SECTION OF NH-844 (PKG-II) FROM KM.23+350 TO KM
N24001696,NHAI,TAMIL NADU,RAILWAYS,delayed_orig,,,,,,,,,,,,(PKG-III) FROM KM.60+100 TO KM.94+460
N24001700,NHAI,BIHAR,RAILWAYS,delayed_orig,2021-12,552.55,553.0,553.0,21.0,2024-03,2024-12,2024-12,9.0,,,SIX LANNING OF AURANGABAD TO BIHAR/JHARKHAND BORDER SECTION OF NH-19 (OLD NH-2) FROM KM. TO
N24001704,NHAI,BIHAR,RAILWAYS,delayed_orig,2021-03,1020.84,,1020.84,84.78,2024-03,2024-12,2024-12,9.0,0.0,,FOUR LANING OF MUNGER TO MIRZACHAUKI (NH-80) SECTION FROM KHARIA VILLAGE JUNCTION TO START OF EXISTI
N24001705,NHAI,BIHAR,RAILWAYS,delayed_orig,2022-03,1485.66,,1485.66,,2024-03,2024-12,2024-12,9.0,0.0,,FOUR LANING OF MUNGER TO MIRZACHAUKI (NH-80) SECTION FROM MUNGER TO KHARIA VILLAGE JUNCTION DESIGN C
N24001709,NHAI,BIHAR,RAILWAYS,delayed_orig,2020-09,897.45,,1090.0,1037.63,2023-04,2024-12,2024-12,20.0,21.46,,BAKHTIYARPUR RAJAULI PKG-II FROM KM TO KM NH20
N24001711,NHAI,BIHAR,RAILWAYS,delayed_orig,2020-09,939.43,,939.43,370.62,2023-03,2024-12,2024-12,21.0,0.0,,6L OF KANHAULI RAMNAGAR PATNA RING ROAD PKG I FROM KM TO KM OF SH78 NEW NH131G
N24001712,NHAI,BIHAR,RAILWAYS,delayed_orig,2020-08,690.0,,690.0,770.73,2023-07,2024-12,2024-12,17.0,0.0,,FOUR LANING OF PARARIA TO MOHANIA SECTION OF NH (OLD NH 30) FROM KM. 54+530 (DESIGN CHAINAGE) TO
N24001716,NHAI,TAMIL NADU,RAILWAYS,delayed_orig,2022-07,186.5,210.81,210.81,12.92,2023-08,2024-12,2024-12,16.0,13.03,,THOPPUR METTUR BHAVANI ERODE SECTION OF NH 544H FOR A LENGTH OF KM
N24001719,NHAI,TAMIL NADU,RAILWAYS,delayed_orig,2021-02,2948.31,3516.83,3516.83,659.75,2024-07,,2024-12,5.0,19.28,,4L BANGALORE-CHENNAI EXPRESSWAY FROM KM. TO KM. OF KANCHEPURAM TO SRIPERUMBUDUR SECT
N24001723,NHAI,TAMIL NADU,RAILWAYS,delayed_orig,2018-10,707.9,766.51,766.51,401.98,2021-02,,2024-12,46.0,8.28,,KARAIPETTAI TO WALAJAPET FROM KM TO
N24001738,NHAI,Uttar Pradesh,RAILWAYS,delayed_orig,2021-09,300.79,,300.79,122.56,2023-10,2024-12,2024-12,14.0,0.0,,"2LPS OF BIJNOR TO KOTAWALI SECTION OF NH-709AD, PKG-IV"
N24001739,NHAI,Uttar Pradesh,RAILWAYS,delayed_orig,,,,,,,,,,,,LANE OF NH STRETCH UNDER BHARATMALA PARIYOJANA FOR U
N24001750,NHAI,WEST BENGAL,RAILWAYS,delayed_orig,2018-08,622.04,,622.04,425.36,2021-12,,2024-12,36.0,0.0,,CONSTRUCTION OF NEW LANE BRIDGE OVER RIVER GANGA AT DOWNSTREAM OF FARAKKA BARRAGE INCLUDING APPROA
N24001755,NHAI,Uttar Pradesh,RAILWAYS,delayed_orig,2019-10,1936.68,,2458.03,1380.9,2023-03,2024-12,2024-12,21.0,26.92,,4-LANING OF MEERUT NAJIBABAD SECTION FROM KM. TO KM AND KM TO KM. 112.545.IN TH
N24001762,NHAI,Madhya Pradesh,RAILWAYS,delayed_orig,2021-10,1146.22,,1146.22,484.93,2024-01,2024-12,2024-12,11.0,0.0,,INDORE HARDA (PKG-III) [NANASA TO PIDGAON SECTION FROM KM TO KM 142.445]
N24001770,NHAI,Madhya Pradesh,RAILWAYS,delayed_orig,2022-02,417.51,,417.51,165.93,2024-03,2024-12,2024-12,9.0,0.0,,4L OF OBEDULLGANJ BUDNI SECTION FROM KM. TO KM. IN RATANPANI WILDLIFE AREA OF NH
N24001772,NHAI,Uttar Pradesh,RAILWAYS,delayed_orig,,,,,,,,,,,,IN THE STATE OF UTTAR
N24001775,NHAI,HARYANA,RAILWAYS,delayed_orig,2020-02,808.31,,958.0,803.78,2023-01,2024-12,2024-12,23.0,18.52,,CONSTRUCTION OF PROPOSED REWARI BYPASS (DESIGN LENGTH KM) NH-11 AS A FEEDER ROUTE IN THE STATE
N24001809,NHAI,Himachal Pradesh,RAILWAYS,delayed_orig,2022-05,469.95,,280.0,265.28,2024-03,2024-12,2024-12,9.0,,,CONVERSION OF PARTIALLY EXCAVATED ESCAPE TUNNEL TO UNIDIRECTIONAL TWO LANE TUNNEL (INCLUDING CONSTRU
N24001817,NHAI,Andhra Pradesh,RAILWAYS,delayed_orig,2019-02,757.45,,757.45,257.76,2023-03,2024-12,2024-12,21.0,0.0,,6L OF CHILKARARUPET BYPASS FROM KM. TO KM. OF NH-16
N24001824,NHAI,Andhra Pradesh,RAILWAYS,delayed_orig,2020-03,1863.09,,2238.0,1051.65,2024-01,2024-12,2024-12,11.0,20.12,,RENIGUNTA POYYA NAIDUPETA KM TO KM OF NH N/04027/06001/AP
N24001826,NHAI,Uttar Pradesh,RAILWAYS,delayed_orig,2019-02,927.77,,1603.0,1202.77,2022-02,2024-12,2024-12,34.0,72.78,,VARANASI RING ROAD (PKG-II) CONNECTING SANDAHA VILLAGE (KM / NH-29) WITH REVASA VILLAGE (KM
N24001830,NHAI,Uttar Pradesh,RAILWAYS,delayed_orig,2020-06,2002.79,,2002.79,1989.85,2023-11,2024-12,2024-12,13.0,0.0,,SIX LANE ACCESS CONTROLLED OF DELHI SAHARANPUR HIGHWAY FROM DELHI UP BORDER TO EPE JUNCTION CH.14.75
N24001838,NHAI,Andhra Pradesh,RAILWAYS,delayed_orig,2021-02,922.5,,1128.68,329.01,2024-03,,2024-12,9.0,22.35,,6L ALURU JAKKUVA SECTION OF NH-130CD ROAD FROM KM TO KM (PKG. 1)
N24001995,NHAI,UTTARAKHAND,RAILWAYS,delayed_orig,2021-05,154.52,,154.52,150.26,2023-11,2024-12,2024-12,13.0,0.0,,4L OF DUDHADHARI ELEVATED FLYOVER (MUZAFFARNAGAR – HARIDWAR SECTION) FROM KM TO KM OF
N24001476,NHAI,Andhra Pradesh,RAILWAYS,delayed_orig,2021-09,517.05,,655.06,473.67,2022-09,2024-09,2025-01,28.0,26.69,,CONSTRUCTION OF LANE ACCESS CONTROLLED NEW GREENFIELD HIGHWAY SECTION OF NH 365BG FROM RECHARLA VI
N24001504,NHAI,Maharashtra,RAILWAYS,delayed_orig,2022-05,1260.0,,1260.0,463.45,2024-05,,2025-01,8.0,0.0,,VADODARA MUMBAI EXPRESSWAY (PHASE II PKG XI) [KM. TO KM. 103.400] (GANJAD TALSARI)
N24001682,NHAI,KARNATAKA,RAILWAYS,delayed_orig,2022-03,294.62,,294.62,31.76,2024-03,2025-01,2025-01,10.0,0.0,Pending Forest Clearance,UPGRADATION 2/4 LANE NH CONNECTIVITY UNDER SAGARMALA SCHEME SH HAVERI YEKAMBI SH YEKAMBI KUMTA
N24001717,NHAI,TAMIL NADU,RAILWAYS,delayed_orig,2020-11,1155.49,1458.45,1458.45,424.27,2024-08,,2025-01,5.0,26.22,,BANGALORE CHENNAI EXPRESSWAY PHASE-III PACKAGE III (ARAKKONAM TO KANCHEEPURAM) FROM KM TO K
N24000552,NHAI,KARNATAKA,RAILWAYS,delayed_orig,2016-03,701.4,591.86,701.4,382.24,2019-03,2023-12,2025-03,72.0,0.0,Add 3G Award of 1.2ha is pending,4-LANNING EXISTING KM TO 237.00] HASSAN TO MARANAHALLY
N24000726,NHAI,JHARKHAND,RAILWAYS,delayed_orig,2018-01,1155.16,,950.49,615.72,2021-11,2025-03,2025-03,40.0,,,SIX LANING OF BIHAR JHARKHAND BORDER (CHORDAHA) TO GORHAR SECTION
N24000733,NHAI,ODISHA,RAILWAYS,delayed_orig,2018-01,633.68,492.83,633.68,560.38,2022-08,,2025-03,31.0,0.0,,REHABILITATION AND UP- GRADATION OF EXISTING 2- LANE TO LANE OF DUBURI (KM 388.376) TO CHANDIKHOLE (
N24000738,NHAI,ODISHA,RAILWAYS,delayed_orig,2018-01,999.0,1152.7,1152.7,339.23,2021-09,,2025-03,42.0,15.39,,REHABILITATION AND UPGRADATION OF SIX LANING OF BHADRAK BALESHWAR SECTION (KM 136.50) TO (KM
N24001416,NHAI,PUNJAB,RAILWAYS,delayed_orig,2020-12,989.66,,989.66,284.28,2024-01,2025-03,2025-03,14.0,0.0,,DELHI-AMRITSAR-KATRA EXPRESSWAY FROM JUNCTION WITH LUDHIANA-MALERKOTLA ROAD (SH-11) NEAR BHOGIWAL VI
N24001425,NHAI,KARNATAKA,RAILWAYS,delayed_orig,2021-03,1100.88,1100.88,1100.88,864.39,2021-11,2025-03,2025-03,40.0,0.0,Tree felling permission & other hindrances,4L OF ADDAHOLE TO BANTWAL CROSS SECTION INCLUDING FLYOVER AT KALLADKA TOWN
N24001477,NHAI,Andhra Pradesh,RAILWAYS,delayed_orig,2021-09,622.0,,817.91,440.55,2022-09,2024-09,2025-03,30.0,31.5,,CONSTRUCTION OF LANE ACCESS CONTROLLED NEW GREENFIELD HIGHWAY SECTION OF NH-365BG (KHAMMAM-DEVARAP
N24001666,NHAI,ODISHA,RAILWAYS,delayed_orig,2021-12,714.0,714.0,714.0,331.65,2024-09,,2025-03,6.0,0.0,,6L GREENFIELD BARAJA KANDILI SECTION OF NH- 130- CD ROAD FROM KM 338+500 TO KM 342+500 (PACKAGE-OD
N24001668,NHAI,ODISHA,RAILWAYS,delayed_orig,2021-03,1249.0,,1249.0,344.4,2024-04,,2025-03,11.0,0.0,,6L OF BADAKUMARI KARKI SECTION FROM KM TO KM OF NH-130-CD (PACKAGE – OD-3)
N24001669,NHAI,ODISHA,RAILWAYS,delayed_orig,2021-02,586.0,,586.0,159.3,2024-03,,2025-03,12.0,0.0,,6L OF DHANARA HATIBENA SECTION FROM KM TO KM OF NH-130-CD (PACKAGE – OD-1)
N24001678,NHAI,ODISHA,RAILWAYS,delayed_orig,2021-08,1460.0,1460.0,1460.0,716.24,2024-06,,2025-03,9.0,0.0,,6L GREENFIELD BAUNSAGUAR BARAJA SECTION OF NH-130-CD ROAD FROM KM 293+000 TO KM 338+500 (PACKAGE –
N24001680,NHAI,KARNATAKA,RAILWAYS,delayed_orig,2021-03,1409.68,,1409.68,728.94,2024-10,2025-03,2025-03,5.0,0.0,Forest Issues,4L OF SANNUR TO BIKARNAKATTE SECTION FROM KARKALA TO MANGALORE
N24001684,NHAI,KARNATAKA,RAILWAYS,delayed_orig,2020-09,688.0,602.09,688.0,462.23,2023-01,2020-09,2025-03,26.0,0.0,Land acquisition,4L OF CHANNARAYAPATNA BYPASS AND HASSAN BYPASS WITH STRUCTURES IN DEVIHALLI -HASSAN SECTION
N24001687,NHAI,KARNATAKA,RAILWAYS,delayed_orig,2021-10,1331.77,2082.98,2082.98,273.23,2023-10,2025-03,2025-03,17.0,56.41,,FOUR LANING OF BETTADAHALLI TO SRIRAMPURA SECTION FROM KM. 166+100 (DESIGN KM. 170+415) TO KM. 217+0
N24001786,NHAI,GUJARAT,RAILWAYS,delayed_orig,2021-03,1259.0,,1910.0,137.93,2024-03,,2025-03,12.0,51.71,,CONSTRUCTION OF EIGHT LANE ACCESS CONTROLLED EXPRESSWAY FROM KM TO KM OF VADODARA MU
N24000714,NHAI,BIHAR,RAILWAYS,delayed_orig,2017-12,2598.0,,1962.5,1223.05,2024-10,2024-10,2025-04,6.0,,,CONSTRUCTION OF NEW LINK (NH-133B) FROM KM 0/00 (KM 200/87 OF SAHIBANJ BYPASS) IN JHARKHAND TO KM
N24000603,NHAI,KARNATAKA,RAILWAYS,delayed_orig,2016-08,1167.42,,1224.01,742.18,2019-03,2025-05,2025-05,74.0,4.85,,HOSPET-BELLARY-KARNATAKA AP BORDER
N24001661,NHAI,KERALA,RAILWAYS,delayed_orig,2020-10,3219.47,3713.14,3713.14,2067.11,2024-04,2025-05,2025-05,13.0,15.33,,6L OF AZHIYUR-VENGALAM FROM KM. TO KM. OF NH-66
N24001511,NHAI,Jammu and Kashmir,RAILWAYS,delayed_orig,2021-03,2919.96,,2919.96,2023.29,2024-02,2024-08,2025-06,16.0,0.0,,CONSTRUCTION OF FOUR LANE RINGROAD BYPASS SRINAGAR CITY
N24001611,NHAI,Chhattisgarh,RAILWAYS,delayed_orig,2020-04,1855.59,1869.85,1869.85,368.32,2024-03,,2025-06,15.0,,,LANE OF BILASPUR TO URGA PROJECT (KM TO KM 70.2) OF NH-130A
N24001622,NHAI,Jammu and Kashmir,RAILWAYS,delayed_orig,2021-07,1401.87,,1401.87,355.7,2024-06,2025-06,2025-06,12.0,0.0,,4L TWIN TUBE TUNNEL INCLUDING APPROACHES FROM DIGDOL TO KHUNI NALLAH (NORTH BOUND CONNECTING WITH EX
N24001639,NHAI,PUNJAB,RAILWAYS,delayed_orig,2020-05,864.23,864.23,864.23,434.88,2024-12,2025-06,2025-06,6.0,0.0,,FOUR LANING OF MOGA TO BAJAKHANA LAMBWALI SECTION OF 105B GREENFIELD ALIGNMENT FROM DESIGN CHAINAGE
N24001665,NHAI,ODISHA,RAILWAYS,delayed_orig,2021-12,1592.0,1592.0,1592.0,672.97,2024-10,,2025-06,8.0,0.0,,6L GREENFIELD KANDILI ALURU SECTION OF NH-130-CD ROAD FROM KM 342+500 TO KM 365+033 (PACKAGE-OD-8
N24001667,NHAI,ODISHA,RAILWAYS,delayed_orig,2021-09,1734.0,1734.0,1734.0,892.16,2024-05,,2025-06,13.0,0.0,,6L GREENFIELD KALIAGURA – BAUNSAGUAR SECTION OF NH- 130-CD ROAD FROM KM 249+000 TO KM 293+000 (PACKAG
N24002063,NHAI,BIHAR,RAILWAYS,delayed_orig,2021-12,210.05,,210.05,89.41,2024-01,,2025-06,17.0,0.0,,BALANCE WORK WB-10 (GANDAK BRIDGE) KM TO KM (DEVANPUR KOTWA)
N24002081,NHAI,ODISHA,RAILWAYS,delayed_orig,2022-08,153.61,,153.61,,2025-01,,2025-06,5.0,0.0,,3L MAJOR BRIDGE OVER RIVER BRAHMANI AT KM. (DUBURI CHANDIKHOLE SECTION) OF NH (NEW NH
N24001431,NHAI,TAMIL NADU,RAILWAYS,delayed_orig,2018-03,1872.68,2661.51,2756.09,1066.8,2020-10,2025-08,2025-08,58.0,47.17,,FOUR LANING OF SATTANATHAPURAM (KM.123/800) TO NAGAPATTINAM (KM.179/555) SECTION OF NH- 45A ON HAM UN
N24001650,NHAI,KERALA,RAILWAYS,delayed_orig,2021-12,3635.64,,3635.64,257.23,2025-01,2025-08,2025-08,7.0,0.0,,SIX LANING OF KADAMBATTUKONAM TO KAZHAKKOOTTAM SECTION OF NH-66(OLD NH-47) FROM KM. 517+250 TO KM.54
N24001660,NHAI,KERALA,RAILWAYS,delayed_orig,2020-08,2714.6,3319.41,2714.6,1853.96,2024-02,2021-11,2025-08,18.0,0.0,,SIX LANING OF THALIPARAMBHA- MUZHAPILANGAD SECTION FROM KM TO KM. OF NH-17 (NEW NH
N24001612,NHAI,RAJASTHAN,RAILWAYS,delayed_orig,2020-07,1788.69,,1788.69,730.84,2024-01,2025-09,2025-09,20.0,0.0,,DELHI-VADODARA GREENFIELD ALIGNMENT (NH-148N) (PKG-15) (CH. TO CH.427.300) [JUNCTION WITH NH
N24001849,NHAI,Andhra Pradesh,RAILWAYS,delayed_orig,2022-05,1063.72,,1063.72,275.23,2025-07,,2025-09,2.0,0.0,,4L PS MYDUKUR BADVEL FROM KM TO KM SECTION OF NH
N24001994,NHAI,KARNATAKA,RAILWAYS,delayed_orig,2022-05,1135.39,,1135.39,204.44,2023-03,,2025-09,30.0,0.0,,4/6L OF BANGALORE PUNE SECTION OF BYPASS CONNECTING DHARWAD HUBLI FROM KM. TO KM.
N24001550,NHAI,Jammu and Kashmir,RAILWAYS,delayed_orig,2021-09,1821.72,1917.32,1945.32,1635.74,2024-09,,2025-12,15.0,6.78,,DELHI-AMRITSAR-KATRA EXPRESSWAY (PHASE-II PKG- XVI) EXISTING JAKH (VIJAYPUR)- KUNJWANI SECTION OF NH-4
N24001657,NHAI,KERALA,RAILWAYS,delayed_orig,2021-06,2842.14,,2842.14,378.64,2024-10,2025-12,2025-12,14.0,0.0,,SIX LANING OF KOTTUKULANGARA (DESIGN KM. 454+500) TO START OF KOLLAM BYPASS (DESIGN KM. 486+000) SEC
N24001681,NHAI,KARNATAKA,RAILWAYS,delayed_orig,2022-08,2032.15,2032.15,2032.15,148.97,2025-08,2025-12,2025-12,4.0,0.0,,TUMKUR NELAMANGALA(6L)
N24001725,NHAI,TAMIL NADU,RAILWAYS,delayed_orig,2019-01,819.89,,922.85,361.98,2021-05,,2025-12,55.0,12.56,,6L OF SRIPERUMBUDUR TO KARAIPETTAI FROM KM TO KM OF NH
N24001841,NHAI,Andhra Pradesh,RAILWAYS,delayed_orig,2022-12,912.94,,912.94,60.48,2025-09,,2026-02,5.0,0.0,,6L ACCESS CONTROLLED GREENFIELD HIGHWAY FROM KODUR KMS TO VANAVOLU KMS OF NH 544G PACKA
N24002040,NHAI,HARYANA,RAILWAYS,delayed_orig,2022-04,1554.21,,1554.21,356.46,2025-05,,2028-05,36.0,0.0,,DEVELOPMENT OF SIX-LANE ACCESS CONTROLLED HIGHWAY FROM RANIPUR BARSI (SAHARANPUR DISTRICT) TO ADHOYA
N25000072,IWAI,MULTI STATE,RAILWAYS,delayed_orig,2018-01,5369.18,5061.15,5061.15,2961.61,2023-03,2025-12,2025-12,33.0,,Land acquisition issues are pending with the State Government,JAL MARG VIKAS PROJECT
N26000115,BSNL,MULTI,TELECOMMUNICATIONS,delayed_orig,2023-03,185.27,,239.6,146.93,2024-03,2024-07,2024-07,4.0,29.32,,SUPER EDGE ROUTERS FOR BSNL INTERNET PROTOCOL MULTI PROTOCOL LEBEL SWITCHING (IPMPLS) NETWORK and
N26000114,BSNL,MULTI STATE,TELECOMMUNICATIONS,delayed_orig,2020-03,461.42,461.42,461.42,159.98,2021-06,2021-11,2024-10,40.0,0.0,,PHASE-I OF CONSOLIDATION OF EXISTING CDR DATA CENTERS AND NIB-P3 DATA CENTERS WITH STATE OF THE ART
N28000115,CPWD FOR,,TELECOMMUNICATIONS,delayed_orig,2014-10,248.2,,248.2,212.81,2018-03,,2024-06,75.0,0.0,,SETTING UP PHYSICAL INFRASTRUCTURE FOR THE NATIONAL INSTITUTE OF COMMUNICATION FINANCE(NICF) AT GHIT
N26000101,DOT,MULTI STATE,TELECOMMUNICATIONS,delayed_orig,2012-03,13334.0,34953.45,34953.45,22626.69,2015-07,2023-09,2024-08,109.0,162.14,,NETWORK FOR SPECTRUM
N28000122,MEGA,GUJARAT,URBAN DEVELOPMENT,delayed_orig,2014-11,10773.0,,12924.55,12210.21,2018-12,,2024-06,66.0,19.97,,AHMEDABAD METRO RAIL PROJECT PHASE
N28000137,MEGA,GUJARAT,URBAN DEVELOPMENT,delayed_orig,2019-03,5384.17,,5384.17,2991.47,2024-03,,2024-12,9.0,0.0,,AHMEDABAD METRO RAIL PROJECT PHASE II
N28000138,MEGA,GUJARAT,URBAN DEVELOPMENT,delayed_orig,2019-03,12020.32,,12020.32,4769.09,2024-03,,2025-06,15.0,0.0,,SURAT METRO RAIL PROJECT
N28000058,BMRCL,KARNATAKA,URBAN DEVELOPMENT,delayed_orig,2014-02,26405.14,,26405.14,20936.29,2021-02,,2025-03,49.0,0.0,,BANGALORE METRO RAIL PROJECT PHASE-2
N28000128,CPWD,DELHI,URBAN DEVELOPMENT,delayed_orig,2016-10,1180.0,,1100.8,36.69,2021-07,,2024-06,35.0,,,REDEVELOPMENT OF GENERAL POOL RESIDENTIAL COLONY AT SRINIWASPURI NEW DELHI PHASE-I
N28000129,CPWD,DELHI,URBAN DEVELOPMENT,delayed_orig,2016-10,1128.0,,1128.0,419.44,2022-03,,2024-06,27.0,0.0,,REDEVELOPMENT OF GPRA AT KASTURBA NAGAR PHASE I
N28000149,CPWD,Chhattisgarh,URBAN DEVELOPMENT,delayed_orig,2019-05,299.97,299.97,299.97,223.06,2020-09,2024-10,2024-10,49.0,0.0,,CONSTRUCTION729 QUARTERS (TYPE II-180 TYPE III-364 TYPE IV-112 TYPE V-68 TYPE-VI-5 SHOPS COMMUNI
N28000153,CPWD,DELHI,URBAN DEVELOPMENT,delayed_orig,2022-01,646.52,,646.52,168.79,2024-11,2025-05,2025-05,6.0,0.0,,"CONSTRUCTION OF MULTI STORIED FLATS FOR HON'BLE MPS AT BKS MARG, NEW DELHI"
N28000135,DMRC,DELHI,URBAN DEVELOPMENT,delayed_orig,2019-07,24948.65,,24948.65,11597.34,2025-03,,2026-03,12.0,0.0,,DELHI METRO PHASE IV THREE PRIORITY CORRIDORS
N28000145,LMRCL,Uttar Pradesh,URBAN DEVELOPMENT,delayed_orig,2019-05,8379.62,,8379.62,3647.85,2024-03,,2025-12,21.0,0.0,NO,AGRA METRO RAIL PROJECT
N28000144,LMRCL,Uttar Pradesh,URBAN DEVELOPMENT,delayed_orig,2019-05,11076.48,,11076.48,7005.28,2024-03,,2026-06,27.0,0.0,NO,KANPUR METRO RAIL PROJECT
N28000121,MMRC,MAHARASHT amounting to Rs.,URBAN DEVELOPMENT,delayed_orig,2016-12,11420.0,13656.22,13656.22,12138.13,2021-11,2024-06,2024-06,31.0,19.58,Contribution of Pune Municipal Corporation amounting to Rs. 40 Cr is still pending.,PUNE METRO RAIL PROJECT (PHASE 1)
N28000124,MPMRCL,Madhya Pradesh,URBAN DEVELOPMENT,delayed_orig,2018-11,6941.4,,6941.4,2106.59,2023-02,2026-12,2026-12,46.0,0.0,,BHOPAL METRO RAIL
N28000125,MPMRCL,Madhya Pradesh,URBAN DEVELOPMENT,delayed_orig,2018-11,7500.8,,7500.8,2830.31,2023-02,2026-12,2026-12,46.0,0.0,,INDORE METRO RAIL
N28000156,NBCC,DELHI,URBAN DEVELOPMENT,delayed_orig,2016-10,1536.72,,1536.72,111.15,2024-03,,2024-09,6.0,0.0,,REDEVELOPMENT OF GPRA AT NETAJI NAGAR NEW DELHI PACKAGE
N28000148,PATNA METRO,,URBAN DEVELOPMENT,delayed_orig,2019-02,13365.77,,13925.5,2188.95,2024-06,,2024-09,3.0,4.19,,PATNA METRO RAIL CORPORATION LIMITED
N30000042,KMDA,West Bengal,WATER RESOURCES,delayed_orig,2018-05,160.0,154.73,154.73,82.36,2022-02,2020-09,2024-06,28.0,,,INTERCEPTION AND DIVERSION WITH STP AT HUGHLY- CHINSURAH
N30000029,KMDA,West Bengal,WATER RESOURCES,delayed_orig,2019-01,384.96,,384.96,,2022-04,2019-02,2024-12,32.0,0.0,,DETAILED PROJECT REPORT FOR I AND D SEWERAGE SYSTEM AND STP FOR ASANSOL AND KULTI TOWNS
N30000030,KMDA,West Bengal,WATER RESOURCES,delayed_orig,2019-03,287.53,,287.53,,2022-04,,2024-12,32.0,0.0,,INTERCEPTION AND DIVERSION WORKS WITH STP FOR DRAINS FALLING IN RIVER DAMODAR AT DURGAPURL
N30000031,KMDA,West Bengal,WATER RESOURCES,delayed_orig,2018-12,234.31,,234.31,,2022-04,,2024-12,32.0,0.0,,I AND D AND STP WORKS AT BURDWAN WEST BENGAL
N30000034,KMDA,West Bengal,WATER RESOURCES,delayed_orig,2017-08,307.12,,653.67,,2022-09,2023-01,2026-12,51.0,112.84,,INTERCEPTION DIVERSION TREATMENT WORKS AT TOLLYS NULLAH ADI GANGA
N42000010,CPWD,KARNATAKA,WATER RESOURCES,delayed_orig,2021-08,316.25,,316.25,310.46,2024-02,,2024-08,6.0,0.0,,ADDITIONAL INFRASTRUCTURE AT IISC BANGALORE SH RCC MONOLITHIC FOR MEN WOMEN HOSTEL
N42000011,CPWD,Himachal Pradesh,WATER RESOURCES,delayed_orig,2021-03,512.37,512.37,512.37,61.65,2022-08,2024-11,2024-11,27.0,0.0,,CONSTRUCTION OF PERMANENT CAMPUSES OF CENTRAL UNIVERSITY OF HIMACHAL PRADESH AT DEHRA AND DHARAMSHAL
N28000146,CPWD,,WATER RESOURCES,delayed_orig,2020-03,193.83,,193.83,185.7,2020-06,,2024-05,47.0,0.0,,CONSTRUCTION OF TWO NOS GIRLS HOSTELS AND ONE NO BOYS HOSTEL OF CAPACITY EACH G PLUS STOREYED
N42000009,CPWD,,WATER RESOURCES,delayed_orig,2018-09,375.0,,375.0,324.87,2020-09,,2024-05,44.0,0.0,,PERMANENT CAMPUS FOR IIM BODH GAYA
N28000130,CPWD,,WATER RESOURCES,delayed_orig,2019-03,424.93,500.91,500.91,464.38,2022-07,2024-06,2024-06,23.0,17.88,from local bodies conveyed on 24th October 2020.,CONSTRUCTION OF PERMANENT CAMPUS OF IIM JAMMU (PHASE 1)
N42000007,CPWD,,WATER RESOURCES,delayed_orig,,,,,,,,,,,,
N28000126,CPWD,,WATER RESOURCES,delayed_orig,2019-01,790.79,,790.79,620.36,2022-03,,2024-07,28.0,0.0,,INDIAN INSTITUTE OF SCIENCE EDUCATION AND RESEARCH BERHAMPUR
N28000131,CPWD,,WATER RESOURCES,delayed_orig,2018-01,676.0,1148.68,1144.68,54.75,2023-04,2024-06,2024-09,17.0,69.33,,CONSTRUCTION OF PERMANENT CAMPUS IIT JAMMU (PHASE 1C)
N42000002,CPWD,,WATER RESOURCES,delayed_orig,2019-05,303.9,390.4,390.4,360.0,2021-08,2024-06,2024-09,37.0,28.46,,"CONSTRUCTION OF PERMANENT CAMPUS FOR NATIONAL INSTITUTE OF TECHNOLOGY GOA AT CUNCOLIM, GOA."
N28000142,CPWD,,WATER RESOURCES,delayed_orig,2019-10,348.24,,348.24,246.29,2022-05,,2024-12,31.0,0.0,,"CONSTRUCTION OF PERMANENT CAMPUS OF INDIAN INSTITUTE OF MANAGEMENT (IIM) AMRITSAR, PUNJAB."
N28000140,CPWD,,WATER RESOURCES,delayed_orig,2019-07,753.63,,753.63,412.37,2021-03,2023-03,2025-11,56.0,0.0,,"C/O PERMANENT CAMPUS OF IIT PALAKKAD PHASE IA AT PUDESSERY VILLAGE,KANJIKODE WEST, DISTRICT PALAKKA"
N42000001,RITES OF,,WATER RESOURCES,delayed_orig,2013-09,484.32,429.7,429.7,269.05,2014-09,2024-07,2024-07,118.0,,Due to Law and Order and subsequent delay,CONSTRUCTION AND DEVELOPMENT OF NATINAL INSTITUTE OF TECHNOLOGY MEGHALAYA PERMANENT CAMPUS AT SOHRA
N28000071,CPWD FOR,,WATER RESOURCES,delayed_orig,,,,,,,,,,,,DELHI
N28000147,CPWD FOR,,WATER RESOURCES,delayed_orig,2020-01,166.98,167.0,166.98,90.37,2023-10,2024-10,2024-10,12.0,0.0,,"C/o separate family accommodation (Phase-I) on EPC basis for SSB at Faridabad (Haryana)"""
N28000104,CPWD FOR 210.83,,WATER RESOURCES,delayed_orig,2014-10,162.88,210.83,210.83,183.31,2018-04,,2024-12,80.0,29.44,,NSG AT KOLKATA
N45000002,CPWD FOR,,WATER RESOURCES,delayed_orig,2019-06,277.35,,290.33,85.11,2022-07,,2025-05,34.0,4.68,,CONSTRUCTION OF HEADQUARTER BUILDING OF CRPF AT LODHI ROAD NEW DELHI
N40000002,IICC FOR,,WATER RESOURCES,delayed_orig,2017-11,4773.0,,5401.0,4709.75,2019-12,,2024-06,54.0,13.16,,INDIA INTERNATIONAL CONVENTION AND EXPO CENTRE
N02000010,NPCIL,GUJARAT,ATOMIC ENERGY,no_doc,2009-10,11459.0,22517.0,,,2015-12,,2024-03,,,,KAKRAPAR ATOMIC
N04000081,AAI,WEST BENGAL,CIVIL AVIATION,no_doc,2019-01,389.71,,,,2021-11,,2023-05,,,,AIRSIDE CAPACITY
N04000073,AAI,Andaman and Nicobar Islands,CIVIL AVIATION,no_doc,2013-10,417.23,707.73,,,2018-09,2023-05,2023-06,,,,"CONSTRUCTION OF VSI AIRPORT, PORTBLAIR"
N04000086,AAI,TELANGANA,CIVIL AVIATION,no_doc,2020-05,353.61,,,,2022-05,2023-06,2023-06,,,,"CO CIVIL AVIATION AIRPORT, HYDRABAD"
N04000075,AAI,TAMIL NADU,CIVIL AVIATION,no_doc,2018-08,951.28,,,,2021-10,,2023-12,,,,UPGRADATION OF AIRSIDE FACILITIES
N04000079,AAI,MAHARASHTRA,CIVIL AVIATION,no_doc,2017-03,475.39,,,,2021-04,,2023-12,,,,CONSTRUCTION OF RECONSTRUCTION
N04000080,AAI,WEST BENGAL,CIVIL AVIATION,no_doc,2016-01,458.0,,,,2020-03,2022-06,2023-12,,,,CONSTRUCTION OF NSCBI AIRPORT KOLKATA
N04000089,AAI,ANDHRA PRADESH,CIVIL AVIATION,no_doc,2017-08,177.1,,,,2020-02,2021-12,2024-01,,,,EXT AND STR. OF
N04000076,AAI,DELHI,CIVIL AVIATION,no_doc,2016-11,303.8,374.98,,,2020-04,2024-04,2024-04,,,,"CONSTRUCTION OF DGCA, BCAS, AAIB,"
N04000096,AAI,MAHARASHTRA,CIVIL AVIATION,no_doc,2017-06,255.68,,,,2020-12,,2024-04,,,,"EXTENSION OF RUNWAY APRON, GSE AREA,"
N06000126,BCCL,JHARKHAND,COAL,no_doc,2010-08,289.45,,,,2014-05,,2023-11,,,,11 MADHUBAND NLW WASHERY
N06000173,SCCL,TELANGANA,COAL,no_doc,2016-11,272.73,,,,2018-03,,2024-03,,,,12 SRP OC-II EXPANSION PROJECT
N28000089,CPWD,,FINANCE,no_doc,2015-12,209.0,,,,2019-10,2022-10,2022-10,,,,"C/O OF NOS TYPE-II,304 FOR INCOME TAX DEPARTMENT AT CHENNAI"
N28000109,CPWD FOR FINANC,TAMIL NADU,FINANCE,no_doc,2017-11,348.77,,,,2021-11,,2022-11,,,,CONSTRUCTION OF
N07000001,NPCC,DELHI,FINANCE,no_doc,2018-07,228.5,,,,2022-04,,2022-04,,,,C/O RESIDENTIAL INDIRECT TAXES AND
N10000011,NALCO,ODISHA,MINES,no_doc,2016-05,534.0,667.23,,,2020-01,2023-11,2024-03,,,,16 UTKAL D AND E COAL BLOCK
N18000323,NHPC,Uttar Pradesh,POWER,no_doc,2020-07,314.64,,,,2022-03,2024-03,2024-03,,,,17 KALPI SOLAR POWER PROJECT
N18000142,NTPC,UTTARAKHAND,POWER,no_doc,2012-07,1527.0,,,,2017-08,,2017-08,,,,LATA-TAPOVAN HYDRO
N18000292,NTPC,RAJASTHAN,POWER,no_doc,2021-01,382.22,,,,2022-03,,2022-03,,,,19 ANTA SOLAR 90 MW
N18000293,NTPC,RAJASTHAN,POWER,no_doc,2021-01,1221.73,,,,2022-07,,2022-07,,,,20 BHENSARA 320 MW
N18000295,NTPC,GUJARAT,POWER,no_doc,2021-01,842.27,,,,2022-07,,2022-07,,,,21 GUJARAT 200 MW (GUVNL TENDER)
N18000296,NTPC,GUJARAT,POWER,no_doc,2021-05,674.92,,,,2022-09,,2022-09,,,,MW SOLAR PV RADHANPUR)
N18000370,NTPC,JHARKHAND,POWER,no_doc,2015-09,1553.0,,,,2019-11,,2023-04,,,,KERANDARI COAL
N18000212,NTPC,TELANGANA,POWER,no_doc,2016-01,10598.98,,,,2020-11,2022-07,2024-02,,,,TELANGANA SUPER
N18000277,NTPC,West Bengal,POWER,no_doc,2016-12,529.68,633.8,,,2018-11,2024-03,2024-03,,,,25 DURGAPUR PP-III (2X20 MW) NSPCL
N18000294,NTPC,RAJASTHAN,POWER,no_doc,2021-02,599.99,,,,2022-07,2024-03,2024-03,,,,26 CHHATTARGARH 150 MW
N18000348,NTPC,MADHYA PRADESH,POWER,no_doc,2022-06,1530.49,,,,2024-03,,2024-03,,,,SHAJAPUR 325MW
N18000262,PGCIL,TAMIL NADU,POWER,no_doc,2017-05,186.17,,,,2019-07,,2019-07,,,,TRANSMISSION SYSTEM NEYVELI LIGNITE
N18000300,PGCIL,RAJASTHAN,POWER,no_doc,2021-05,1184.88,,,,2022-09,,2022-09,,,,TRANSMISSION SYSTEM EVACUATION OF POWER RAJASTHA
N18000303,PGCIL,RAJASTHAN,POWER,no_doc,2021-03,353.85,,,,2022-12,,2022-12,,,,TRANSMISSION SYSTEM EVACUATION OF POWER RAJASTHA
N18000299,PGCIL,BIHAR,POWER,no_doc,2021-05,179.29,,,,2023-04,,2023-04,,,,"TRANSMISSION SYSTEM (900MW) HEP, NEPAL"
N18000314,PGCIL,RAJASTHAN,POWER,no_doc,2020-01,562.86,,,,2021-01,,2023-05,,,,TRANSMISSION SYSTEM PROJECTS AT BIKANER
N18000339,PGCIL,MULTI STATE,POWER,no_doc,,,,,,,,,,,,FOR SOUTHERN REGION
N18000304,PGCIL,RAJASTHAN,POWER,no_doc,2021-03,1340.81,,,,2022-12,,2023-07,,,,TRANSMISSION SYSTEM EVACUATION OF POWER RAJASTHA
N18000244,PGCIL,MULTI STATE,POWER,no_doc,2017-02,235.53,,,,2019-06,,2023-08,,,,EASTERN REGION
N18000302,PGCIL,HARYANA,POWER,no_doc,2019-01,267.33,,,,2022-03,,2023-12,,,,IMPLEMENTATION REACTOR AT KURUKSHETRA
N18000327,PGCIL,ASSAM,POWER,no_doc,2019-03,1326.0,,,,2023-03,,2023-12,,,,NORTH EAST-NORTHERN/ C
N18000317,PGCIL,MULTI STATE,POWER,no_doc,,,,,,,,,,,,FOR NORTHERN REGION
N18000329,PGCIL,MULTI STATE,POWER,no_doc,2022-03,176.22,,,,2023-03,,2024-03,,,,AUGMENTATION OF REGION.
N18000341,PGCIL,MULTI STATE,POWER,no_doc,2022-08,863.99,,,,2024-02,,2024-03,,,,POWERGRID NEEMUCH
N22000597,MEGA,PUNJAB,RAILWAYS,no_doc,2017-06,1775.73,,,,2024-03,,2024-03,,,,41 RAJPURA-BHATINDA (172.64 KM)
N22000464,DFCC,MULTI STATE,RAILWAYS,no_doc,2007-11,16592.0,51101.0,,,2020-03,,2020-03,,,,WESTERN DEDICATED
220100240,ECR,BIHAR,RAILWAYS,no_doc,1997-04,324.73,967.29,,,2012-03,,2023-12,,,,JAYANAGAR-DARBHANGA-NARKATIA
N22000377,ECOR,Andhra Pradesh,RAILWAYS,no_doc,2015-04,2499.71,,,,2022-03,,2022-03,,,,44 KOTTAVALSA KORAPUT DOUBLING
N22000318,ECOR,CHHATTISGARH,RAILWAYS,no_doc,2012-12,1160.0,,,,2020-03,,2024-03,,,,KIRANDUL JAGDALPUR
N22000376,ECOR,ODISHA,RAILWAYS,no_doc,2015-04,1547.38,,,,2022-03,,2024-03,,,,46 JAGADALPUR-KORAPUT DOUBLING
N22000108,KOMRCL,WEST BENGAL,RAILWAYS,no_doc,2010-04,2397.72,,,,2016-03,,2016-03,,,,NEW WORK FOR CONSTRUCTION NOAPARA-BARASAI
N22000092,MRTP,MAHARASHTRA,RAILWAYS,no_doc,2008-04,5300.0,,,,2014-03,,2014-03,,,,MUMBAI URBAN TRANSPORT
N22000135,MRTP,WEST BENGAL,RAILWAYS,no_doc,2013-03,4874.58,8574.98,,,2016-03,2023-12,2023-12,,,,EAST WEST METRO LAKE
N22000496,NCR,UTTAR PRADESH,RAILWAYS,no_doc,2016-09,2001.0,2001.0,,,2021-03,,2023-12,,,,50 JHANSI BINA DOUBLING
N22000205,NFR,MEGHALAYA,RAILWAYS,no_doc,2010-04,906.46,1202.33,,,2021-03,,2021-03,,,,NEW BG LINE FROM
N22000195,NFR,TRIPURA,RAILWAYS,no_doc,2012-04,569.63,,,,2020-03,2022-06,2022-09,,,,52 AGARTALA-AKHAURA NL
N22000207,NFR,MULTI STATE,RAILWAYS,no_doc,2010-04,241.52,,,,,,2023-03,,,,NEW BG LINE FROM
N22000102,NFR,SIKKIM,RAILWAYS,no_doc,2008-04,1339.48,,,,2015-12,,2023-12,,,,"54 SEVOK RANGPO, NEFR"
220100184,NWR,RAJASTHAN,RAILWAYS,no_doc,1997-02,410.08,,,,2019-02,,2024-03,,,,"55 DAUSA-GANGAPUR CITY(NL),NWR"
N22000326,NWR,MULTI STATE,RAILWAYS,no_doc,2015-05,600.0,,,,2020-03,2024-04,2024-04,,,,56 PHULERA DIGANA DOUBLING
N22000281,NR,DELHI,RAILWAYS,no_doc,2012-04,295.68,,,,,,2023-09,,,,ANAND VIHAR-TILAK
N22000274,NR,MULTI STATE,RAILWAYS,no_doc,2007-04,336.91,,,,,,2024-02,,,,DEOBAND (MUZAFFARNAGAR)-
N22000432,SCR,TELANGANA,RAILWAYS,no_doc,2017-04,119.73,185.0,,,2022-03,,2022-03,,,,MANMAD-PARBHANI-NANDED-SECUNDERABAD-GADWAL-DHONE- GUNTAKAL TRAIN
N22000552,WCR,MADHYA PRADESH,RAILWAYS,no_doc,2016-12,199.63,,,,2024-03,,2024-03,,,,POWARKHEDA JUJHARPUR DIRECTION (15.89 KM)
N22000434,WR,MAHARASHTRA,RAILWAYS,no_doc,2010-03,265.88,,,,,,2024-03,,,,MUMBAI CENTRAL PROTECTION SYSTEM 500 RKM
N24000465,MEGA,UTTARAKHAND,ROAD TRANSPORT AND HIGHWAYS,no_doc,2012-11,605.84,,,,2016-08,,2016-08,,,,4-LANING OF KASHIPUR-SITARGANJ
N24000940,MoRTH,ANDHRA PRADESH,ROAD TRANSPORT AND HIGHWAYS,no_doc,2016-03,995.09,995.0,,,2016-05,,2016-05,,,,REHABILITATION AND BORDER-GOOTY SECTION
N24000965,MoRTH,ANDHRA PRADESH,ROAD TRANSPORT AND HIGHWAYS,no_doc,2016-01,386.09,,,,2016-05,,2016-05,,,,REHABILITATION AND SECTION FROM KM126/510
N24000966,MoRTH,ANDHRA PRADESH,ROAD TRANSPORT AND HIGHWAYS,no_doc,2016-01,348.95,,,,2016-08,,2016-08,,,,REHABILITATION KM41.161 TO KM59.800(GURJANAPALLI
N24000967,MoRTH,ANDHRA PRADESH,ROAD TRANSPORT AND HIGHWAYS,no_doc,2016-03,444.84,,,,2016-09,,2016-09,,,,REHABILITATION AND SECTION FROM KM34/230
N24000964,MoRTH,ANDHRA PRADESH,ROAD TRANSPORT AND HIGHWAYS,no_doc,2016-08,350.61,,,,2017-01,,2017-01,,,,CONSTRUCTION OF FROM KM TO
N24000931,MoRTH,ANDHRA PRADESH,ROAD TRANSPORT AND HIGHWAYS,no_doc,2016-11,290.15,,,,2017-05,,2017-05,,,,REHABILITATION AND KM TO KM
N24000968,MoRTH,ANDHRA PRADESH,ROAD TRANSPORT AND HIGHWAYS,no_doc,2016-11,376.25,,,,2017-08,,2017-08,,,,REHABILITATION AND AVANIGADDA SECTION
N24001387,MoRTH,KARNATAKA,ROAD TRANSPORT AND HIGHWAYS,no_doc,2017-01,264.34,,,,2017-09,,2017-09,,,,WIDENING TO 2-LANE TO (HOSAMANE
N24000933,MoRTH,ANDHRA PRADESH,ROAD TRANSPORT AND HIGHWAYS,no_doc,2017-02,429.43,,,,2017-11,,2017-11,,,,CONSTRUCTION OF ON NH43 (NEW NH26)
N24001130,MoRTH,UTTARAKHAND,ROAD TRANSPORT AND HIGHWAYS,no_doc,2016-08,234.88,273.49,,,2017-12,,2017-12,,,,RECONSTRUCTION INTERMEDIATE LANE
N24000970,MoRTH,ANDHRA PRADESH,ROAD TRANSPORT AND HIGHWAYS,no_doc,2017-01,576.48,,,,2018-01,,2018-01,,,,REHABILITAITON AND EEPPURPALEM SECTION
N24000422,MoRTH,ANDHRA PRADESH,ROAD TRANSPORT AND HIGHWAYS,no_doc,2015-03,309.01,,,,2015-09,2017-08,2018-05,,,,REHABILITATION AND TO KM 75-600
N24000934,MoRTH,ANDHRA PRADESH,ROAD TRANSPORT AND HIGHWAYS,no_doc,2018-03,228.32,,,,2018-08,,2018-08,,,,REHABILITATION AND 41/979 (EXCLUDING
N24000937,MoRTH,ANDHRA PRADESH,ROAD TRANSPORT AND HIGHWAYS,no_doc,2018-03,289.67,290.0,,,2018-08,,2018-08,,,,REHABILITATION AND DESIGN CHAINAGE
N24000939,MoRTH,ANDHRA PRADESH,ROAD TRANSPORT AND HIGHWAYS,no_doc,2018-03,504.19,504.0,,,2018-11,,2018-11,,,,REHABILITATION AND TO KM
N24001105,MoRTH,MAHARASHTRA,ROAD TRANSPORT AND HIGHWAYS,no_doc,2016-11,467.7,,,,2019-03,,2019-03,,,,78 CHIMUR TO WARORA
N24001018,MoRTH,MAHARASHTRA,ROAD TRANSPORT AND HIGHWAYS,no_doc,2017-01,392.83,393.0,,,2019-06,,2019-06,,,,79 BHANDARA TO GHOTITOK
N24001126,MoRTH,MAHARASHTRA,ROAD TRANSPORT AND HIGHWAYS,no_doc,2017-02,456.45,,,,2019-06,,2019-06,,,,80 FARDAPUR TO JALGAON
N24000982,MoRTH,TELANGANA,ROAD TRANSPORT AND HIGHWAYS,no_doc,2017-01,244.54,,,,2019-05,2019-08,2019-08,,,,WIDENING TO TWO 40/410 TO KM 84/037OF
N24000245,MoRTH,TELANGANA,ROAD TRANSPORT AND HIGHWAYS,no_doc,2014-01,270.0,,,,2016-03,2019-09,2019-09,,,,REHABILITATION AND TO (NAKREKAL
N24001069,MoRTH,MAHARASHTRA,ROAD TRANSPORT AND HIGHWAYS,no_doc,2017-12,456.93,457.0,,,2019-09,,2019-09,,,,83 NANDED TO JALKOT
N24000909,MoRTH,PUNJAB,ROAD TRANSPORT AND HIGHWAYS,no_doc,2017-10,1069.59,,,,2019-10,,2019-10,,,,JALANDHAR-HOSHIARPUR FROM EXISTING KM
N24000776,MoRTH,UTTARAKHAND,ROAD TRANSPORT AND HIGHWAYS,no_doc,2017-11,232.81,,,,2019-11,,2019-11,,,,RECONSTRUCTION TWO LANE TO 2- LANE
N24000777,MoRTH,UTTARAKHAND,ROAD TRANSPORT AND HIGHWAYS,no_doc,2017-11,283.51,,,,2019-11,,2019-11,,,,RECONSTRUCTION LANE TO 2- LANE WITH
N24000778,MoRTH,UTTARAKHAND,ROAD TRANSPORT AND HIGHWAYS,no_doc,2017-11,266.52,,,,2019-11,,2019-11,,,,RECONSTRUCTION EXISTING SINGLE/INTERMEDIATE
N24000820,MoRTH,Andaman and Nicobar Islands,ROAD TRANSPORT AND HIGHWAYS,no_doc,2017-11,237.8,,,,2019-11,,2019-11,,,,Rehabilitation and up configuration from existing km. 122.00
N24000772,MoRTH,UTTARAKHAND,ROAD TRANSPORT AND HIGHWAYS,no_doc,2017-12,257.34,,,,2019-12,,2019-12,,,,RECONSTRUCTION EXISTING LANE/INTERMEDIATE
N24000773,MoRTH,UTTARAKHAND,ROAD TRANSPORT AND HIGHWAYS,no_doc,2017-12,200.34,253.43,,,2019-12,,2019-12,,,,RECONSTRUCTION EXISTING LANE/INTERMEDIATE
N24000774,MoRTH,UTTARAKHAND,ROAD TRANSPORT AND HIGHWAYS,no_doc,2017-12,248.22,,,,2019-12,,2019-12,,,,WIDENING OF EXISTING PAVED SHOULDERS
N24000984,MoRTH,TELANGANA,ROAD TRANSPORT AND HIGHWAYS,no_doc,2017-01,283.0,,,,2019-12,2019-12,2019-12,,,,WIDENING TO TWO TO KM
N24001097,MoRTH,MAHARASHTRA,ROAD TRANSPORT AND HIGHWAYS,no_doc,2018-07,404.33,404.0,,,2020-05,,2020-05,,,,93 SELDOH TO PANVAR
N24001107,MoRTH,MAHARASHTRA,ROAD TRANSPORT AND HIGHWAYS,no_doc,2018-07,381.08,302.0,,,2020-05,,2020-05,,,,PANCHARAL TO MANDANGHAR
N24000941,MoRTH,PUNJAB,ROAD TRANSPORT AND HIGHWAYS,no_doc,2018-03,293.64,,,,2020-08,,2020-08,,,,REHABILITATION AND SHOULDER OF MOGA
N24001073,MoRTH,MAHARASHTRA,ROAD TRANSPORT AND HIGHWAYS,no_doc,2018-09,301.38,301.0,,,2020-08,,2020-08,,,,96 KOTHARI TO DHANORA
N24000988,MoRTH,TELANGANA,ROAD TRANSPORT AND HIGHWAYS,no_doc,2018-01,230.03,,,,2019-12,2020-11,2020-11,,,,WIDENING AND STRENGTHENING WITH PAVED SHOULDERS
N24000928,MoRTH,ANDHRA PRADESH,ROAD TRANSPORT AND HIGHWAYS,no_doc,2015-10,333.21,,,,2015-12,2019-12,2021-01,,,,FOUR LANING OF 269.900(DESIGN CH0.0)
N24000989,MoRTH,TELANGANA,ROAD TRANSPORT AND HIGHWAYS,no_doc,2018-02,206.13,,,,2020-06,2021-01,2021-01,,,,WIDENING AND STRENGTHENING LANE WITH PAVED
N24001382,MoRTH,HIMACHAL PRADESH,ROAD TRANSPORT AND HIGHWAYS,no_doc,2020-08,242.8,,,,2021-03,,2021-03,,,,REHABILITATION AND OF HEWNA-ASHYARI
N24001386,MoRTH,ANDHRA PRADESH,ROAD TRANSPORT AND HIGHWAYS,no_doc,2020-08,222.61,,,,2021-03,,2021-03,,,,REHABILITATION AND SHOULDERS CONFIGURATION
N24001381,MoRTH,HIMACHAL PRADESH,ROAD TRANSPORT AND HIGHWAYS,no_doc,2020-08,272.98,,,,2021-04,,2021-04,,,,REHABILITATION AND PAVED SHOULDERS/4-LANE
N24001383,MoRTH,HIMACHAL PRADESH,ROAD TRANSPORT AND HIGHWAYS,no_doc,2020-08,349.2,,,,2021-04,,2021-04,,,,REHABILITATION AND CONFIGURATION
N24000301,MoRTH,ANDHRA PRADESH,ROAD TRANSPORT AND HIGHWAYS,no_doc,2015-03,271.45,,,,2015-10,2021-05,2021-05,,,,REHABILITATION AND TO KM 140-750 IN
N24001385,MoRTH,ANDHRA PRADESH,ROAD TRANSPORT AND HIGHWAYS,no_doc,2020-06,221.4,,,,2021-05,,2021-05,,,,WIDENING AND STRENGTHENING SHOULDERS FROM
N24000996,MoRTH,TELANGANA,ROAD TRANSPORT AND HIGHWAYS,no_doc,2017-01,605.08,,,,2019-10,2019-10,2021-06,,,,REHABILITATION AND SHOULDERS FROM
N24001165,MoRTH,KARNATAKA,ROAD TRANSPORT AND HIGHWAYS,no_doc,2016-11,314.9,,,,2017-03,,2021-09,,,,WIDENING TO LANE TO OF NH-150
N24001422,MoRTH,HIMACHAL PRADESH,ROAD TRANSPORT AND HIGHWAYS,no_doc,2021-02,345.89,,,,2021-09,,2021-09,,,,REHABILITATION AND OF ASHYARI-SHRI
N24000963,MoRTH,ANDHRA PRADESH,ROAD TRANSPORT AND HIGHWAYS,no_doc,2018-01,418.03,386.99,,,2018-08,2021-12,2021-12,,,,REHABILITATION AND KM 361.330(DORNALA
N24000929,MoRTH,ANDHRA PRADESH,ROAD TRANSPORT AND HIGHWAYS,no_doc,2016-09,372.68,,,,2017-02,2022-01,2022-02,,,,REHABILITATION AND KM TO
N24001448,MoRTH,MAHARASHTRA,ROAD TRANSPORT AND HIGHWAYS,no_doc,2021-11,223.35,,,,2022-02,,2022-02,,,,UPGRADATION OF FROM KM 132/600
N24001159,MoRTH,KARNATAKA,ROAD TRANSPORT AND HIGHWAYS,no_doc,2018-01,159.7,,,,2018-07,,2022-03,,,,WIDENING TO TWO TO KM
N24001160,MoRTH,KARNATAKA,ROAD TRANSPORT AND HIGHWAYS,no_doc,2017-09,191.6,,,,2018-10,,2022-04,,,,WIDENING TO TWO TO KM
N24001161,MoRTH,KARNATAKA,ROAD TRANSPORT AND HIGHWAYS,no_doc,2017-12,297.3,,,,2019-01,,2022-04,,,,WIDENING TO TWO TO OF MUDIGERE
N24001172,MoRTH,KARNATAKA,ROAD TRANSPORT AND HIGHWAYS,no_doc,2017-01,291.49,,,,2017-08,,2022-06,,,,WIDENING TO TWO TO KM OF NH-218
N24000932,MoRTH,ANDHRA PRADESH,ROAD TRANSPORT AND HIGHWAYS,no_doc,2017-01,319.28,,,,2017-08,2022-07,2022-07,,,,REHABILITATION AND KM 60/380 (DESIGN
N24001164,MoRTH,KARNATAKA,ROAD TRANSPORT AND HIGHWAYS,no_doc,2016-10,396.96,,,,2017-03,,2022-07,,,,WIDENING TO LANE OF NH-50 UNDER
N24001162,MoRTH,KARNATAKA,ROAD TRANSPORT AND HIGHWAYS,no_doc,2018-03,325.86,,,,2018-10,,2022-11,,,,IMPROVEMENT AND PAVED SHOULDERS
N24001384,MoRTH,ANDHRA PRADESH,ROAD TRANSPORT AND HIGHWAYS,no_doc,2020-03,207.79,,,,2021-03,2022-11,2022-11,,,,REHABILITATION AND 56/803 TO KM 99/179
N24000870,MoRTH,MADHYA PRADESH,ROAD TRANSPORT AND HIGHWAYS,no_doc,2018-03,162.56,,,,2018-03,2022-12,2022-12,,,,UPGRADATION OF
N24001180,MoRTH,NAGALAND,ROAD TRANSPORT AND HIGHWAYS,no_doc,2019-03,237.51,,,,2022-12,2023-01,2023-01,,,,WIDENING OF EXISTING LANE ROAD FROM
N24001179,MoRTH,NAGALAND,ROAD TRANSPORT AND HIGHWAYS,no_doc,2017-03,217.35,,,,2020-11,2023-02,2023-02,,,,CONSTRUCTION OF TO (YESEMYONG
N24000775,MoRTH,UTTARAKHAND,ROAD TRANSPORT AND HIGHWAYS,no_doc,2017-06,282.08,,,,2019-06,2023-03,2023-03,,,,RECONSTRUCTION EXISTING LANE/INTERMEDIATE
N24000779,MoRTH,UTTARAKHAND,ROAD TRANSPORT AND HIGHWAYS,no_doc,2018-02,418.88,,,,2020-02,2023-03,2023-03,,,,RECONSTRUCTION EXISTING SINGLE/INTERMEDIATE
N24001158,MoRTH,KARNATAKA,ROAD TRANSPORT AND HIGHWAYS,no_doc,2018-03,159.97,,,,2019-06,,2023-03,,,,RECONSTRUCTION FROM DS. CH. 442+180
N24000475,MoRTH,Madhya Pradesh,ROAD TRANSPORT AND HIGHWAYS,no_doc,2015-11,628.45,,,,2020-01,2021-06,2023-04,,,,JABALPUR TO HIREN PRADESH KM 11/400 TO 66/400
N24000780,MoRTH,UTTARAKHAND,ROAD TRANSPORT AND HIGHWAYS,no_doc,2018-02,293.68,,,,2023-04,,2023-04,,,,REHABILITATION AND PAVED SHOULDER
N24000969,MoRTH,Andhra Pradesh,ROAD TRANSPORT AND HIGHWAYS,no_doc,2017-01,263.45,263.45,,,2017-09,2023-05,2023-05,,,,CONSTRUCTION OF TO 127.500 OF NH-214) OF NH-216
N24001156,MoRTH,KARNATAKA,ROAD TRANSPORT AND HIGHWAYS,no_doc,2017-01,166.67,,,,2017-09,,2023-05,,,,WIDENING TO TWO TO KM
N24000993,MoRTH,TELANGANA,ROAD TRANSPORT AND HIGHWAYS,no_doc,2018-03,322.81,,,,2020-09,2022-06,2023-06,,,,REHABILITATION AND KM.187.723 TO
N24001370,MoRTH,KERALA,ROAD TRANSPORT AND HIGHWAYS,no_doc,2017-02,380.76,372.87,,,2017-09,2023-01,2023-06,,,,WIDENING TO 2-LANE TO KM 161/300 ON NH 85 (OLD NH 49)
N24001046,MoRTH,MAHARASHTRA,ROAD TRANSPORT AND HIGHWAYS,no_doc,2017-01,210.81,,,,2019-07,,2023-08,,,,132 RALEGAON TO RAMTIRTH
N24001048,MoRTH,MAHARASHTRA,ROAD TRANSPORT AND HIGHWAYS,no_doc,2017-01,232.77,,,,2019-07,,2023-08,,,,133 MEHKAR TO AJISPUR
N24001138,MoRTH,MAHARASHTRA,ROAD TRANSPORT AND HIGHWAYS,no_doc,2017-02,205.72,206.0,,,2019-06,,2023-08,,,,134 PARLI PIMPLA DAHIGUDA
N24001369,MoRTH,KERALA,ROAD TRANSPORT AND HIGHWAYS,no_doc,2017-02,294.28,296.53,,,2017-08,2022-03,2023-08,,,,WIDENING TO LANES KM.87/000 TO 133/720
N24000444,MoRTH,GOA,ROAD TRANSPORT AND HIGHWAYS,no_doc,2015-10,936.4,,,,2023-09,,2023-09,,,,CONSTRUCTION OF RIVER ZUARI ON NH-17
N24000892,MoRTH,MADHYA PRADESH,ROAD TRANSPORT AND HIGHWAYS,no_doc,2017-11,249.05,,,,2018-07,,2023-09,,,,2L+PS OF THIKRI ANJAD
N24001930,MoRTH,ANDHRA PRADESH,ROAD TRANSPORT AND HIGHWAYS,no_doc,2020-06,220.66,,,,2023-09,,2023-09,,,,FORMATION OF BYPASS
N24001956,MoRTH,Andhra Pradesh,ROAD TRANSPORT AND HIGHWAYS,no_doc,2020-08,296.66,,,,2023-09,,2023-09,,,,2LPS FROM GONDIGUDA KM 51.772 SECTION OF NH 516E
N24001026,MoRTH,MAHARASHTRA,ROAD TRANSPORT AND HIGHWAYS,no_doc,2017-01,376.19,,,,2019-05,,2023-10,,,,140 WAKAN PALI KHOPOLI
N24001057,MoRTH,MAHARASHTRA,ROAD TRANSPORT AND HIGHWAYS,no_doc,2017-02,407.19,407.0,,,2019-06,,2023-10,,,,KARAD PATAN CHIPLUN
N24001065,MoRTH,MAHARASHTRA,ROAD TRANSPORT AND HIGHWAYS,no_doc,2018-03,238.19,238.0,,,2019-12,,2023-10,,,,142 PARBHANI TO GANGKHED
N24001080,MoRTH,MAHARASHTRA,ROAD TRANSPORT AND HIGHWAYS,no_doc,2018-03,256.15,,,,2019-12,,2023-10,,,,MALE VILLAGE TO
N24001035,MoRTH,MAHARASHTRA,ROAD TRANSPORT AND HIGHWAYS,no_doc,2018-01,418.36,,,,2019-12,,2023-11,,,,144 MANSAR TO SALAIKHURD
N24001040,MoRTH,MAHARASHTRA,ROAD TRANSPORT AND HIGHWAYS,no_doc,2017-01,461.96,,,,2019-11,,2023-11,,,,145 JAHIRABAD TO LATUR
N24001101,MoRTH,MAHARASHTRA,ROAD TRANSPORT AND HIGHWAYS,no_doc,2017-01,307.63,,,,2019-07,,2023-11,,,,KURUDWADI TO PANDHARPUR
N24000248,MoRTH,TELANGANA,ROAD TRANSPORT AND HIGHWAYS,no_doc,2015-03,153.21,,,,2017-01,,2023-12,,,,EPC- CORRIDOR APPROACH EXISTING LANE
N24000516,MoRTH,GOA,ROAD TRANSPORT AND HIGHWAYS,no_doc,2015-12,819.95,,,,,,2023-12,,,,WIDENING TO 4/6/8 (NEAR GMC) TO KM
N24000584,MoRTH,MAHARASHTRA,ROAD TRANSPORT AND HIGHWAYS,no_doc,2016-03,1142.62,1907.03,,,,,2023-12,,,,4-LANNING OF NH17 205/400 UNDER HYBRID
N24000781,MoRTH,UTTARAKHAND,ROAD TRANSPORT AND HIGHWAYS,no_doc,2018-05,248.0,,,,2020-05,2023-12,2023-12,,,,CONSTRUCTION OF KM 41+260 (EXISTING
N24001002,MoRTH,MAHARASHTRA,ROAD TRANSPORT AND HIGHWAYS,no_doc,2016-02,545.64,,,,2019-07,,2023-12,,,,151 SARSAM TO KOTHARI
N24001003,MoRTH,MAHARASHTRA,ROAD TRANSPORT AND HIGHWAYS,no_doc,2017-01,313.95,,,,2019-06,,2023-12,,,,152 AKOLA TO AKOT
N24001013,MoRTH,MAHARASHTRA,ROAD TRANSPORT AND HIGHWAYS,no_doc,2017-01,391.06,391.0,,,2019-06,,2023-12,,,,153 DIGRAS DARWAH KARANJA
N24001017,MoRTH,MAHARASHTRA,ROAD TRANSPORT AND HIGHWAYS,no_doc,2017-01,228.89,229.0,,,2019-06,,2023-12,,,,154 DAHEGAON TO KUHI
N24001021,MoRTH,MAHARASHTRA,ROAD TRANSPORT AND HIGHWAYS,no_doc,2017-01,396.91,397.0,,,2019-06,,2023-12,,,,155 AMDI TO SAONER
N24001022,MoRTH,MAHARASHTRA,ROAD TRANSPORT AND HIGHWAYS,no_doc,2017-01,363.82,364.0,,,2019-09,,2023-12,,,,156 WADI TO ASOLA
N24001029,MoRTH,MAHARASHTRA,ROAD TRANSPORT AND HIGHWAYS,no_doc,2017-01,422.38,,,,2019-08,,2023-12,,,,157 AHMADPUR TO PIMPLA
N24001030,MoRTH,MAHARASHTRA,ROAD TRANSPORT AND HIGHWAYS,no_doc,2017-01,595.77,,,,2019-08,,2023-12,,,,158 PIMPLA TO MANJARSUMBHA
N24001039,MoRTH,MAHARASHTRA,ROAD TRANSPORT AND HIGHWAYS,no_doc,2017-01,356.66,,,,,,2023-12,,,,159 JINTUR TO PARBHANI
N24001041,MoRTH,MAHARASHTRA,ROAD TRANSPORT AND HIGHWAYS,no_doc,2017-01,211.34,,,,2019-07,,2023-12,,,,SHIROD SHAHPURER
N24001042,MoRTH,MAHARASHTRA,ROAD TRANSPORT AND HIGHWAYS,no_doc,2018-01,415.25,415.25,,,2019-12,,2023-12,,,,161 SALAIKHURD TO TIRORA
N24001043,MoRTH,MAHARASHTRA,ROAD TRANSPORT AND HIGHWAYS,no_doc,2018-01,420.63,421.0,,,2020-05,,2023-12,,,,162 NILAJPHATA TO BHANDARA
N24001050,MoRTH,MAHARASHTRA,ROAD TRANSPORT AND HIGHWAYS,no_doc,2018-03,304.58,305.0,,,2019-12,,2023-12,,,,163 VITA TO NAGAJ
N24001060,MoRTH,MAHARASHTRA,ROAD TRANSPORT AND HIGHWAYS,no_doc,2018-03,227.19,227.0,,,2019-12,,2023-12,,,,164 PALPHATA TO PHULAMBARI
N24001075,MoRTH,MAHARASHTRA,ROAD TRANSPORT AND HIGHWAYS,no_doc,2017-09,344.25,344.0,,,2020-08,,2023-12,,,,165 OSMANNAGAR TO KUNDRAL
N24001078,MoRTH,MAHARASHTRA,ROAD TRANSPORT AND HIGHWAYS,no_doc,2018-03,228.31,,,,2019-12,,2023-12,,,,166 PUNE TO MALE VILLAGE
N24001079,MoRTH,MAHARASHTRA,ROAD TRANSPORT AND HIGHWAYS,no_doc,2017-12,426.06,426.0,,,2020-06,,2023-12,,,,ARDHAPUR TO HIMAYATNAGAR
N24001081,MoRTH,MAHARASHTRA,ROAD TRANSPORT AND HIGHWAYS,no_doc,2018-03,294.87,295.0,,,2019-12,,2023-12,,,,HIMAYATNAGAR TO
N24001082,MoRTH,MAHARASHTRA,ROAD TRANSPORT AND HIGHWAYS,no_doc,2018-03,223.46,,,,2019-12,,2023-12,,,,PUNE RAIGARH DISTRICT
N24001090,MoRTH,MAHARASHTRA,ROAD TRANSPORT AND HIGHWAYS,no_doc,2017-01,509.18,,,,2019-07,,2023-12,,,,170 KOLDE TO KHETIYA
N24001092,MoRTH,MAHARASHTRA,ROAD TRANSPORT AND HIGHWAYS,no_doc,2017-01,653.46,,,,2019-07,,2023-12,,,,171 SATARA TO MHASWAD
N24001099,MoRTH,MAHARASHTRA,ROAD TRANSPORT AND HIGHWAYS,no_doc,2017-01,488.6,,,,2019-07,,2023-12,,,,172 MHASWAD TO TEMBHURNI
N24001102,MoRTH,MAHARASHTRA,ROAD TRANSPORT AND HIGHWAYS,no_doc,2017-07,218.38,,,,2019-07,,2023-12,,,,173 PANDHARPUR TO SANGOLA
N24001113,MoRTH,MAHARASHTRA,ROAD TRANSPORT AND HIGHWAYS,no_doc,2016-07,289.11,290.0,,,2018-09,,2023-12,,,,174 BARASGAON TO RAHATEE
N24001123,MoRTH,MAHARASHTRA,ROAD TRANSPORT AND HIGHWAYS,no_doc,2017-02,381.77,,,,2019-06,,2023-12,,,,175 SHIRUR TO KHARDA
N24001124,MoRTH,MAHARASHTRA,ROAD TRANSPORT AND HIGHWAYS,no_doc,2017-02,456.32,541.93,,,2019-06,,2023-12,,,,176 AURANGABAD TO SILLOD
N24001125,MoRTH,MAHARASHTRA,ROAD TRANSPORT AND HIGHWAYS,no_doc,2017-02,337.46,432.98,,,2019-06,,2023-12,,,,177 SILLOD TO FARDAPUR
N24001132,MoRTH,MAHARASHTRA,ROAD TRANSPORT AND HIGHWAYS,no_doc,2017-09,743.21,743.0,,,2021-06,,2023-12,,,,BHOGAN KHURD TO
N24001150,MoRTH,MAHARASHTRA,ROAD TRANSPORT AND HIGHWAYS,no_doc,2018-02,313.58,,,,2020-04,,2023-12,,,,179 WARDHA TO ARVI
N24001168,MoRTH,KARNATAKA,ROAD TRANSPORT AND HIGHWAYS,no_doc,2018-05,171.6,,,,2018-05,,2023-12,,,,ESTIMATE FOR WIDENING KM.129.00 TO
N24001889,MoRTH,MAHARASHTRA,ROAD TRANSPORT AND HIGHWAYS,no_doc,2019-09,277.81,,,,2021-07,,2023-12,,,,LANE + PS PIMPLNER TO ] OF
N24001894,MoRTH,MAHARASHTRA,ROAD TRANSPORT AND HIGHWAYS,no_doc,2019-09,228.82,,,,2021-07,,2023-12,,,,LANE + PS ASTHAMODE 62.00] [KM 134.98-172.95
N24001895,MoRTH,MAHARASHTRA,ROAD TRANSPORT AND HIGHWAYS,no_doc,2021-11,228.01,,,,2023-09,,2023-12,,,,REHABILATION AND SHOULDER CONFIGURATION
N24001905,MoRTH,MAHARASHTRA,ROAD TRANSPORT AND HIGHWAYS,no_doc,2021-10,188.69,,,,2023-08,,2023-12,,,,CONSTRUCTION OF NEAR YESGI VILLAGE
N24001911,MoRTH,MAHARASHTRA,ROAD TRANSPORT AND HIGHWAYS,no_doc,2018-03,152.03,,,,2024-07,,2023-12,,,,PANGAON TO DHARMAPURI
N24000986,MoRTH,TELANGANA,ROAD TRANSPORT AND HIGHWAYS,no_doc,2017-01,300.0,,,,2019-05,2021-07,2024-01,,,,WIDENING TO TWO TO OF
N24000990,MoRTH,TELANGANA,ROAD TRANSPORT AND HIGHWAYS,no_doc,2018-02,294.13,,,,2019-11,2022-03,2024-01,,,,REHABILITATION AND KM.113.900 TO
N24001106,MoRTH,MAHARASHTRA,ROAD TRANSPORT AND HIGHWAYS,no_doc,2018-03,301.39,302.0,,,2018-03,,2024-01,,,,188 PEN TO KHOPOLI
N24000983,MoRTH,TELANGANA,ROAD TRANSPORT AND HIGHWAYS,no_doc,2017-01,196.52,,,,2019-10,2019-10,2024-02,,,,WIDENING TO TWO 0/970 TO KM 40/410
N24001127,MoRTH,MAHARASHTRA,ROAD TRANSPORT AND HIGHWAYS,no_doc,2017-02,406.51,,,,2019-06,,2024-02,,,,KUMBHARI PHTA TO
N24001463,MoRTH,UTTAR PRADESH,ROAD TRANSPORT AND HIGHWAYS,no_doc,2020-04,294.84,309.99,,,2024-07,,2024-02,,,,ALLAHGANJ TO MIRANPUR KM.52.770 TO 114.00
N24001027,MoRTH,MAHARASHTRA,ROAD TRANSPORT AND HIGHWAYS,no_doc,2018-01,150.79,,,,2019-12,,2024-03,,,,SHAHPUR PATGAON
N24001058,MoRTH,MAHARASHTRA,ROAD TRANSPORT AND HIGHWAYS,no_doc,2018-03,276.95,277.0,,,2019-12,,2024-03,,,,193 KARWANDI TO RAJURI
N24001061,MoRTH,MAHARASHTRA,ROAD TRANSPORT AND HIGHWAYS,no_doc,2018-03,189.46,189.0,,,2019-12,,2024-03,,,,194 CHIKALI TO DHAD
N24001062,MoRTH,MAHARASHTRA,ROAD TRANSPORT AND HIGHWAYS,no_doc,2018-03,336.21,336.0,,,2019-12,,2024-03,,,,DHAD BHOKARDAN
N24001112,MoRTH,MAHARASHTRA,ROAD TRANSPORT AND HIGHWAYS,no_doc,2016-07,406.54,407.0,,,2019-09,,2024-03,,,,196 NASRATPUR TO BARASGAON
N24001114,MoRTH,MAHARASHTRA,ROAD TRANSPORT AND HIGHWAYS,no_doc,2017-01,1202.52,1656.94,,,2019-12,,2024-03,,,,197 INDAPUR TO VADPALE
N24001122,MoRTH,MAHARASHTRA,ROAD TRANSPORT AND HIGHWAYS,no_doc,2017-03,341.8,,,,2019-06,,2024-03,,,,198 PAITHAN TO SHIRUR
N24001166,MoRTH,KARNATAKA,ROAD TRANSPORT AND HIGHWAYS,no_doc,2015-03,159.12,,,,2016-01,,2024-03,,,,WIDENING TWO LANE KM.56.00 TO
N24001372,MoRTH,ARUNACHAL PRADESH,ROAD TRANSPORT AND HIGHWAYS,no_doc,2021-02,588.09,,,,2024-03,2024-12,2024-03,,,,BALANCE WORK 2-LANING ROAD (NH-215) ON
N24001457,MoRTH,UTTAR PRADESH,ROAD TRANSPORT AND HIGHWAYS,no_doc,2020-04,172.5,169.56,,,2024-07,,2024-03,,,,REHABILITATION AND MIRANPUR KATRA
N24001891,MoRTH,MAHARASHTRA,ROAD TRANSPORT AND HIGHWAYS,no_doc,2021-07,256.54,,,,2023-11,,2024-03,,,,BALANCE WORK OF 166F FROM MAHAD
N24001906,MoRTH,MAHARASHTRA,ROAD TRANSPORT AND HIGHWAYS,no_doc,2022-08,185.59,,,,2024-03,,2024-03,,,,UP-GRADATION TO MALIWADA [FROM
N24001907,MoRTH,MAHARASHTRA,ROAD TRANSPORT AND HIGHWAYS,no_doc,2021-06,169.15,,,,2024-02,,2024-03,,,,"CONSTRUCTION OF KM, 3/880 OF NH 548-DD"
N24001949,MoRTH,ANDHRA PRADESH,ROAD TRANSPORT AND HIGHWAYS,no_doc,2021-12,277.3,,,,2024-03,,2024-03,,,,NH167B FROM KM TO 2LPS
N24000334,MoRTH,KARNATAKA,ROAD TRANSPORT AND HIGHWAYS,no_doc,2015-03,165.67,,,,2015-11,,2024-04,,,,STRENGTHENING SHOULDERS FROM
N24001883,MoRTH,MAHARASHTRA,ROAD TRANSPORT AND HIGHWAYS,no_doc,2021-03,478.83,,,,2024-03,,2024-04,,,,CONSTRUCTION OF TO NAGPUR UNIVERSITY
N24001896,MoRTH,MAHARASHTRA,ROAD TRANSPORT AND HIGHWAYS,no_doc,2021-11,224.44,,,,2023-09,,2024-04,,,,UPGRADATIOBN AND FROM PARLI (00/000)
N24001938,MoRTH,KARNATAKA,ROAD TRANSPORT AND HIGHWAYS,no_doc,2021-06,298.0,,,,2024-06,,2024-04,,,,CONSTRUCTION OF ON FROM
N24001945,MoRTH,KARNATAKA,ROAD TRANSPORT AND HIGHWAYS,no_doc,2022-08,170.34,,,,2024-02,,2024-04,,,,WIDENING TO LANE TO 149.070(DESIGN
N24000332,MoRTH,MAHARASHTRA,ROAD TRANSPORT AND HIGHWAYS,no_doc,2015-01,225.81,,,,,,2023-12,,,,REHABILITATION AND BYPASS TO KHARWANDI
N24000585,MoRTH,MAHARASHTRA,ROAD TRANSPORT AND HIGHWAYS,no_doc,2016-03,1101.58,,,,,,2024-03,,,,4-LANNING OF NH17 281/300 UNDER HYBRID
N24000782,MoRTH,UTTARAKHAND,ROAD TRANSPORT AND HIGHWAYS,no_doc,2018-03,460.73,,,,,,,,,,REHABILITATION AND SHOULDER FROM
N24000821,NHIDCL,ANDAMAN AND NICOBAR ISLANDS,ROAD TRANSPORT AND HIGHWAYS,no_doc,2017-11,257.34,,,,2019-11,,2019-11,,,,RECONSTRUCTION EXISTING LANE/INTERMEDIATE
N24000583,NHIDCL,ASSAM,ROAD TRANSPORT AND HIGHWAYS,no_doc,2016-01,252.0,,,,2021-12,,2021-12,,,,LANING OF NH TO BOGIBEEL JUNCTION
N24000744,NHIDCL,ANDAMAN AND NICOBAR ISLANDS,ROAD TRANSPORT AND HIGHWAYS,no_doc,2015-03,262.97,,,,2022-01,,2022-01,,,,CONSTRUCTION OF BETWEEN KM.
N24001251,NHIDCL,SIKKIM,ROAD TRANSPORT AND HIGHWAYS,no_doc,2019-03,402.94,,,,2022-04,,2022-04,,,,CONSTUCTION/UPGRADATION WITH PAVED SHOULDER
N24001913,NHIDCL,SIKKIM,ROAD TRANSPORT AND HIGHWAYS,no_doc,2017-03,165.56,,,,2022-06,,2022-06,,,,SPECIAL PROTECTION RESTORATION OF TO
N24001389,NHIDCL,NAGALAND,ROAD TRANSPORT AND HIGHWAYS,no_doc,2020-03,206.53,,,,2022-06,2022-09,2022-09,,,,CHANGTONGYA TO
N24001398,NHIDCL,MANIPUR,ROAD TRANSPORT AND HIGHWAYS,no_doc,2021-07,204.58,,,,2023-03,,2023-03,,,,220 MARIAM PEREN (PKG 2A)
N24001407,NHIDCL,NAGALAND,ROAD TRANSPORT AND HIGHWAYS,no_doc,2021-02,207.33,,,,2023-03,,2023-03,,,,221 PEREN-DIMAPUR PKG-5
N24001261,NHIDCL,SIKKIM,ROAD TRANSPORT AND HIGHWAYS,no_doc,2020-08,311.0,,,,2023-04,,2023-04,,,,CONSTRUCTION AND LANE WITH PAVED
N24000979,NHIDCL,ARUNACHAL PRADESH,ROAD TRANSPORT AND HIGHWAYS,no_doc,2017-01,256.66,,,,2023-05,2023-05,2023-05,,,,TWO-LANING OF HAYULIANG– BASIS FROM DESIGN
N24001333,NHIDCL,ASSAM,ROAD TRANSPORT AND HIGHWAYS,no_doc,2019-09,761.54,820.56,,,2023-05,,2023-05,,,,TWO- LANE WITH MOREH SECTION
N24001286,NHIDCL,NAGALAND,ROAD TRANSPORT AND HIGHWAYS,no_doc,2020-03,278.95,,,,2022-06,2022-10,2023-06,,,,2-LANING OF CHANGTONGYA (PKG-I)
N24001392,NHIDCL,ARUNACHAL PRADESH,ROAD TRANSPORT AND HIGHWAYS,no_doc,2020-08,199.03,,,,2022-04,2023-07,2023-07,,,,JORAM – KOLORIANG 122.60 (PKG-6)
N24000944,NHIDCL,ARUNACHAL PRADESH,ROAD TRANSPORT AND HIGHWAYS,no_doc,2016-12,200.44,200.44,,,2020-01,2023-01,2023-09,,,,CONSTRUCTION OF EPC BASIS FROM
N24001280,NHIDCL,NAGALAND,ROAD TRANSPORT AND HIGHWAYS,no_doc,2020-03,320.97,,,,2022-06,2023-03,2023-09,,,,LANING OF KOHIMA
N24001318,NHIDCL,TRIPURA,ROAD TRANSPORT AND HIGHWAYS,no_doc,2020-09,173.17,,,,2022-04,2022-10,2023-10,,,,2-LANING OF KHOWAI TO KM
N24000685,NHIDCL,ARUNACHAL PRADESH,ROAD TRANSPORT AND HIGHWAYS,no_doc,2017-02,167.28,,,,2022-04,2023-11,2023-11,,,,CONSTRUCTION OF JORAM KOLORIANG
N24000686,NHIDCL,NAGALAND,ROAD TRANSPORT AND HIGHWAYS,no_doc,2016-03,373.07,489.01,,,2019-09,2022-11,2023-12,,,,FOUR LANING OF TO KM
N24000763,NHIDCL,NAGALAND,ROAD TRANSPORT AND HIGHWAYS,no_doc,2018-03,215.79,,,,2021-12,2022-08,2023-12,,,,CONSTRUCTION OF MERANGKONG-TAMLU-MON
N24000767,NHIDCL,SIKKIM,ROAD TRANSPORT AND HIGHWAYS,no_doc,2017-03,375.8,,,,2022-04,2022-05,2023-12,,,,CONSTRUCTION OF GEOMETRIC IMPROVEMENT
N24000903,NHIDCL,MEGHALAYA,ROAD TRANSPORT AND HIGHWAYS,no_doc,2019-03,306.28,,,,2022-03,2023-12,2023-12,,,,IMPROVEMENT/WIDENING SHOULDERS FROM FROM
N24001008,NHIDCL,Andaman and Nicobar Islands,ROAD TRANSPORT AND HIGHWAYS,no_doc,2017-02,401.0,401.0,,,2019-07,,2023-12,,,,235 AJANTHA TO BULDHANA
N24001254,NHIDCL,SIKKIM,ROAD TRANSPORT AND HIGHWAYS,no_doc,2020-03,242.97,,,,2022-06,,2024-01,,,,CONSTUCTION/UPGRADATION WITH PAVED SHOULDER
N24001283,NHIDCL,MIZORAM,ROAD TRANSPORT AND HIGHWAYS,no_doc,2020-03,281.78,253.41,,,2022-07,2024-01,2024-01,,,,CONSTRUCTION OF SELLING-DULTE SECTION
N24001357,NHIDCL,MIZORAM,ROAD TRANSPORT AND HIGHWAYS,no_doc,2021-03,674.71,674.71,,,2023-06,2024-01,2024-01,,,,DULTE- KWALKULH
N24000745,NHIDCL,ANDAMAN AND NICOBAR ISLANDS,ROAD TRANSPORT AND HIGHWAYS,no_doc,2017-03,409.85,,,,2019-12,2023-03,2024-02,,,,LANE WITH HARD GRADATION OF SECTION
N24001316,NHIDCL,ARUNACHAL PRADESH,ROAD TRANSPORT AND HIGHWAYS,no_doc,2021-02,445.96,,,,2023-04,2025-01,2024-02,,,,240 LADDA BASAI
N24000305,NHIDCL,ASSAM,ROAD TRANSPORT AND HIGHWAYS,no_doc,2015-05,454.89,814.56,,,2018-05,,2024-03,,,,FOUR LANING OF TO KM.
N24000741,NHIDCL,UTTARAKHAND,ROAD TRANSPORT AND HIGHWAYS,no_doc,2018-03,274.31,,,,2020-11,2022-12,2024-03,,,,CONSTRUCTION AND LANE WITH PAVED
N24000749,NHIDCL,ANDAMAN AND NICOBAR ISLANDS,ROAD TRANSPORT AND HIGHWAYS,no_doc,2018-03,234.27,,,,2020-09,2022-11,2024-03,,,,REHABILITATION AND TO KM
N24000765,NHIDCL,NAGALAND,ROAD TRANSPORT AND HIGHWAYS,no_doc,2018-03,323.98,,,,2018-09,2023-06,2024-03,,,,CONSTRUCTION OF MERANGKONG-TAMLU-MON
N24000859,NHIDCL,MIZORAM,ROAD TRANSPORT AND HIGHWAYS,no_doc,2017-04,642.96,988.23,,,2023-06,2024-03,2024-03,,,,WIDENING AND UP-GRADATION SHOULDER CONFIGURATION FRO
N24001245,NHIDCL,ARUNACHAL PRADESH,ROAD TRANSPORT AND HIGHWAYS,no_doc,2020-09,353.9,,,,2022-05,2022-10,2024-03,,,,CONSTRUCTION OF DEMWE-BRAHMAKUND
N24001351,NHIDCL,MANIPUR,ROAD TRANSPORT AND HIGHWAYS,no_doc,2021-02,232.26,,,,2022-12,,2024-03,,,,247 MARIAM PEREN PKG-2B
N24001355,NHIDCL,MIZORAM,ROAD TRANSPORT AND HIGHWAYS,no_doc,2021-03,374.39,374.39,,,2022-12,2024-03,2024-03,,,,DULTE- KWALKULH
N24001438,NHIDCL,NAGALAND,ROAD TRANSPORT AND HIGHWAYS,no_doc,2021-07,161.73,,,,2023-12,,2024-03,,,,MERANGKONG-TAMLU-MON
N24000902,NHIDCL,ASSAM,ROAD TRANSPORT AND HIGHWAYS,no_doc,2017-10,818.0,887.68,,,2020-06,2023-12,2024-04,,,,FOUR LANING OF (EXT) FROM KM
N24001356,NHIDCL,MIZORAM,ROAD TRANSPORT AND HIGHWAYS,no_doc,2021-03,233.25,233.25,,,2022-12,2024-04,2024-04,,,,DULTE- KWALKULH
N24000827,NHAI,TAMIL NADU,ROAD TRANSPORT AND HIGHWAYS,no_doc,2018-03,628.71,,,,2020-11,2023-04,2023-04,,,,FOUR LANING OF FROM MADURAI (KM
N24001378,NHAI,MAHARASHTRA,ROAD TRANSPORT AND HIGHWAYS,no_doc,2019-02,362.46,372.46,,,2022-01,2023-06,2023-06,,,,WAKHARI TO KHUDUS MAHARAJ PALKHI
N24001566,NHAI,RAJASTHAN,ROAD TRANSPORT AND HIGHWAYS,no_doc,2019-11,1640.1,,,,2023-05,2024-06,2023-06,,,,DELHI-VADODARA (CH. TO CH.
N24001501,NHAI,MAHARASHTRA,ROAD TRANSPORT AND HIGHWAYS,no_doc,2021-09,531.86,532.41,,,2023-09,2023-07,2023-07,,,,PATAS-VASUNDE
N24000463,NHAI,WEST BENGAL,ROAD TRANSPORT AND HIGHWAYS,no_doc,2015-12,1083.0,1414.01,,,2018-06,2024-05,2023-08,,,,LANING OF NH-31D 0.00 TO KM . 83.785)
N24001377,NHAI,MAHARASHTRA,ROAD TRANSPORT AND HIGHWAYS,no_doc,2019-02,731.89,731.99,,,2022-01,2023-08,2023-08,,,,MOHOL TO WAKHARI PALKHI MARG SECTION
N24001379,NHAI,MAHARASHTRA,ROAD TRANSPORT AND HIGHWAYS,no_doc,2019-02,594.75,594.75,,,2022-01,2023-08,2023-08,,,,KHUDUS TO DHARAMPURI MAHARAJ PALKHI
N24001604,NHAI,Tamil Nadu,ROAD TRANSPORT AND HIGHWAYS,no_doc,2019-02,166.9,,,,2021-03,,2023-10,,,,"REMAINING WORK NH-210, INCLUDING TRICHY BYPASS"
N24001768,NHAI,MADHYA PRADESH,ROAD TRANSPORT AND HIGHWAYS,no_doc,2019-08,323.51,,,,2023-04,,2023-11,,,,BALANCE WORK OF KM TO KM
N24001603,NHAI,TAMIL NADU,ROAD TRANSPORT AND HIGHWAYS,no_doc,2019-01,1518.53,,,,2022-10,2023-12,2023-12,,,,4-LANING OF ODDANCHATRAM NH-209 (NEW NH-83)
N24000826,NHAI,TAMIL NADU,ROAD TRANSPORT AND HIGHWAYS,no_doc,2018-03,505.35,,,,2022-10,2024-01,2024-01,,,,FOUR LANINIG OF FROM CHETTIKULUM
N24001572,NHAI,RAJASTHAN,ROAD TRANSPORT AND HIGHWAYS,no_doc,2019-11,952.57,,,,2023-01,2024-01,2024-01,,,,DELHI-VADODARA (CH. TO CH.452.420)
N24001715,NHAI,BIHAR,ROAD TRANSPORT AND HIGHWAYS,no_doc,2018-12,333.6,466.59,,,2020-10,,2024-01,,,,BALANCE WORK OF PIPRAKOTHI–MOTIHARI-
N24000567,NHAI,GUJARAT,ROAD TRANSPORT AND HIGHWAYS,no_doc,2016-05,998.18,,,,2019-08,,2024-02,,,,FOUR LANING OF KM. TO KM.
N24000704,NHAI,KERALA,ROAD TRANSPORT AND HIGHWAYS,no_doc,2017-09,1124.11,1567.73,,,2020-05,2023-11,2024-02,,,,4-LANNING OF THALSERRY
N24001645,NHAI,PUNJAB,ROAD TRANSPORT AND HIGHWAYS,no_doc,2020-12,366.85,366.85,,,2023-06,2024-02,2024-02,,,,4L OF MALOUT-MANDI KM TO MANDI
N24000835,NHAI,HARYANA,ROAD TRANSPORT AND HIGHWAYS,no_doc,2018-03,1484.3,,,,2020-12,2024-12,2024-03,,,,CONSTRUCTION OF PACKAGE IV FROM
N24001780,NHAI,HARYANA,ROAD TRANSPORT AND HIGHWAYS,no_doc,2018-01,2228.0,,,,2020-11,2024-12,2024-03,,,,DWARKA EXPRESSWAY ROB GURUGRAM)
N24001420,NHAI,PUNJAB,ROAD TRANSPORT AND HIGHWAYS,no_doc,2021-02,853.66,,,,2024-04,,2024-04,,,,DELHI-AMRITSAR-KATRA JUNCTION WITH AMRITSAR-MEHTA-SRIHARGOBINDPUR-
N24001534,NHAI,HARYANA,ROAD TRANSPORT AND HIGHWAYS,no_doc,2020-12,1334.04,,,,2024-01,2024-04,2024-04,,,,CONSTRUCTION OF KATRA EXPRESSWAY
N24001672,NHAI,HARYANA,ROAD TRANSPORT AND HIGHWAYS,no_doc,2021-01,864.27,864.0,,,2024-01,2024-04,2024-04,,,,SIX LANNING OF MANDI CHAUTALA ROAD
N24001701,NHAI,BIHAR,ROAD TRANSPORT AND HIGHWAYS,no_doc,2022-04,1769.5,,,,2024-04,,2024-04,,,,FOUR LANING OF FROM START OF EXISTING
N24001737,NHAI,UTTAR PRADESH,ROAD TRANSPORT AND HIGHWAYS,no_doc,2021-11,923.15,,,,2024-04,,2024-04,,,,4LPS OF MUZAFFARNAGAR PKG-III
N24001746,NHAI,UTTAR PRADESH,ROAD TRANSPORT AND HIGHWAYS,no_doc,2021-03,364.47,,,,2024-04,,2024-04,,,,2-LANE EXISTING DEVELOPED TO 4-LANE
N24001767,NHAI,MADHYA PRADESH,ROAD TRANSPORT AND HIGHWAYS,no_doc,2021-01,1001.69,,,,2024-04,,2024-04,,,,4L OF INDORE BOREGAON FROM KM. TO
N28000084,CMRL,Tamil Nadu,URBAN DEVELOPMENT,no_doc,2009-02,14600.0,,,,2015-12,,2015-12,,,,277 CHENNAI METRO RAIL LTD (PHASE 1)
N28000097,CMRL,TAMIL NADU,URBAN DEVELOPMENT,no_doc,2016-06,3770.0,,,,2018-03,,2021-02,,,,CHENNAI METRO
N28000056,DMRC,DELHI,URBAN DEVELOPMENT,no_doc,2011-09,38585.0,,,,2016-03,2021-08,2021-08,,,,279 DELHI MRTS PHASE-III
N28000136,DMRC,DELHI,URBAN DEVELOPMENT,no_doc,2017-05,565.0,,,,2020-12,2022-11,2022-11,,,,DELHI METRO RAIL BUS STAND
N28000081,KMRCL,KERALA,URBAN DEVELOPMENT,no_doc,2012-07,5181.79,,,,2017-07,2020-09,2020-09,,,,281 KOCHI METRO RAIL PROJECT
N28000086,MMRCL,MAHARASHTRA,URBAN DEVELOPMENT,no_doc,2013-07,23136.0,,,,2020-03,,2023-12,,,,MUMBAI METRO LINE
N30000001,BPB,MAHARASHTRA,WATER RESOURCES,no_doc,2017-03,233.57,,,,2019-12,2024-03,2023-12,,,,PROTECTION OF RIVER BRAHMAPUTRA
N30000037,BUIDCO,BIHAR,WATER RESOURCES,no_doc,2014-12,225.77,,,,2020-03,,2020-06,,,,SEWERAGE SYSTEM
N30000043,BUIDCO,BIHAR,WATER RESOURCES,no_doc,2017-05,191.62,,,,2020-11,2017-05,2020-11,,,,SEWERAGE TREATMENT
N30000039,BUIDCO,BIHAR,WATER RESOURCES,no_doc,2015-04,268.63,,,,2021-01,,2021-01,,,,286 SAIDPUR SEWER NETWORK PATNA
N30000040,BUIDCO,BIHAR,WATER RESOURCES,no_doc,2017-05,356.37,364.0,,,2021-04,2017-05,2021-04,,,,SEWERAGE SCHEME
N30000044,BUIDCO,BIHAR,WATER RESOURCES,no_doc,2017-03,277.42,253.98,,,2021-05,2017-03,2021-05,,,,SEWERAGE SYSTEM KARMALICHAK
N30000028,BUIDCO,BIHAR,WATER RESOURCES,no_doc,2018-11,236.15,,,,2020-12,,2023-08,,,,289 I AND D AND STP AT CHAPPRA
N30000035,BUIDCO,BIHAR,WATER RESOURCES,no_doc,2018-03,305.19,,,,2021-08,2018-03,2023-08,,,,SEWER NETWORKS
N30000026,BUIDCO,BIHAR,WATER RESOURCES,no_doc,2018-03,230.06,,,,2021-07,2019-12,2023-12,,,,SEWER NETWORK
N30000036,BUIDCO,BIHAR,WATER RESOURCES,no_doc,2018-03,294.02,350.79,,,2021-10,2018-03,2023-12,,,,"SEWER NETWORKS,"
N30000027,BUIDCO,BIHAR,WATER RESOURCES,no_doc,2017-10,254.13,413.29,,,2020-09,2020-11,2024-03,,,,I AND D AND STP WORKS
N30000050,BUIDCO,BIHAR,WATER RESOURCES,no_doc,2017-08,578.89,453.83,,,2022-06,,2024-03,,,,SEWERAGE SYSTEM
N30000051,BUIDCO,BIHAR,WATER RESOURCES,no_doc,2017-08,824.0,734.09,,,2022-06,,2024-03,,,,SEWERAGE SYSTEM
N30000018,DJB,DELHI,WATER RESOURCES,no_doc,2017-05,344.81,,,,2020-05,,2020-05,,,,NOS PRIORITIZED IN COMMAND AREA
N30000017,DJB,DELHI,WATER RESOURCES,no_doc,2018-12,515.07,,,,2021-01,,2022-03,,,,CONSTRUCTION OF CORONATION PILLAR DELHI
N30000014,DJB,DELHI,WATER RESOURCES,no_doc,2017-03,665.78,,,,2022-12,,2023-09,,,,CONSTRUCTION OF TREATMENT PLANT 10MG/L
N30000015,DJB,DELHI,WATER RESOURCES,no_doc,2016-05,211.79,223.7,,,2021-12,,2023-09,,,,REHABILITATION AND R2
N30000016,DJB,DELHI,WATER RESOURCES,no_doc,2016-05,239.11,314.71,,,2022-02,2023-09,2023-09,,,,REHABILITATION AND MLD PHASE II STP
N30000046,KMDA,WEST BENGAL,WATER RESOURCES,no_doc,2014-02,274.76,,,,2019-12,,2019-12,,,,SEWERAGE SYSTEM
N30000047,KMDA,WEST BENGAL,WATER RESOURCES,no_doc,2014-12,272.32,341.68,,,2020-04,,2020-04,,,,SEWERAGE SYSTEM
N30000049,KMDA,WEST BENGAL,WATER RESOURCES,no_doc,2017-10,164.93,,,,2021-12,2021-02,2023-03,,,,INTERCEPTION AND
N30000045,KMDA,WEST BENGAL,WATER RESOURCES,no_doc,2017-08,185.22,,,,2021-12,2021-02,2023-08,,,,"INTERCEPTION, DIVERSION HOWRAH"
N30000048,KMDA,WEST BENGAL,WATER RESOURCES,no_doc,2018-01,,,,,2021-12,2021-02,2023-11,,,,"INTERCEPTION, DIVERSION BARANAGAR AND KAMARAHATI"
N30000032,KMDA,WEST BENGAL,WATER RESOURCES,no_doc,2018-05,198.43,224.69,,,2022-02,,2024-03,,,,INTERCEPTION AND
N30000033,KMDA,WEST BENGAL,WATER RESOURCES,no_doc,2018-03,165.16,,,,2022-06,,2024-03,,,,INTEGRATION OF EXISTING ASSETS
N30000002,PPA,Andhra Pradesh,WATER RESOURCES,no_doc,2009-02,10151.04,,,,2020-03,,2024-03,,,,308 POLAVARAM IRRIGATION PROJECT
N30000019,UPJalNigam,Uttar Pradesh,WATER RESOURCES,no_doc,2017-12,460.45,,,,2020-12,2018-06,2020-12,,,,309 MATHURA SEWERAGE SCHEME
N30000006,UPJalNigam,UTTAR PRADESH,WATER RESOURCES,no_doc,2017-05,767.59,,,,2021-09,,2021-09,,,,"INTERCEPTION, DIVERSION DISTRICT G PHAPHAMAU"
N30000022,UPJalNigam,UTTAR PRADESH,WATER RESOURCES,no_doc,2019-01,206.05,,,,2021-10,,2023-03,,,,INTERCEPTION AND TREATMENT PLANT
N30000021,UPJalNigam,UTTAR PRADESH,WATER RESOURCES,no_doc,2019-01,231.79,234.03,,,2021-12,2020-01,2023-06,,,,INTERCEPTION AND MUZAFFARNAGAR
N30000010,UPJalNigam,UTTAR PRADESH,WATER RESOURCES,no_doc,2018-03,967.23,708.7,,,2021-09,,2023-09,,,,STP AT PANKHA KANPUR STPS
N30000013,UPJalNigam,UTTAR PRADESH,WATER RESOURCES,no_doc,2019-03,271.39,,,,2021-08,,2024-03,,,,INTERCEPTION AND UTTAR PRADESH
N30000008,UPJalNigam,UTTAR PRADESH,WATER RESOURCES,no_doc,2017-10,213.62,261.12,,,2022-03,2021-02,2024-04,,,,FARRUKHABAD I AND
N30000024,UPJalNigam,UTTAR PRADESH,WATER RESOURCES,no_doc,2019-02,681.78,,,,2022-06,,2024-04,,,,SEWERAGE SCHEME WORKS AT MEERUT
N30000025,UPJalNigam,UTTAR PRADESH,WATER RESOURCES,no_doc,2019-03,298.12,,,,2021-07,2020-05,2024-04,,,,INTERCEPTION AND UTTAR PRADESH
N30000004,UKJalNigam,UTTARAKHAND,WATER RESOURCES,no_doc,2017-03,158.0,,,,2019-11,,2022-02,,,,INTERCEPTION AND
N38000001,CPWD,Madhya Pradesh,WATER RESOURCES,no_doc,2019-02,170.99,,,,2024-03,,2024-03,,,,319 CENTRE FOR DISABILITY SPORTS
N28000067,CPWD EDUCATION,JHARKHAND,WATER RESOURCES,no_doc,2012-09,171.86,,,,2016-03,,2016-03,,,,BOYS HOSTEL(1000 DHANBAD
N42000005,CPWD EDUCATION,ANDHRA PRADESH,WATER RESOURCES,no_doc,2019-02,655.34,,,,2020-06,,2020-06,,,,CONSTRUCTION OF OF TECHNOLOGY
N28000141,CPWD,,WATER RESOURCES,no_doc,2020-03,808.62,,,,2022-07,,2022-07,,,,"C/O PERMANENT CAMPUS DURG CHHATTISGARH, STAGE I PHASE I."
N42000006,CPWD 851.00 10/2022,,WATER RESOURCES,no_doc,2019-07,851.0,851.0,,,2022-03,2022-10,2023-03,,,,"CONSTRUCTION OF OF TECHNOLOGY, DHARWAD (PHASE 1A)"
N28000100,CPWD EDUCATION,BIHAR,WATER RESOURCES,no_doc,2016-02,496.18,496.0,,,2017-06,2024-01,2024-01,,,,CONSTRUCTION OF UNDER PHASE-II FOR
N28000117,CPWD EDUCATION,MAHARASHTRA,WATER RESOURCES,no_doc,2018-01,223.37,275.0,,,2020-07,2023-11,2024-02,,,,CONSTRUCTION OF MUMBAI
N42000008,CPWD EDUCATION,HIMACHAL PRADESH,WATER RESOURCES,no_doc,2018-09,392.51,,,,2022-06,2024-09,2024-04,,,,ESTABLISHMENT OF SIRMAUR
N45000003,CPWD FOR,,WATER RESOURCES,no_doc,2019-05,199.31,,,,2022-01,2023-03,2023-03,,,,CONSTRUCTION OF GROUP CENTRE CRPF CHANDAULI
N12000103,HSCL FOR DONER,MEGHALAYA,DONER,no_doc,2014-04,151.33,,,,2017-09,,2017-09,,,,"CONSTRUCTION OF ARTS AND CULTURE,SHILONG"
N28000118,CPWD R ENERGY,DELHI,RENEWABLE ENERGY,no_doc,2017-10,271.9,366.12,,,2019-11,2022-04,2022-04,,,,CONSTRUCTION OF LODHI ROAD NEW DELHI
N22000180,ECR,BIHAR,RAILWAYS,no_orig_doc,2004-04,372.14,1470.5,2350.0,2383.17,,,2024-06,,,0/0,SAKRI-NIRMALI AND JHANJHARPUR- LAUKAHABAZAR AND SAHARSA- FORBESGANJ (GC)
220100303,ECR,BIHAR,RAILWAYS,no_orig_doc,2003-04,528.65,2087.36,2087.36,2134.42,,,2024-12,,,0/0,HAJIPUR-SUGAULI VIA VAISHALI
N22000476,ECR,BIHAR,RAILWAYS,no_orig_doc,1991-04,329.39,803.09,2722.16,2303.36,,,2024-12,,,0/0,"FATUHA-ISLAMPUR INCL. MM FOR EXTENSION OF NEW LINE FORM BIHARSHARIF-BARBIGHA, DANIYAWAN- BIHARSHARIF,"
N22000177,ECR,BIHAR,RAILWAYS,no_orig_doc,2008-04,1605.17,1605.17,1605.17,1177.49,,,2025-01,,,0/0,ARARIA-SUPAUL (NL)
220100305,ECR,JHARKHAND,RAILWAYS,no_orig_doc,2002-04,459.91,1625.87,1625.87,1631.92,,,2025-03,,,0/0,"KODERMA-TILAIYA (NL), ECR"
N22000329,ECR,BIHAR,RAILWAYS,no_orig_doc,2015-05,380.0,519.33,519.33,479.66,,,2025-03,,,0/0,SAMASTIPUR-DARBANGHA
220100257,ECR,BIHAR,RAILWAYS,no_orig_doc,1997-04,162.87,614.45,614.45,428.0,,,2026-12,,,0/0,KHAGARIA-KUSHESHWAR ASTHAN (ECR)
N22000171,ECR,BIHAR,RAILWAYS,no_orig_doc,1999-04,325.0,735.2,735.2,560.99,,,2027-03,,,0/0,SAKRI-HASANPUR ROAD (NL)
N22000158,NCR,MULTI STATE,RAILWAYS,no_orig_doc,2010-04,2030.5,746.83,746.83,53.74,,,2026-12,,,0(R3) 0/0,DHOLPUR-SIRMUTTRA WITH EXTENSION TO GANGAPURCITY AND MOHARI-TANTPUR AND TANPUR-BANSI PAHARPUR
N22000468,NER,UTTAR PRADESH,RAILWAYS,no_orig_doc,2016-04,602.5,,714.96,747.12,,,2025-07,,,0/0,BURHWAL GONDA 3RD RUNNING
N22000279,SWR,MULTI STATE,RAILWAYS,no_orig_doc,2007-04,2062.3,2495.59,2495.59,1359.89,,,2027-02,,,2/2,RAYADURGA-TUMKUR NL
N22000256,SWR,KARNATAKA,RAILWAYS,no_orig_doc,2011-04,1801.01,,1801.01,270.45,,,2027-12,,,0/0,TUMKUR-CHITRADURGA-DAVENGERE
N22000400,SR,KERALA,RAILWAYS,no_orig_doc,2015-02,1000.0,,1416.49,1.63,,,2025-03,,,0/0,TURAVUR-AMBALAPUZHA DOUBLING
N22000399,SR,KERALA,RAILWAYS,no_orig_doc,2015-02,1431.9,3785.45,3785.45,3027.76,,,2026-12,,,0(R3) 0/0,TRIVANDRUM-KANYAKUMARI DOUBLING
N22000085,SR,TAMIL NADU,RAILWAYS,no_orig_doc,2006-09,582.83,,3631.34,763.7,,,2027-03,,,3(R3) 0/0,TIDIVANAM-NAGARI (NL)
N22000142,WR,GUJARAT,RAILWAYS,no_orig_doc,2011-04,844.1,844.1,844.1,521.36,,,2025-10,,,0(R3) 0/0,MIYAGAM-KARJAN-DABHOI-SAMLAYA
N24001095,MoRTH,MAHARASHTRA,ROAD TRANSPORT AND HIGHWAYS,no_orig_doc,2017-01,388.44,,388.44,240.05,,,2024-06,,,0/0,SATARA MURVAD PILLOV PANDHARPUR
N24000998,MoRTH,TELANGANA,ROAD TRANSPORT AND HIGHWAYS,no_orig_doc,2019-01,193.19,249.72,249.72,222.58,,,2024-08,,,19(R3) 0/0,WIDENING AND STRENGTHENING/ RECONSTRUCTION OF EXISTING PAVEMENT TO FOUR ALNE WITH SHOULDERS FR
N28000105,NBCC,DELHI,URBAN DEVELOPMENT,no_orig_doc,2016-07,2694.0,,2694.0,2303.61,,,2024-06,,,2/9,REDEVELOPMENT OF GPRA COLONY NAUROJI NAGAR
