project_code,project_name,sector,state,agency,approval_date,original_cost,revised_cost,anticipated_cost,expenditure,original_doc,revised_doc,anticipated_doc,physical_progress_pct,schedule_status,report_month
N04000073,"CONSTRUCTION OF NEW INTEGRATED TERMINAL BUILDING AT VSI AIRPORT, PORTBLAIR",CIVIL AVIATION,Andaman And Nicobar Islands,AAI,2013-10,417.23,707.73,707.73,697.52,2018-09,2023-05,2023-06,100.0,ongoing_census,2024-06
N22000584,LUDHIANA KILA RAIPUR (19 KMS) WITH FREIGHT LINE AT GILL STATION ON LDH- JHL SECTION,RAILWAYS,Andaman And Nicobar Islands,NR,2019-03,235.72,,235.72,,2025-03,,2025-03,0.0,ongoing_census,2024-06
N24000744,CONSTRUCTION OF MAJOR BRIDGE OVER MIDDLE STRAIT CREEK BETWEEN KM. 106.590 TO KM. 107.762 OF NH 223 (,ROAD TRANSPORT AND HIGHWAYS,Andaman And Nicobar Islands,N.A.,2015-03,262.97,,262.97,92.73,2022-01,,2026-02,41.55,ongoing_census,2024-06
N24000745,"2 LANE WITH HARD SHOLDER , REHABILITATION AND UP GRADATION OF SECTION FROM KM 242.0 TO KM 298.0 OF N",ROAD TRANSPORT AND HIGHWAYS,Andaman And Nicobar Islands,NHIDCL,2017-03,409.85,,409.85,214.23,2019-12,2023-03,2024-07,89.07,ongoing_census,2024-06
N24000748,REHABILITATION AND UP GRADATION OF SECTION FROM KM 107.760 TO KM 129.445 (AFTER MIDDLE STRAIT TO HUM,ROAD TRANSPORT AND HIGHWAYS,Andaman And Nicobar Islands,N.A.,,391.0,,391.0,170.37,2020-09,2023-01,2025-08,57.55,ongoing_census,2024-06
N24000749,REHABILITATION AND UP GRADATION OF SECTION FROM KM 206.00 TO KM 242.00 (NIMBUTALA TO AUSTIN CREEK) O,ROAD TRANSPORT AND HIGHWAYS,Andaman And Nicobar Islands,NHIDCL,,234.27,,234.27,126.5,2020-09,2022-11,2024-09,76.86,ongoing_census,2024-06
N24000820,Rehabilitation and up gradation to 2 lane with paved shoulder configuration from existing km. 122.00,ROAD TRANSPORT AND HIGHWAYS,Andaman And Nicobar Islands,N.A.,,237.8,,238.0,222.13,2019-11,,2019-11,97.46,ongoing_census,2024-06
N24000821,RECONSTRUCTION WITH GEOMETRIC IMPROVEMENT OF EXISTING 2 LANE/INTERMEDIATE LANE TO 2LANE WITH PAVED S,ROAD TRANSPORT AND HIGHWAYS,Andaman And Nicobar Islands,MoRTH,2017-11,257.34,,238.0,214.9,2019-11,,2019-11,100.0,ongoing_census,2024-06
N24001008,AJANTHA TO BULDHANA,ROAD TRANSPORT AND HIGHWAYS,Andaman And Nicobar Islands,N.A.) (401.00,2017-02,401.0,401.0,401.0,260.08,2019-07,,2023-12,96.76,ongoing_census,2024-06
N04000089,EXT AND STR. OF EXISTING RUNWAY 08/26 AT TIRUPATI AIRPORT,CIVIL AVIATION,Andhra Pradesh,AAI,2017-08,177.1,,177.1,143.08,2020-02,2021-12,2024-01,100.0,ongoing_census,2024-06
N04000091,C/O OF NITB AND ASSOCIATED WORK AT VIJAYAWADA AIRPORT,CIVIL AVIATION,Andhra Pradesh,N.A.,,611.8,,611.8,282.22,2023-03,,2024-12,45.8,ongoing_census,2024-06
N04000103,RAJAHMUNDRY AIRPORT: CONSTRUCTION OF NEW DOMESTIC TERMINAL BUILDING AND MISCELLANEOUS WORKS INCLUD,CIVIL AVIATION,Andhra Pradesh,AAI,2022-12,347.15,,347.15,31.65,2025-08,,2025-08,20.0,ongoing_census,2024-06
N04000106,KADAPPA AIRPORT- CONSTRUCTION OF NEW DOMESTIC TERMINAL BUILDING AND MISCELLANEOUS WORKS INCLUDING MA,CIVIL AVIATION,Andhra Pradesh,N.A.,,265.91,,265.91,5.89,2026-01,,2026-01,3.5,ongoing_census,2024-06
N42000005,CONSTRUCTION OF PERMANENT CAMPUS FOR INDIAN INSTITUTE OF TECHNOLOGY TIRUPATI AT MERLAPAKA VILLAGE YE,DEPARTMENT OF HIGHER EDUCATION,Andhra Pradesh,CPWD EDUCATION,2019-02,655.34,,655.34,366.21,2020-06,,2020-06,95.0,ongoing_census,2024-06
N42000007,"CONSTRUCTION OF PERMANENT CAMPUS FOR IISER AT JANGALAPALLI VILLAGE, YERPEDU MANDAL, CHITTOOR DISTRIC",DEPARTMENT OF HIGHER EDUCATION,Andhra Pradesh,N.A.) (656.39,2019-09,588.72,656.39,656.39,660.86,2022-09,,2024-06,100.0,ongoing_census,2024-06
N16000235,VISAKH REFINERY MODERNISATION PROJECT,PETROLEUM,Andhra Pradesh,HPCL,2016-07,20928.0,26264.0,26264.0,25921.72,2020-07,2022-07,2024-08,98.3,ongoing_census,2024-06
N16000247,KG-DWN-98-2 CLUSTER II DEVELOPMENT PROJECT,PETROLEUM,Andhra Pradesh,ONGC,2016-03,34012.0,,34012.0,29804.09,2020-06,2024-05,2024-05,92.0,ongoing_census,2024-06
N16000343,REVAMPING OF FACILITIES AT VIZAG TERMINAL,PETROLEUM,Andhra Pradesh,IOCL,2018-04,355.0,,355.0,234.89,2022-04,2025-03,2025-03,76.5,ongoing_census,2024-06
N16000378,SWRO II WITH LLPH FACILITIES,PETROLEUM,Andhra Pradesh,N.A.) (196.26,2019-09,196.26,196.26,196.26,147.53,2020-07,,2024-11,86.8,ongoing_census,2024-06
N16000406,RUF PITCH LOADING GANTRY,PETROLEUM,Andhra Pradesh,N.A.) (332.61,2020-10,332.61,332.61,332.61,356.61,2022-11,,2024-04,100.0,ongoing_census,2024-06
N16000420,"CGD PROJECT AT SRIKAKULAM, VISAKHAPATNAM AND VIZIANAGARAM DISTRICTS",PETROLEUM,Andhra Pradesh,IOCL,2019-06,2880.0,,2880.0,236.74,2027-08,2030-03,2030-03,100.0,ongoing_census,2024-06
N16000432,HP CRUDE TO OLEFINS AND AROMATICS TECHNOLOGY DEMO UNIT AT VISAKH REFINERY,PETROLEUM,Andhra Pradesh,HPCL,2021-09,160.0,,160.0,10.07,2024-06,,2025-06,39.0,ongoing_census,2024-06
N16000485,"CGD PROJECT AT KURNOOL, GUNTUR AND PRAKASAM DISTRICTS",PETROLEUM,Andhra Pradesh,IOCL,2022-03,1420.0,,1420.0,96.24,2030-03,,2030-03,4.6,ongoing_census,2024-06
N16000499,MULTI-PRODUCT PIPELINE FROM KRISHNAPATNAM COASTAL INSTALLATION TO THE PROPOSED INSTALLATION AT HYDER,PETROLEUM,Andhra Pradesh,BPCL,2019-09,1932.0,,1932.0,1437.2,2025-03,,2025-10,60.5,ongoing_census,2024-06
N18000380,TRANSMISSION SCHEME FOR SOLAR ENERGY ZONE IN ANANTHPURAM (2500MW) AND KURNOOL (1000MW),POWER,Andhra Pradesh,PGCIL,2023-09,1249.0,,1249.0,73.81,2025-03,,2025-09,5.0,ongoing_census,2024-06
N22000286,NADIKUDE-SRI KALAHASTI,RAILWAYS,Andhra Pradesh,N.A.) (N.A.,2011-04,2288.7,,3122.35,1620.25,2021-03,,2027-05,0.0,ongoing_census,2024-06
N22000368,GUNTUR-GUNTAKAL (SCR),RAILWAYS,Andhra Pradesh,N.A.,2016-04,3631.0,,3887.48,2981.58,2022-03,,2025-12,0.0,ongoing_census,2024-06
N22000369,VIJAYAWADA-GUDUR (RVNL),RAILWAYS,Andhra Pradesh,N.A.) (N.A.,2015-04,3246.26,,6238.67,5614.6,2023-12,,2024-12,84.0,ongoing_census,2024-06
N22000377,KOTTAVALSA - KORAPUT DOUBLING (ECOR),RAILWAYS,Andhra Pradesh,N.A.,2015-04,2499.71,,2499.71,1617.31,2022-03,,2022-03,65.0,ongoing_census,2024-06
N22000555,"PENUKONDA-DHARMAVARAM, EXCL. DHARMAVARAM (41.5 KM)",RAILWAYS,Andhra Pradesh,SWR,2019-04,294.67,307.66,307.66,104.45,2026-03,,2025-02,40.0,ongoing_census,2024-06
N22000556,MALUGUR-PALASAMUDRAM (17.98 KM) (PB#29/NR/2022-23),RAILWAYS,Andhra Pradesh,SWR,2022-09,323.14,342.41,342.41,39.46,2025-12,,2026-12,12.0,ongoing_census,2024-06
N22000585,DOUBLING BETWEEN GOOTY- PENDAKALLU (29.225),RAILWAYS,Andhra Pradesh,N.A.,2023-03,351.83,,351.83,,2027-03,,2027-03,0.0,ongoing_census,2024-06
N22000586,VIJAYAWADA KAZIPET BYEPASS LINE (SCR),RAILWAYS,Andhra Pradesh,N.A.) (N.A.,2016-04,226.72,,226.72,126.06,2025-12,,2025-12,55.0,ongoing_census,2024-06
N22000587,RENIGUNTA WADI GOOTY - BYPASS (SCR),RAILWAYS,Andhra Pradesh,N.A.) (N.A.,2016-04,302.0,,302.0,108.33,2025-12,,2025-12,50.0,ongoing_census,2024-06
220100265,KOTLPALLI-NARASAPUR (NL) (SCR),RAILWAYS,Andhra Pradesh,N.A.) (N.A.,2001-12,1045.2,,2500.98,1150.74,2009-03,,2027-03,0.0,ongoing_census,2024-06
N24000282,REHABILITATION AND UPGRADATION OF EXISTING NH-565 FROM KM.86.057 TO 133.922 OF NAGARJUNASAGAR DAM T,ROAD TRANSPORT AND HIGHWAYS,Andhra Pradesh,N.A.,,195.45,,385.97,294.95,2014-11,,2024-05,96.96,ongoing_census,2024-06
N24000301,REHABILITATION AND UPGRADATION OF NH-219 FROM KM 58-600 TO KM 140-750 IN THE STATE OF ANDHRA PRADES,ROAD TRANSPORT AND HIGHWAYS,Andhra Pradesh,MoRTH,,271.45,,271.45,238.23,2015-10,2021-05,2021-05,100.0,ongoing_census,2024-06
N24000422,REHABILITATION AND UPGRADATION OF NH-42 FROM KM 4-350 TO KM 75-600,ROAD TRANSPORT AND HIGHWAYS,Andhra Pradesh,Aug-17,,309.01,,309.01,,2015-09,2017-08,2018-05,100.0,ongoing_census,2024-06
N24000811,CONSTRUCTION OF SIX LANING OF DEDICATED PORT ROAD TO KRISHNAPATNAM PORT (PACKAGE-I) KM 0+000 TO KM 1,ROAD TRANSPORT AND HIGHWAYS,Andhra Pradesh,NHAI,2018-03,314.43,,348.72,85.61,2020-12,2022-12,2024-12,60.41,ongoing_census,2024-06
N24000928,FOUR LANING OF 5.122 KM OF NH9(NEW NH 65) FROM KM 269.900(DESIGN CH0.0) TO KM 275/622(DESIGN CH 5.12,ROAD TRANSPORT AND HIGHWAYS,Andhra Pradesh,Dec-19,2015-10,333.21,,353.43,342.71,2015-12,2019-12,2021-01,100.0,ongoing_census,2024-06
N24000929,REHABILITATION AND UPGRADATION OF NH219(NEW NH42) FROM KM 244.930 TO 299.775 (MADANAPALLI PUNGANURU,ROAD TRANSPORT AND HIGHWAYS,Andhra Pradesh,MoRTH,,372.68,,309.37,274.76,2017-02,2022-01,2022-02,100.0,ongoing_census,2024-06
N24000931,REHABILITATION AND UPGRADATION OF EXISTING NH-167 FROM KM 14.900 TO KM 70.00 (DESIGN CH.14.900 TO 69,ROAD TRANSPORT AND HIGHWAYS,Andhra Pradesh,MoRTH,,290.15,,236.16,205.02,2017-05,,2024-11,0.0,ongoing_census,2024-06
N24000932,REHABILITATION AND UPGRADATION OF NH-340 FROM KM 0/0 TO KM 60/380 (DESIGN CH. 0/000 TO 60/025 EXCLUD,ROAD TRANSPORT AND HIGHWAYS,Andhra Pradesh,MoRTH,,319.28,,319.28,241.94,2017-08,2022-07,2022-07,100.0,ongoing_census,2024-06
N24000933,CONSTRUCTION OF 4-LANE BYPASS TO VIJAYANAGARAM TOWN ON NH43 (NEW NH26) FROM 537/6 TO 552/0 (RAIPUR-V,ROAD TRANSPORT AND HIGHWAYS,Andhra Pradesh,N.A.,,429.43,,373.05,385.4,2017-11,,2024-12,0.0,ongoing_census,2024-06
N24000934,REHABILITATION AND UPGRADATION OF NH326A FROM KM 0/0 TO 41/979 (EXCLUDING KM 2/255 TO 3/372 AND KM 3,ROAD TRANSPORT AND HIGHWAYS,Andhra Pradesh,MoRTH,,228.32,,202.83,176.26,2018-08,,2024-09,0.0,ongoing_census,2024-06
N24000937,REHABILITATION AND UPGRADATION OF NEW NH-544DD FROM DESIGN CHAINAGE KM 56.00 TO 102.20 OF KALYANDURG,ROAD TRANSPORT AND HIGHWAYS,Andhra Pradesh,MoRTH,,289.67,290.0,285.29,254.19,2018-08,,2024-08,0.0,ongoing_census,2024-06
N24000939,REHABILITATION AND UPGRADATION OF NEW NH-544E FROM KM. 0.000 TO KM 56.803 OF KODIKONDA - MADAKASIRA,ROAD TRANSPORT AND HIGHWAYS,Andhra Pradesh,MoRTH,,504.19,504.0,530.0,516.39,2018-11,,2024-07,0.0,ongoing_census,2024-06
N24000940,REHABILITATION AND UPGRADATION OF KARNATATKA/AP BORDER-GOOTY SECTION FROM KM 368.920 TO KM 424.225 O,ROAD TRANSPORT AND HIGHWAYS,Andhra Pradesh,N.A.) (995.00,,995.09,995.0,995.09,643.54,2016-05,,2016-05,0.0,ongoing_census,2024-06
N24000963,REHABILITATION AND UPGRADATION OF NH565 FROM EXISTING KM 361.330(DORNALA T JUNCTION) TO KM 420.800(P,ROAD TRANSPORT AND HIGHWAYS,Andhra Pradesh,MoRTH,,418.03,386.99,386.99,365.55,2018-08,2021-12,2021-12,100.0,ongoing_census,2024-06
N24000964,CONSTRUCTION OF TIMMAPURAM TO GURJANAPALLE SECTION FROM KM 26.150 TO 41.161 OF NH- 214(NH216)(KAKINAD,ROAD TRANSPORT AND HIGHWAYS,Andhra Pradesh,MoRTH,2016-08,350.61,,411.18,457.55,2017-01,,2025-05,0.0,ongoing_census,2024-06
N24000965,REHABILITATION AND UPGRADATION OF DHINDI-DIGAMARRU SECTION FROM KM126/510 TO KM135/740 OF NH214(NH21,ROAD TRANSPORT AND HIGHWAYS,Andhra Pradesh,MoRTH,,386.09,,288.76,266.29,2016-05,,2024-07,0.0,ongoing_census,2024-06
N24000966,REHABILITATION UPGRADATION OF NH214(NH216) FROM KM41.161 TO KM59.800(GURJANAPALLI TO POLEKURU SECT,ROAD TRANSPORT AND HIGHWAYS,Andhra Pradesh,MoRTH,2016-01,348.95,,355.69,317.36,2016-08,,2016-08,98.74,ongoing_census,2024-06
N24000967,REHABILITATION AND UPGRADATION OF LOSARI-MACHAVARAM SECTION FROM KM34/230 TO KM84/550 OF NH214(NH216,ROAD TRANSPORT AND HIGHWAYS,Andhra Pradesh,MoRTH,,444.84,,459.37,423.36,2016-09,,2025-03,0.0,ongoing_census,2024-06
N24000968,REHABILITATION AND UPGRADATION OF MACHILIPATNAM TO AVANIGADDA SECTION FROM KM84/550 - 124/200 OF NH2,ROAD TRANSPORT AND HIGHWAYS,Andhra Pradesh,MoRTH,,376.25,,414.44,405.97,2017-08,,2017-08,98.0,ongoing_census,2024-06
N24000969,CONSTRUCTION OF 2L+PS FROM PASARLAPUDI-DHINDI (105/700 TO 127.500 OF NH-214) OF NH-216,ROAD TRANSPORT AND HIGHWAYS,Andhra Pradesh,MoRTH,2017-01,263.45,,263.45,232.21,2017-09,,2024-09,0.0,ongoing_census,2024-06
N24000970,REHABILITAITON AND UPGRADATION OF REPALLE TO EEPPURPALEM SECTION FROM KM 128/927 TO KM 195/000 OF NH,ROAD TRANSPORT AND HIGHWAYS,Andhra Pradesh,MoRTH,,576.48,,686.13,685.2,2018-01,,2024-07,0.0,ongoing_census,2024-06
N24001300,6-LANING OF VIJAYAWADA BYPASS FROM CHINNA AVUTUPALLI (DESIGN CH.0+000) TO GOLLAPUDI (DESIGN CH. 30+0,ROAD TRANSPORT AND HIGHWAYS,Andhra Pradesh,NHAI,,1226.88,1569.68,1581.24,1419.23,2021-02,2023-08,2024-10,95.66,ongoing_census,2024-06
N24001301,6-LANING OF VIJAYAWADA BYPASS FROM GOLLAPUDI (DESIGN CH. 30+000) TO CHINNAKAKANI (DESIGN CH. 47+881),ROAD TRANSPORT AND HIGHWAYS,Andhra Pradesh,NHAI,,1601.1,,1601.1,1139.04,2024-01,,2024-07,72.51,ongoing_census,2024-06
N24001384,REHABILITATION AND UP GRADATION OF NH-544E FROM KM 56/803 TO KM 99/179 OF MADAKASIRA TO SIRA SECTION,ROAD TRANSPORT AND HIGHWAYS,Andhra Pradesh,N.A.,,207.79,,207.79,177.96,2021-03,2022-11,2022-11,99.39,ongoing_census,2024-06
N24001385,WIDENING AND STRENGTHENING TO TWO LANE WITH PAVED SHOULDERS FROM KM 491/000 TO KM 525/200 OF RAIPUR,ROAD TRANSPORT AND HIGHWAYS,Andhra Pradesh,MoRTH,2020-06,221.4,,221.4,171.44,2021-05,,2023-06,0.0,ongoing_census,2024-06
N24001386,REHABILITATION AND UPGRADATION TO 2-LANE WITH PAVED SHOULDERS CONFIGURATION OF PADERU- GONDIGUDA SECT,ROAD TRANSPORT AND HIGHWAYS,Andhra Pradesh,N.A.,,222.61,,222.61,143.53,2021-03,,2024-08,76.18,ongoing_census,2024-06
N24001476,CONSTRUCTION OF 4 LANE ACCESS CONTROLLED NEW GREENFIELD HIGHWAY SECTION OF NH 365BG FROM RECHARLA VI,ROAD TRANSPORT AND HIGHWAYS,Andhra Pradesh,NHAI,2021-09,517.05,,655.06,485.07,2022-09,2024-09,2025-03,58.16,ongoing_census,2024-06
N24001477,CONSTRUCTION OF 4 LANE ACCESS CONTROLLED NEW GREENFIELD HIGHWAY SECTION OF NH-365BG (KHAMMAM-DEVARAP,ROAD TRANSPORT AND HIGHWAYS,Andhra Pradesh,N.A.,2021-09,622.0,,817.91,452.26,2022-09,2024-09,2025-03,48.67,ongoing_census,2024-06
N24001817,6L OF CHILKARARUPET BYPASS FROM KM. 357.400 TO KM. 371.920 OF NH-16,ROAD TRANSPORT AND HIGHWAYS,Andhra Pradesh,NHAI,2019-02,757.45,,757.45,435.82,2023-03,2024-12,2024-12,68.05,ongoing_census,2024-06
N24001818,6L OF PONDAVAKKAM TO KANNIGAIPAIR FROM KM 96.040 TO KM 116.100 OF NH 716B (PKG-IV),ROAD TRANSPORT AND HIGHWAYS,Andhra Pradesh,NHAI,2021-02,818.73,,1105.0,240.02,2025-01,,2025-01,10.81,ongoing_census,2024-06
N24001819,6L OF VEERA KAVERI RAJA PURAM TO PONDAVAKKAM FROM KM 61.380 TO KM 96.040 OF NH 716B (PKG-III),ROAD TRANSPORT AND HIGHWAYS,Andhra Pradesh,NHAI,,1102.63,,1303.0,626.36,2025-01,,2025-01,60.04,ongoing_census,2024-06
N24001820,6L OF VARADHARAJULA TO KUMARAJAPET FROM KM 0.000 TO KM 43.800 OF NH-716B (PKG-I),ROAD TRANSPORT AND HIGHWAYS,Andhra Pradesh,N.A.,2021-02,1484.83,,1768.0,824.83,2024-12,,2024-12,50.06,ongoing_census,2024-06
N24001821,BANGALORE CHENNAI EXPRESSWAY KM 156.000 (BANGARUPALEM TO GUDIP,ROAD TRANSPORT AND HIGHWAYS,Andhra Pradesh,PHASE-II PKG-III) FROM KM.127.000 TO (N.A.) (N.A.,2020-11,1137.74,,1289.0,760.64,2024-10,,2024-10,70.12,ongoing_census,2024-06
N24001822,BANGALORE CHENNAI EXPRESSWAY 96.000 (BETHAMANGALA IN THE STATE,ROAD TRANSPORT AND HIGHWAYS,Andhra Pradesh,N.A.,2020-12,1075.27,,1307.0,657.86,2024-10,,2024-10,53.2,ongoing_census,2024-06
N24001823,4L OF MADANAPALLE TO PILERU SECTION FROM KM 0.000 TO KM 55.900 OF NH-71(PACKAGE-I) - N/05060/01002/A,ROAD TRANSPORT AND HIGHWAYS,Andhra Pradesh,NHAI,2022-01,1852.12,,1787.0,471.8,2025-01,2023-01,2025-01,55.1,ongoing_census,2024-06
N24001824,RENIGUNTA - POYYA - NAIDUPETA KM 124.60 TO KM 183.4 OF NH 71 - N/04027/06001/AP,ROAD TRANSPORT AND HIGHWAYS,Andhra Pradesh,Dec-24,2020-03,1863.09,,2238.0,1051.65,2024-01,2024-12,2024-12,85.3,ongoing_census,2024-06
N24001836,6L KANTAKAPALLE ? SABBAVARAM SECTION OF NH-130CD ROAD FROM KM 445.100 TO KM 464.662 (PKG-4),ROAD TRANSPORT AND HIGHWAYS,Andhra Pradesh,NHAI,2021-02,824.29,,924.0,376.15,2024-10,,2024-10,60.8,ongoing_census,2024-06
N24001837,6L JAKKUVA ? KORLAM SECTION OF NH- 130CD ROAD FROM KM 396.800 TO KM 421.100 (PKG 2),ROAD TRANSPORT AND HIGHWAYS,Andhra Pradesh,NHAI,,663.6,,768.0,305.48,2024-03,2024-07,2024-09,84.0,ongoing_census,2024-06
N24001838,6L ALURU - JAKKUVA SECTION OF NH- 130CD ROAD FROM KM 365.033 TO KM 396.800 (PKG. 1),ROAD TRANSPORT AND HIGHWAYS,Andhra Pradesh,NHAI,2021-02,922.5,,1128.68,333.84,2024-03,,2025-03,66.7,ongoing_census,2024-06
N24001839,6L KORLAM-KANTAKAPALLE SECTION OF NH-130CD ROAD FROM KM 421.100 TO KM 445.100 (PKG-3),ROAD TRANSPORT AND HIGHWAYS,Andhra Pradesh,N.A.,,772.7,,980.51,556.84,2024-02,,2024-02,97.5,ongoing_census,2024-06
N24001841,6L ACCESS CONTROLLED GREENFIELD HIGHWAY FROM KODUR 0.000 KMS TO VANAVOLU 24.300 KMS OF NH 544G PACKA,ROAD TRANSPORT AND HIGHWAYS,Andhra Pradesh,NHAI,2022-12,912.94,,912.94,60.53,2025-09,,2026-02,0.0,ongoing_census,2024-06
N24001842,6L ACCESS CONTROLLED GREENFIELD HIGHWAY FROM VANAVOLU 24.300 KM. TO VANKARAKUNTA 45.700 KM. OF NH 5,ROAD TRANSPORT AND HIGHWAYS,Andhra Pradesh,N.A.,2022-12,750.81,,750.81,31.56,2025-11,,2025-11,0.0,ongoing_census,2024-06
N24001843,6L ACCESS CONTROLLED GREENFIELD HIGHWAY FROM VANKARAKUNTA 45.700 KM. TO ODULAPALLE 72.000 KM. OF NH,ROAD TRANSPORT AND HIGHWAYS,Andhra Pradesh,NHAI,2022-12,992.89,,992.89,28.78,2025-11,,2025-11,0.0,ongoing_census,2024-06
N24001844,6L ACCESS CONTROLLED GREENFIELD HIGHWAY FROM ODULAPALLE 72.000 KM. TO NALLACHERUVUPALLI 96.300 KM.,ROAD TRANSPORT AND HIGHWAYS,Andhra Pradesh,N.A.,2022-12,1058.9,,1058.9,56.0,2025-10,,2025-10,0.0,ongoing_census,2024-06
N24001845,6L ACCESS CONTROLLED GREENFIELD HIGHWAY FROM NALLACHERUVU PALLI 96.300 KM. TO YERRAGUDIPADU 129.000,ROAD TRANSPORT AND HIGHWAYS,Andhra Pradesh,NHAI,2023-02,1253.24,,1253.24,70.84,2025-10,,2025-10,,ongoing_census,2024-06
N24001846,6L ACCESS CONTROLLED GREENFIELD HIGHWAY FROM YERRAGUDIPADU 129.000 KM. TO AUDIREDDIPALLE 160.000 KM.,ROAD TRANSPORT AND HIGHWAYS,Andhra Pradesh,NHAI,2023-02,1200.42,,1200.42,57.61,2025-10,,2025-10,0.0,ongoing_census,2024-06
N24001847,6L ACCESS CONTROLLED GREENFIELD HIGHWAY FROM AUDIREDDIPALLE 160.000 KM. TO MALLAPALLE 176.000 KM. PA,ROAD TRANSPORT AND HIGHWAYS,Andhra Pradesh,NHAI,2023-01,956.14,,956.14,19.29,2025-11,,2025-11,0.0,ongoing_census,2024-06
N24001848,6L ACCESS CONTROLLED GREENFIELD HIGHWAY FROM MALLAPALLE 176.000 KM. TO KAVULAKUNTLA 196.000 KM. PACK,ROAD TRANSPORT AND HIGHWAYS,Andhra Pradesh,N.A.,2023-02,909.02,,909.02,59.96,2025-10,,2025-10,0.0,ongoing_census,2024-06
N24001849,4L PS MYDUKUR BADVEL FROM KM 585.820 TO KM 630.960 SECTION OF NH 67,ROAD TRANSPORT AND HIGHWAYS,Andhra Pradesh,NHAI,2022-05,1063.72,,1063.72,275.49,2025-07,,2025-09,31.34,ongoing_census,2024-06
N24001856,CONSTRUCTION OF 4-LANE HIGHWAY FROM SAMARLAKOTA TO ACHAMPETA JUNCTION (FROM KM. 0.000 TO KM. 12.250,ROAD TRANSPORT AND HIGHWAYS,Andhra Pradesh,N.A.,2023-05,648.75,,648.75,92.07,2025-08,,2025-08,24.99,ongoing_census,2024-06
N24001930,FORMATION OF BYPASS ROAD TO KADIRI TOWN FROM ON NH42,ROAD TRANSPORT AND HIGHWAYS,Andhra Pradesh,MoRTH,2020-06,220.66,,220.66,164.53,2023-09,,2023-09,87.69,ongoing_census,2024-06
N24001931,4 LANING OF BATHALAPALLI TO MUDIGUBBA SECTION (DESIGN CHAINAGE KM. 96.300 TO 129.300) INCLUDING BATH,ROAD TRANSPORT AND HIGHWAYS,Andhra Pradesh,N.A.,2022-03,536.0,,536.0,393.81,2025-02,,2025-02,92.0,ongoing_census,2024-06
N24001932,2L+PS FROM KM. 0+000 TO KM. 32+000 342,ROAD TRANSPORT AND HIGHWAYS,Andhra Pradesh,MUDIGUBBA TO PUTTAPARTHI) OF NH- (N.A.) (N.A.,2022-03,401.72,,401.72,161.11,2024-09,,2024-09,60.0,ongoing_census,2024-06
N24001933,MULAKALACHERUVU TO MADANAPALLE SECTION OF NH42 FROM KM 202.050 TO KM 245.640 EXCLUDING RETAINED STRE,ROAD TRANSPORT AND HIGHWAYS,Andhra Pradesh,MoRTH,2021-12,480.1,,480.1,443.87,2024-12,,2024-12,78.0,ongoing_census,2024-06
N24001934,NH440 RAYACHOTY TOVEMPALLI 2LPS,ROAD TRANSPORT AND HIGHWAYS,Andhra Pradesh,N.A.) (N.A.,2021-12,439.82,,439.82,193.63,2024-05,,2024-05,26.0,ongoing_census,2024-06
N24001935,4 LANE WITH PAVED SHOULDER FROM KM 0.000 TO KM 51.119 OF TADIPATRI TO MUDDANUR OF NH67,ROAD TRANSPORT AND HIGHWAYS,Andhra Pradesh,N.A.,2022-03,724.17,,724.17,321.81,2025-08,,2025-08,59.0,ongoing_census,2024-06
N24001939,NH165 FROM KM 0.000 TO KM 64.020 PAMARRU TO AKIVEEDU SECTION TO TWO LANE WITH PAVED SHOULDERS,ROAD TRANSPORT AND HIGHWAYS,Andhra Pradesh,MoRTH,2020-03,529.24,,529.24,262.44,2023-09,,2024-12,29.0,ongoing_census,2024-06
N24001942,2LPS FROM KM36.400 TO KM. 107.224 OF NH167BG FROM DUTTALUR TO KAVALI SECTION,ROAD TRANSPORT AND HIGHWAYS,Andhra Pradesh,N.A.,,423.67,,423.67,228.15,2024-07,,2024-07,58.0,ongoing_census,2024-06
N24001949,NH167B FROM KM 99.103 CS PURAM TO KM 143.320 MALAKONDA TO 2LPS,ROAD TRANSPORT AND HIGHWAYS,Andhra Pradesh,MoRTH,,277.3,,277.3,125.09,2024-03,,2025-12,58.61,ongoing_census,2024-06
N24001950,NH167B FROM KM.143.320 MALAKONDA TO 189.050 SINGARAYAKONDA ON NH 16 TO TWO LANE WITH PAVED SHOULDERS,ROAD TRANSPORT AND HIGHWAYS,Andhra Pradesh,N.A.,2021-03,369.81,,369.81,217.73,2025-02,,2025-02,73.3,ongoing_census,2024-06
N24001951,NH167AD FROM MACHERLA TO DACHEPALLI FROM KM.0.000 TO 43.659 TO 2LPS,ROAD TRANSPORT AND HIGHWAYS,Andhra Pradesh,MoRTH,2022-01,403.22,,403.22,262.08,2025-01,,2025-01,70.0,ongoing_census,2024-06
N24001952,NH 167 B KADAPA NELLORE BORDER TO CSPURAM I.E. FROM KM 58.635 TO KM 99.409,ROAD TRANSPORT AND HIGHWAYS,Andhra Pradesh,MoRTH,,285.5,,285.5,88.57,2025-08,,2025-08,42.31,ongoing_census,2024-06
N24001953,NH-30-BHADRACHALAM TO KONTA SECTION 2LPS,ROAD TRANSPORT AND HIGHWAYS,Andhra Pradesh,MoRTH,2021-12,388.71,,388.71,166.78,2024-09,,2024-09,60.55,ongoing_census,2024-06
N24001954,WIDENING TO 2LPS OF RAMPACHODAVARAM - KOYYURU SECTION OF NH516E FROM KM.43.700 TO KM 113.820,ROAD TRANSPORT AND HIGHWAYS,Andhra Pradesh,N.A.,2022-03,568.12,,568.12,255.54,2025-01,,2025-01,68.0,ongoing_census,2024-06
N24001955,GUDIWADA TOWN 2 LANE ROB AND ROAD IMPROVEMENT OF NH165 IN REPLACEMENT OF LC NO 3ESPL3 AT KM 231.700,ROAD TRANSPORT AND HIGHWAYS,Andhra Pradesh,MoRTH,,317.22,,317.22,113.06,2025-05,,2025-05,33.2,ongoing_census,2024-06
N24001956,2LPS FROM GONDIGUDA TO ARAKU BHALLAGUDA KM 27.480 TO KM 51.772 SECTION OF NH 516E,ROAD TRANSPORT AND HIGHWAYS,Andhra Pradesh,N.A.,2020-08,296.66,,296.66,216.41,2023-09,,2024-12,79.0,ongoing_census,2024-06
N24001957,2LPS OF KOYYURU TO CHAPRATHIPALEM SECTION OF NH 516E,ROAD TRANSPORT AND HIGHWAYS,Andhra Pradesh,MoRTH,2020-08,349.29,,349.29,138.22,2024-07,,2024-07,49.0,ongoing_census,2024-06
N24001958,2LPS OF CHAPRATHIPALEM TO LAMBASINGI SECTION OF NH 516E,ROAD TRANSPORT AND HIGHWAYS,Andhra Pradesh,N.A.,2020-08,311.22,,311.22,100.84,2024-10,,2024-10,40.0,ongoing_census,2024-06
N24001959,4 LANE FROM KM 56.400 TO KM 120.300 FROM B.KOTHAPALLI JUNCTION TO GORANTLA OF NH 716G,ROAD TRANSPORT AND HIGHWAYS,Andhra Pradesh,MoRTH,2022-03,839.98,,839.98,175.11,2025-09,,2025-09,32.0,ongoing_census,2024-06
N24001979,4L GREENFIELD ROAD CONNECTING NORTH AND SOUTH INDUSTRIAL CLUSTER OF KHANDALERU CREEK NEAR KRISHNAPAT,ROAD TRANSPORT AND HIGHWAYS,Andhra Pradesh,NHAI,2022-08,609.43,,609.43,25.24,2025-09,,2025-09,10.54,ongoing_census,2024-06
N24001980,4 LANING OF NH 544D FROM EXISTING KM 346.300 OF NH 44 (DESIGN CHAINAGE KM 0.000) TO KM 39.380 (DESIG,ROAD TRANSPORT AND HIGHWAYS,Andhra Pradesh,NHAI,,907.76,,907.76,220.1,2025-07,,2025-07,41.45,ongoing_census,2024-06
N24001981,CONSTRUCTION OF SIX LANING OF NAIDUPETA JUNCTION - TURPUKANUPUR SECTION FROM KM.57+046 TO KM.91+927,ROAD TRANSPORT AND HIGHWAYS,Andhra Pradesh,NHAI,2022-07,1398.84,,1398.84,58.68,2025-10,,2025-10,1.9,ongoing_census,2024-06
N24001982,4L PS FROM KURNOOL (EXISTING KM. 5.400 OF NH-40/DESIGN KM.0.000) TO MANDLEM (EXISTING KM.38.000/DESI,ROAD TRANSPORT AND HIGHWAYS,Andhra Pradesh,NHAI,2023-03,827.39,,827.39,185.65,2025-10,,2025-10,55.86,ongoing_census,2024-06
N24001983,4 LANING FROM EXISTING KM 39.380 (DESIGN CH. 69.000) OF MUCHUKOTA ?,ROAD TRANSPORT AND HIGHWAYS,Andhra Pradesh,DESIGN CH. 37.000) TO KM 74.450 (N.A.) (N.A.,2022-10,972.63,,1055.23,179.95,2025-08,,2025-08,32.33,ongoing_census,2024-06
N24001984,4L PS FROM MANDLEM (EXISTING KM. 38.000/DESIGN KM.30.600) TO ATMAKUR (EXISTING KM.73.000/DESIGN KM 6,ROAD TRANSPORT AND HIGHWAYS,Andhra Pradesh,NHAI,2023-03,887.28,,887.28,77.92,2025-10,,2025-10,20.05,ongoing_census,2024-06
N24001985,BANGALORE CHENNAI EXPRESSWAY (PHASE-II PKG-II) FROM KM.96.000 TO KM 127.000 (BAIREDDYPALLE TO BANGAR,ROAD TRANSPORT AND HIGHWAYS,Andhra Pradesh,NHAI,2021-03,1942.94,2171.0,2171.0,800.79,2025-06,,2025-06,34.7,ongoing_census,2024-06
N24001986,4L OF PILERU TO KALUR SECTION FROM KM 55.900 TO KM 92.800 AND KM 94.500 TO KM 95.717,ROAD TRANSPORT AND HIGHWAYS,Andhra Pradesh,NHAI,2023-10,1047.32,,1047.32,203.81,2025-04,,2025-04,36.5,ongoing_census,2024-06
N24001987,"CONSTRUCTION OF 1 NOS ROB, 2 NOS VUPS, SERVICE ROADS, PROVISION OF LIGHTING AND CONSTRUCTION OF OTHE",ROAD TRANSPORT AND HIGHWAYS,Andhra Pradesh,NHAI,2023-06,152.05,,152.05,65.81,2024-12,,2024-12,37.1,ongoing_census,2024-06
N24001988,6L OF CHITTOOR TO THATCHUR FROM KUMARAJAPET TO VEERA KAVERI RAJA PURAM FROM KM 43.800 TO KM 61.380 O,ROAD TRANSPORT AND HIGHWAYS,Andhra Pradesh,NHAI,2021-02,591.99,703.0,703.0,128.44,2025-10,,2025-10,21.59,ongoing_census,2024-06
N24002033,CONSTRUCTION OF 4 LANE ACCESS CONTROLLED HIGHWAY FROM CHILLAKURU CROSS ROAD TO TURPUKANUPUR KM 0+000,ROAD TRANSPORT AND HIGHWAYS,Andhra Pradesh,N.A.,2022-07,909.47,,909.47,97.03,2025-12,,2025-12,5.4,ongoing_census,2024-06
N24002103,COMPLETION OF BALANCE WORKS PENDING IN BIT AND PIECES AND LISTED,ROAD TRANSPORT AND HIGHWAYS,Andhra Pradesh,INCOMPLETE STRETCH AT 7 LOCATIONS,2022-09,166.52,,166.52,43.74,2025-01,,2025-01,0.0,ongoing_census,2024-06
N24002122,6L ACCESS CONTROLLED GREENFIELD HIGHWAY FROM NARAYANMPET (CH. 203+500) TO CHANDRASEKHARPURAM (CH. 22,ROAD TRANSPORT AND HIGHWAYS,Andhra Pradesh,N.A.,2024-02,813.66,,813.66,11.72,2026-02,,2026-02,4.59,ongoing_census,2024-06
N24002123,6L ACCESS CONTROLLED GREENFIELD HIGHWAY FROM CHANDRASEKHARAPURAM (CH. 228+000) TO POLAVARAM (CH. 260,ROAD TRANSPORT AND HIGHWAYS,Andhra Pradesh,NHAI,2024-02,1292.65,,1292.65,27.33,2026-02,,2026-02,3.13,ongoing_census,2024-06
N24002124,6L ACCESS CONTROLLED GREENFIELD HIGHWAY FROM POLAVARAM (CH. 260+000) TO MARRIPUDI (CH. 285+500) OF [,ROAD TRANSPORT AND HIGHWAYS,Andhra Pradesh,N.A.,2024-02,747.29,,747.29,42.83,2026-02,,2026-02,4.58,ongoing_census,2024-06
N24002125,6L ACCESS CONTROLLED GREENFIELD HIGHWAY FROM MARRIPUDI (CH. 285+500) TO SOMAVARAPPADU (CH. 314+600),ROAD TRANSPORT AND HIGHWAYS,Andhra Pradesh,NHAI,2024-02,976.4,,976.4,55.64,2026-02,,2026-02,6.5,ongoing_census,2024-06
N24002126,6L ACCESS CONTROLLED GREENFIELD HIGHWAY FROM SOMAVARAPPADU (CH.314.600) TO MUPPAVARAM (CH.343+240) O,ROAD TRANSPORT AND HIGHWAYS,Andhra Pradesh,NHAI,2024-02,1103.89,,1103.89,54.54,2026-02,,2026-02,0.45,ongoing_census,2024-06
N24002139,4-LANE WITH PAVED SHOULDERS FROM KM 32/0 TO KM 79/650 (DESIGN CHAINAGE KM 32+000 TO KM 78+760) PUTTA,ROAD TRANSPORT AND HIGHWAYS,Andhra Pradesh,MoRTH,2023-03,1318.57,,1318.57,234.0,2025-12,,2025-12,0.0,ongoing_census,2024-06
N24002140,SOMAYAJULAPALLI ? DHONE SECTION OF NH ? 340B FROM KM.0/0 TO 56/200 [DESIGN CH. KM 0/00 TO KM 53/33],ROAD TRANSPORT AND HIGHWAYS,Andhra Pradesh,N.A.,,629.73,,629.73,127.27,2025-12,,2025-12,32.44,ongoing_census,2024-06
N24002141,2 LANE WITH PAVED SHOULDER CONFIGURATION FROM SEETHARAMAPURAM TO DUTTALURU SECTION OF NH-167 BG FROM,ROAD TRANSPORT AND HIGHWAYS,Andhra Pradesh,MoRTH,2023-06,364.07,,364.07,87.55,2025-07,,2025-07,52.28,ongoing_census,2024-06
N24002142,2-LANE WITH PAVED SHOULDER CONFIGURATION OF LAMBASINGI TO PADERU SECTION (KM 205+000 TO KM 253+974),ROAD TRANSPORT AND HIGHWAYS,Andhra Pradesh,MoRTH,2023-08,361.24,,361.24,7.91,2025-11,,2025-11,5.35,ongoing_census,2024-06
N24002143,BYPASS ROAD TO ADONI TOWN CONNECTING NH-167 (HAGARI - JADCHARLA ROAD) FROM KM.62/700 TO 71/400 IN KU,ROAD TRANSPORT AND HIGHWAYS,Andhra Pradesh,MoRTH,2023-08,361.24,,361.24,12.47,2026-02,,2026-02,12.84,ongoing_census,2024-06
N24002144,VODAREVU-CHILAKALURIPET SECTION (DESIGN CHAINAGE 0+00 TO 47+000) OF NH-167A (PACKAGE-I),ROAD TRANSPORT AND HIGHWAYS,Andhra Pradesh,N.A.,2023-08,1064.24,,1064.24,130.43,2026-02,,2026-02,9.0,ongoing_census,2024-06
N24002145,TADIPATRI BYPASS (KM 0+000 TO KM 6+285) OF 4-LANE ON NH-67 IN ANANTAPURAMU,ROAD TRANSPORT AND HIGHWAYS,Andhra Pradesh,MoRTH,2023-11,159.66,,159.66,32.76,2026-03,,2026-03,26.64,ongoing_census,2024-06
N24002146,KURNOOL/KADAPA BORDER- JAMMALAMADUGU SECTION OF NH-167K I.E. DESIGN CH. KM 248+010 TO KM 269+900,ROAD TRANSPORT AND HIGHWAYS,Andhra Pradesh,MoRTH,2023-11,292.63,,292.63,,2025-11,,2025-11,0.0,ongoing_census,2024-06
N24002147,DORNALA TO KUNTA JUNCTION FROM DESIGN CHAINAGE KM 244+000 TO 267+990 SECTION OF NH-765 (PACKAGE-2),ROAD TRANSPORT AND HIGHWAYS,Andhra Pradesh,MoRTH,2022-12,244.83,,244.83,17.23,2024-01,,2026-03,13.33,ongoing_census,2024-06
N24002148,PADERU BYPASS (KM 0+000 TO KM 13+000) OF 2- LANE WITH PAVED SHOULDER ON NH-516E,ROAD TRANSPORT AND HIGHWAYS,Andhra Pradesh,N.A.,2023-03,244.43,,244.43,8.57,2024-03,,2026-02,0.0,ongoing_census,2024-06
N24002149,DAVUALAPALLY TO MALLAPALEM SECTION {DESIGN CH. KM 133+922 TO KM 154+216 (EXISTING CH. KM 133+922 TO,ROAD TRANSPORT AND HIGHWAYS,Andhra Pradesh,MoRTH,2024-01,393.61,,393.61,41.66,2024-02,,2026-02,0.0,ongoing_census,2024-06
N30000002,POLAVARAM IRRIGATION PROJECT (PPA),WATER RESOURCES,Andhra Pradesh,N.A.,2009-02,10151.04,,55548.87,21504.24,2020-03,,2024-03,75.78,ongoing_census,2024-06
N04000092,CONSTRUCTION OF NEW GREEN FIELD AIRPORT AT HOLLONGI ITANAGAR ARUNACHAL PRADESH,CIVIL AVIATION,Arunachal Pradesh,AAI,2019-02,645.63,,712.15,660.27,2022-08,2024-08,2024-08,97.58,ongoing_census,2024-06
180100221,SUBANSIRI LOWER H.E.P (8X250 MW),POWER,Arunachal Pradesh,NHPC) (N.A.,2003-09,6285.33,,21247.54,21448.42,2010-09,,2026-05,93.2,ongoing_census,2024-06
N18000362,DIBANG MULTIPURPOSE PROJECT 2880 MW ARUNACHAL PRADESH,POWER,Arunachal Pradesh,NHPC,2023-02,31876.39,,31876.39,2427.25,2032-02,,2032-02,12.22,ongoing_census,2024-06
N24000683,TWO LANING OF JORAM KOLORIANG ROAD (NH 713) ON EPC BASIS FROM DESIGN KM. 138+000 TO KM. 154+036 [EX,ROAD TRANSPORT AND HIGHWAYS,Arunachal Pradesh,NHIDCL,2017-02,180.57,244.1,180.57,149.77,2023-11,2024-03,2024-10,85.39,ongoing_census,2024-06
N24000685,CONSTRUCTION OF TWO LANE WITH PAVED SHOULDERS OF JORAM KOLORIANG ROAD (NH 713) ON EPC BASIS FROM EXI,ROAD TRANSPORT AND HIGHWAYS,Arunachal Pradesh,NHIDCL,2017-02,167.28,,167.28,144.91,2022-04,2023-11,2023-11,100.0,ongoing_census,2024-06
N24000944,CONSTRUCTION OF 2 LANING OF EXISTING HUNLI-ANINI ROAD ON EPC BASIS FROM DESIGN KM 106.200 TO KM 120.,ROAD TRANSPORT AND HIGHWAYS,Arunachal Pradesh,NHIDCL,2016-12,200.44,200.44,200.44,161.25,2020-01,2023-01,2023-09,100.0,ongoing_census,2024-06
N24000946,CONSTRUCTION OF 2-LANE ROAD WITH PAVED SHOULDERS FROM KM16.00 OF ROING-HUNLI SECTION TO KM 21.500 OF,ROAD TRANSPORT AND HIGHWAYS,Arunachal Pradesh,NHIDCL,2017-03,1718.59,1718.59,1718.59,662.35,2022-03,2023-12,2025-07,68.41,ongoing_census,2024-06
N24000948,CONSTRUCTION OF 2 LANING OF EXISTING HUNLI-ANINI ROAD ON EPC BASIS FROM DESIGN KM 53.500 TO KM 92.50,ROAD TRANSPORT AND HIGHWAYS,Arunachal Pradesh,NHIDCL,2016-09,568.92,568.92,568.92,508.65,2019-12,2023-03,2024-07,99.41,ongoing_census,2024-06
N24000979,TWO-LANING OF HAYULIANG? HAWAI BYPASS ROAD ON EPC BASIS FROM DESIGN KM. 51.825 TO KM. 63.131 EXISTI,ROAD TRANSPORT AND HIGHWAYS,Arunachal Pradesh,NHIDCL,2017-01,256.66,,256.66,,2023-05,2023-05,2025-03,63.59,ongoing_census,2024-06
N24001244,CONSTRUCTION OF 2-LANING WITH HARD SHOULDERS OF ARROWA-KHUPA- HAYULIANG SECTION OF NH-113 FROM CH.68.,ROAD TRANSPORT AND HIGHWAYS,Arunachal Pradesh,Feb-25,2020-08,301.06,,301.06,133.99,2022-04,2025-02,2025-02,55.87,ongoing_census,2024-06
N24001245,CONSTRUCTION OF 2-LANING WITH HARD SHOULDERS OF DEMWE- BRAHMAKUND SECTION OF NH-13 FROM CH.0.00 KM TO,ROAD TRANSPORT AND HIGHWAYS,Arunachal Pradesh,NHIDCL,2020-09,353.9,,353.9,41.82,2022-05,2022-10,2024-03,25.38,ongoing_census,2024-06
N24001291,CONSTRUCTION OF 2 LANE ROAD OF POTIN TO PANGIN SECTION OF NH 13 FROM KM 77.95 TO KM 117.56 (PACKAGE,ROAD TRANSPORT AND HIGHWAYS,Arunachal Pradesh,MoRTH,2019-03,421.48,,421.48,365.83,2027-03,,2027-03,99.51,ongoing_census,2024-06
N24001292,CONSTRUCTION OF 2 LANE ROAD OF POTIN TO PANGIN SECTION OF NH 13 FROM KM 117.56 TO KM 163.59 (PACKAGE,ROAD TRANSPORT AND HIGHWAYS,Arunachal Pradesh,MoRTH,2019-03,543.05,,600.0,568.3,2027-03,,2027-03,97.32,ongoing_census,2024-06
N24001293,CONSTRUCTION OF 2 LANE ROAD OF POTIN TO PANGIN SECTION OF NH 13 FROM KM 206.66 TO KM 247.05 (PACKAGE,ROAD TRANSPORT AND HIGHWAYS,Arunachal Pradesh,N.A.,2019-03,486.7,,486.7,474.23,2027-03,,2027-03,97.71,ongoing_census,2024-06
N24001294,CONSTRUCTION OF 2 LANE ROAD OF POTIN TO PANGIN SECTION OF NH 13 FROM KM 247.05 TO KM 284.92 (PACKAGE,ROAD TRANSPORT AND HIGHWAYS,Arunachal Pradesh,MoRTH,2019-03,560.39,,560.39,422.01,2027-03,,2027-03,100.0,ongoing_census,2024-06
N24001297,CONSTRUCTION OF 2 LANE ROAD OF POTIN TO PANGIN SECTION OF NH 13 FROM KM 163.59 TO KM 206.66 (PACKAGE,ROAD TRANSPORT AND HIGHWAYS,Arunachal Pradesh,N.A.,2019-03,450.65,,450.65,361.48,2027-03,,2027-03,90.39,ongoing_census,2024-06
N24001315,TADADEGE - HENKAR,ROAD TRANSPORT AND HIGHWAYS,Arunachal Pradesh,Jun-24) (N.A.,2021-02,550.45,,550.45,113.92,2023-03,2024-06,2024-09,44.0,ongoing_census,2024-06
N24001316,LADDA - BASAI (NHIDCL),ROAD TRANSPORT AND HIGHWAYS,Arunachal Pradesh,N.A.,2021-02,445.96,,445.96,106.01,2023-04,2025-01,2025-03,44.62,ongoing_census,2024-06
N24001320,DOGINALA - GAU (NHIDCL),ROAD TRANSPORT AND HIGHWAYS,Arunachal Pradesh,N.A.) (N.A.,2020-12,242.3,,242.3,21.47,2022-09,,2024-12,17.81,ongoing_census,2024-06
N24001372,BALANCE WORK 2-LANING OF LALPUL MANMAO CHANGLANG ROAD (NH-215) ON EPC MODE IN THE STATE OF ARUNACH,ROAD TRANSPORT AND HIGHWAYS,Arunachal Pradesh,MoRTH,2021-02,588.09,,588.09,437.34,2024-03,2024-12,2024-12,86.87,ongoing_census,2024-06
N24001374,4-LANING OF ITANAGAR TO BANDARDEWA SECTION OF NH-415 FROM KM 51+700 TO KM 59+199 (PACKAGE-C) ON EPC,ROAD TRANSPORT AND HIGHWAYS,Arunachal Pradesh,MoRTH,2020-06,437.6,,437.6,355.51,2027-03,,2027-03,96.7,ongoing_census,2024-06
N24001375,4 LANING OF ITANAGAR TO BANDARDEWA SECTION OF NH-415 FROM KM 40+430 TO KM 51+735 (PACKAGE B) ON EPC,ROAD TRANSPORT AND HIGHWAYS,Arunachal Pradesh,MoRTH,2020-06,496.47,,496.47,132.31,2027-03,,2027-03,33.4,ongoing_census,2024-06
N24001376,WIDENING OF EXISTING ROAD TO 2 LANE WITH PAVED SHOULDER FROM HUKANJURI TO KHONSA SECTION OF NH- 315A,ROAD TRANSPORT AND HIGHWAYS,Arunachal Pradesh,N.A.,,182.55,,182.55,119.02,2027-03,,2027-03,100.0,ongoing_census,2024-06
N24001390,JORAM ? KOLORIANG ROAD FROM EXISTING KM 50.050 TO KM 70.00 (PKG-3),ROAD TRANSPORT AND HIGHWAYS,Arunachal Pradesh,NHIDCL,2020-08,228.71,,228.71,95.48,2022-04,2024-08,2024-07,95.29,ongoing_census,2024-06
N24001391,JORAM ? KOLORIANG ROAD FROM EXISTING KM 70.00 TO KM 88.700 (PKG-4),ROAD TRANSPORT AND HIGHWAYS,Arunachal Pradesh,Feb-24,2020-08,294.04,,294.04,143.81,2022-04,2024-02,2024-08,97.75,ongoing_census,2024-06
N24001392,JORAM ? KOLORIANG ROAD FROM EXISTING KM104.850 TO KM 122.60 (PKG- 6),ROAD TRANSPORT AND HIGHWAYS,Arunachal Pradesh,NHIDCL,2020-08,199.03,,199.03,101.75,2022-04,2023-07,2023-07,98.88,ongoing_census,2024-06
N24001393,JORAM ? KOLORIANG ROAD FROM EXISTING KM122.600 TO KM138.00 (PKG-7),ROAD TRANSPORT AND HIGHWAYS,Arunachal Pradesh,NHIDCL,2020-08,184.88,,184.88,94.27,2022-04,2024-02,2024-11,92.48,ongoing_census,2024-06
N04000083,CONSTRUCTION OF NEW INTEGRATED TERMINAL BUILDING AT LGBI AIRPORT GUWAHATI,CIVIL AVIATION,Assam,AAI,2016-12,1142.0,,2333.0,1091.52,2021-03,,2025-03,57.96,ongoing_census,2024-06
N21000027,"ALL INDIA INSTITUTE OF MEDICAL SCIENCE AT GUWAHATI, ASSAM",HEALTH AND FAMILY WELFARE,Assam,HITES,2017-05,875.0,873.92,860.0,740.16,2021-05,2023-04,2024-11,98.77,ongoing_census,2024-06
N16000331,DEVELOPMENT OF SURFACE FACILITIES FOR PRODUCTION AND EVACUATION OF CRUDE OIL AND NATURAL GAS FROM NA,PETROLEUM,Assam,OIL,2018-01,543.91,,670.9,491.56,2020-02,2023-12,2024-12,93.68,ongoing_census,2024-06
N16000379,NUMALIGARH REFINERY EXPANSION PROJECT 6 MMTPA REFINARY,PETROLEUM,Assam,NRL,2019-01,12366.0,,18968.0,11292.45,2024-10,,2025-12,59.78,ongoing_census,2024-06
N16000394,NUMALIGARH REFINERY EXPANSION PROJECT COIT AND PIPELINES,PETROLEUM,Assam,N.A.,2019-01,10228.0,,9058.0,7746.43,2024-10,,2025-09,74.3,ongoing_census,2024-06
N16000414,EXPANSION OF GUWAHATI REFINERY FROM 1 TO 1.2 MMTPA ALONG WITH INSTALLATION OF CATALYTIC REFORMING UN,PETROLEUM,Assam,IOCL,2021-05,412.0,509.84,509.84,333.36,2023-10,2025-02,2025-02,75.8,ongoing_census,2024-06
N16000433,"GAS ASSISTED GRAVITY DRAINAGE SCHEME, KASOMARIGAON",PETROLEUM,Assam,N.A.,2021-08,218.38,,218.38,130.93,2023-02,2024-06,2024-07,63.5,ongoing_census,2024-06
N16000441,"REVAMPING OF FACILITIES AT EXISTING GUWAHATI TERMINAL, ASSAM",PETROLEUM,Assam,IOCL,2022-03,277.0,,277.0,146.34,2026-07,2026-09,2026-09,46.2,ongoing_census,2024-06
N16000449,UPGRADATION OF FACILITIES OF NUMALIGARH-SILIGURI PRODUCT PIPELINE (NSPL) FOR TRANSPORTATION OF ADDIT,PETROLEUM,Assam,N.A.,2021-06,860.0,,860.0,269.2,2024-12,,2024-12,78.4,ongoing_census,2024-06
N16000450,"PROJECT TO CONSTRUCT A FIELD GAS GATHERING STATION AT BAGHJAN AREA FOR COLLECTION,PROCESSING",PETROLEUM,Assam,OIL,2020-12,430.76,,430.76,220.9,2024-07,2024-03,2024-12,69.58,ongoing_census,2024-06
N16000457,CAPACITY EXPANSION OF DIGBOI REFINERY FROM 0.65 TO 1.0 MMTPA,PETROLEUM,Assam,IOCL,2022-06,768.0,,768.0,57.13,2025-10,,2026-03,18.5,ongoing_census,2024-06
N16000484,"CONSTRUCTION OF LPG FACILITIES AT KAMARDANGA, ASSAM",PETROLEUM,Assam,HPCL,,156.36,156.36,156.36,1.08,2027-07,2026-03,2026-03,1.0,ongoing_census,2024-06
N16000494,"SETTING UP OF NEW RAIL FED POL FACILITY AT KAMARDANGA, ASSAM",PETROLEUM,Assam,N.A.,2023-03,384.04,,384.04,28.6,2026-12,,2026-12,1.5,ongoing_census,2024-06
N16000510,POWER RECOVERY TURBINE IN PFCCU (NRL),PETROLEUM,Assam,N.A.) (N.A.,2023-03,293.5,,293.5,18.59,2025-07,,2025-07,75.0,ongoing_census,2024-06
N16000511,DCU REVAMP PROJECT (NRL),PETROLEUM,Assam,N.A.) (N.A.,2021-08,370.0,,370.0,118.84,2025-03,,2025-03,30.0,ongoing_census,2024-06
N16000528,PIPELINE NETWORK PROJECT RUDRASAGAR,PETROLEUM,Assam,ONGC,2023-01,344.99,,344.99,66.52,2026-04,,2026-04,25.7,ongoing_census,2024-06
N18000327,"NORTH EAST-NORTHERN/ WESTERN INTERCONNECTOR-I, PART-C",POWER,Assam,PGCIL,2019-03,1326.0,,1520.0,1466.21,2023-03,,2023-12,100.0,ongoing_census,2024-06
N22000388,BONGAIGAON-GOALPARA-GUWAHATI (176 KM) (NFR),RAILWAYS,Assam,N.A.,,2232.32,,4155.65,3360.51,2022-03,,2027-03,90.0,ongoing_census,2024-06
N24000305,FOUR LANING OF NUMALIGARH TO JORHAT SECTION FROM KM. 402.500 TO KM. 453.000 (DESIGN KM 403.200 TO KM,ROAD TRANSPORT AND HIGHWAYS,Assam,NHIDCL,2015-05,454.89,814.56,814.56,569.94,2018-05,,2024-03,98.72,ongoing_census,2024-06
N24000319,4 LANING OF JORHAT TO JHANJI SECTION FROM KM. 453.00 TO KM. 491.08 (DESIGN KM 403.200 TO KM 454.240),ROAD TRANSPORT AND HIGHWAYS,Assam,NHIDCL,2015-06,437.39,,437.39,276.37,2023-08,,2024-12,14.4,ongoing_census,2024-06
N24000320,FOUR LANING OF JHANJHI JN TO DEMOW SECTION FROM KM. 491.050 TO KM. 535.250(DESIGN KM 490.800 TO KM 5,ROAD TRANSPORT AND HIGHWAYS,Assam,NHIDCL,2015-06,463.49,,463.49,367.87,2024-03,,2024-07,31.56,ongoing_census,2024-06
N24000431,4 LANING FROM JAMUGURI TO BISWANATH CHARIALI FROM KM 182 TO KM 208 OF NH-52,ROAD TRANSPORT AND HIGHWAYS,Assam,N.A.,1991-01,520.01,,520.01,297.99,2019-06,2019-06,2024-10,90.01,ongoing_census,2024-06
N24000438,4 LANING FROM RANGAGARA TO KALIABHOR TINALI FROM KM 297.00 TO KM 315.315 OF NH-37 ON EPC BASIS.,ROAD TRANSPORT AND HIGHWAYS,Assam,NHIDCL,2015-12,289.99,,289.99,230.45,2018-12,2021-07,2024-10,87.42,ongoing_census,2024-06
N24000582,4 LANING OF NH-37 SECTION BETWEEN DEMOW TO END OF MORAN BYPASS (FROM KM. 534.800 TO KM. 561.700) O,ROAD TRANSPORT AND HIGHWAYS,Assam,N.A.,2016-01,294.17,,294.17,295.65,2016-01,,2024-12,38.69,ongoing_census,2024-06
N24000583,4 LANING OF NH 37 SECTION BETWEEN END OF MORAN BYPASS TO BOGIBEEL JUNCTION NEAR LAPETKETA (KM. 561,ROAD TRANSPORT AND HIGHWAYS,Assam,NHIDCL,2016-01,252.0,,330.3,146.28,2021-12,,2021-12,0.0,ongoing_census,2024-06
N24000902,FOUR LANING OF BALACHERA- HARANGAJAO SECTION OF NH-54 (EXT) FROM KM 275.00 TO KM 244.000 IN THE STATE,ROAD TRANSPORT AND HIGHWAYS,Assam,Dec-23) (887.68,2017-10,818.0,887.68,887.68,873.28,2020-06,2023-12,2024-04,100.0,ongoing_census,2024-06
N24001246,4-LANING OF HAPACHARA - TULUNGIA SECTION,ROAD TRANSPORT AND HIGHWAYS,Assam,NHIDCL,2020-03,220.2,,220.2,213.7,2022-12,,2024-08,96.08,ongoing_census,2024-06
N24001248,WIDENING/IMPROVEMENT TO 4-LANE WITH PAVED SHOULDER FROM CH.75.330KM TO CH.88.00KM (DESIGN CH.71.800,ROAD TRANSPORT AND HIGHWAYS,Assam,NHIDCL,2020-08,208.84,,208.84,166.72,2022-04,,2024-07,94.7,ongoing_census,2024-06
N24001269,2-LANING OF CHURACHANDPUR TUIVAI SECTION OF NH-102B (PKG- IB),ROAD TRANSPORT AND HIGHWAYS,Assam,NHIDCL,2020-03,216.49,241.52,216.49,104.36,2022-03,2023-12,2024-12,78.49,ongoing_census,2024-06
N24001326,4-L DHUBRI PHULBARI BRIDGE WITH APPROACH ROAD,ROAD TRANSPORT AND HIGHWAYS,Assam,N.A.,2020-11,4997.04,,4997.04,1962.26,2028-09,,2028-09,49.73,ongoing_census,2024-06
N24001331,2-LANING FROM YAINGANGPOKPI TO FINCH CORNER (PKG-I),ROAD TRANSPORT AND HIGHWAYS,Assam,NHIDCL,2020-03,261.13,,261.13,64.96,2022-06,,2025-04,54.59,ongoing_census,2024-06
N24001332,2-LANING FROM YAINGANGPOKPI TO FINCH CORNER (PKG-II),ROAD TRANSPORT AND HIGHWAYS,Assam,May-24,2020-03,217.5,,217.5,84.36,2022-06,2024-05,2025-04,64.15,ongoing_census,2024-06
N24001333,TWO- LANE WITH PAVED SHOULDER CONFIGURATION OF IMPHAL - MOREH SECTION OF NH-39 FROM KM 330 TO KM,ROAD TRANSPORT AND HIGHWAYS,Assam,NHIDCL,2019-09,761.54,820.56,761.54,430.31,2023-05,,2023-05,100.0,ongoing_census,2024-06
N24001366,DABOKA KATHKATI PACKAGE-5 (NHIDCL),ROAD TRANSPORT AND HIGHWAYS,Assam,N.A.) (N.A.,2021-03,288.85,,288.85,178.1,2023-01,,2024-09,75.36,ongoing_census,2024-06
N24001367,TULUNGIA-JOGIGHOPA-PAIKAN PKG-5 (NHIDCL),ROAD TRANSPORT AND HIGHWAYS,Assam,N.A.,2021-03,636.42,,418.49,474.28,2022-12,,2024-01,100.0,ongoing_census,2024-06
N24001368,TULUNGIA-JOGIGHOPA-PAIKAN ROAD PKG-7,ROAD TRANSPORT AND HIGHWAYS,Assam,NHIDCL,2021-03,286.72,,286.72,78.41,2024-01,,2025-10,26.44,ongoing_census,2024-06
N24001408,CONSTRUCTION OF 2-LANE MAJOR BRIDGE INCLUDING APPROACHESOVER BRAHMAPUTRA BETWEEN MAJULI ON NORTH BAN,ROAD TRANSPORT AND HIGHWAYS,Assam,MoRTH,2021-02,925.47,,925.47,321.15,2025-07,,2025-07,29.59,ongoing_census,2024-06
N24001432,"6L FLYOVER AT BORAGAON, GORCHUK, LOKHRA AND BASISTHA JUNCTION ON GUWAHATI BYPASS SECTION FROM KM",ROAD TRANSPORT AND HIGHWAYS,Assam,NHAI,2021-12,300.0,,300.0,297.62,2024-08,2024-08,2024-08,100.0,ongoing_census,2024-06
N24001434,JOGIGHOPA BRIDGE (NHIDCL),ROAD TRANSPORT AND HIGHWAYS,Assam,N.A.,2021-08,746.76,,746.76,278.63,2024-11,,2026-12,55.94,ongoing_census,2024-06
N24001435,4-LANING OF DERGAON TOWN (NHIDCL),ROAD TRANSPORT AND HIGHWAYS,Assam,N.A.) (N.A.,2020-03,287.63,,287.63,405.95,2022-06,,2024-03,100.0,ongoing_census,2024-06
N24001450,DABOKA KATHKATI PACKAGE-6 (NHIDCL),ROAD TRANSPORT AND HIGHWAYS,Assam,N.A.,2021-09,625.64,,625.64,418.93,2024-07,,2024-12,71.56,ongoing_census,2024-06
N24001451,DIBRUGARH-LAHOAL-CHABUA BYPASS PACKAGE-1,ROAD TRANSPORT AND HIGHWAYS,Assam,NHIDCL,2022-03,215.27,,215.27,111.77,2024-07,,2024-08,82.3,ongoing_census,2024-06
N24001452,DIBRUGARH-LAHOAL-CHABUA BYPASS PACKAGE-2,ROAD TRANSPORT AND HIGHWAYS,Assam,NHIDCL,2022-04,170.95,,170.95,111.48,2024-07,,2024-08,90.1,ongoing_census,2024-06
N24001537,DABOKA KATHKATI PACKAGE-7 (NHIDCL),ROAD TRANSPORT AND HIGHWAYS,Assam,N.A.,2021-11,204.1,,204.1,113.71,2024-07,,2024-10,71.78,ongoing_census,2024-06
N24001544,FOUR LANING OF SRIRAMPUR-DHUBRI PKG-2,ROAD TRANSPORT AND HIGHWAYS,Assam,NHIDCL,2022-03,909.02,,909.02,365.55,2025-01,,2025-01,72.24,ongoing_census,2024-06
N24001545,"6L STANDALONE FLYOVERS AT RAHA, DEMOW, BORGHAT, KATHIATALI JUNCTIONS AND ROB AT JAGIROAD ON STRETCHE",ROAD TRANSPORT AND HIGHWAYS,Assam,NHAI,2022-08,175.0,,175.0,169.56,2022-12,,2024-06,91.07,ongoing_census,2024-06
N24001547,BALANCE WORK OF 4L OF NARIMBANGLO?JATINGA JUNCTION- HARANGAJO ROAD SECTION FROM KM 0.000 TO KM 49.23,ROAD TRANSPORT AND HIGHWAYS,Assam,NHAI,2022-03,1909.98,,1909.98,380.63,2026-01,,2026-01,38.3,ongoing_census,2024-06
N24001548,"6L STANDALONE FLYOVERS AT BONGAIGAON, CHAPAGURI, PATHSALA, SIMLAGURI CHOWK AND BAIHATA BYPASS JUNCTI",ROAD TRANSPORT AND HIGHWAYS,Assam,N.A.,2022-03,457.72,,457.72,219.82,2024-06,,2024-06,81.75,ongoing_census,2024-06
N24001549,SHRIRAMPUR (KM. 0.000) TO KOCHUGAON (KM. 30.000) OF BIJNI TO ASSAM./WEST BENGAL BORDER SECTION OF NH,ROAD TRANSPORT AND HIGHWAYS,Assam,NHAI,2017-07,442.23,,442.23,265.19,2020-04,2024-07,2024-07,99.6,ongoing_census,2024-06
N24001831,SRIRAMPUR - DHUBRI PKG-1 (NHIDCL),ROAD TRANSPORT AND HIGHWAYS,Assam,N.A.,2022-03,613.89,,613.89,17.09,2025-02,,2025-12,9.23,ongoing_census,2024-06
N24001832,DIBRUGARH-LAHOAL-CHABUA BYPASS PACKAGE-3,ROAD TRANSPORT AND HIGHWAYS,Assam,NHIDCL,2023-01,458.59,,458.59,112.38,2025-05,,2025-05,33.48,ongoing_census,2024-06
N24001840,CONSTRUCTION OF MANGALDOI BYPASS (NH-15) STARTING AT CH 26+400 AND TERMINATING AT CH 41+505 UNDER RA,ROAD TRANSPORT AND HIGHWAYS,Assam,N.A.,2022-03,535.03,,535.03,,2025-04,,2025-04,8.0,ongoing_census,2024-06
N24001969,WIDENING AND UPGRADATION TO TWO LANES WITH PAVED SHOULDERS ROAD FROM TAMENGLONG TO MAHUR (NH-137) I,ROAD TRANSPORT AND HIGHWAYS,Assam,NHIDCL,2023-03,904.04,,904.04,251.81,2025-08,,2025-08,29.55,ongoing_census,2024-06
N24001970,WIDENING AND UPGRADATION TO TWO LANES WITH PAVED SHOULDERS ROAD FROM TAMENGLONG TO MAHUR (NH-137) IN,ROAD TRANSPORT AND HIGHWAYS,Assam,NHIDCL,2023-03,860.37,,860.37,241.3,2025-08,,2025-08,27.65,ongoing_census,2024-06
N24001971,WIDENING AND UPGRADATION TO TWO LANES WITH PAVED SHOULDERS ROAD FROM TAMENGLONG TO MAHUR (NH-137) IN,ROAD TRANSPORT AND HIGHWAYS,Assam,NHIDCL,2023-03,890.33,,890.33,291.62,2025-08,,2025-08,24.8,ongoing_census,2024-06
N24001972,WIDENING/IMPROVEMENT TO 4-LANE WITH PAVED SHOULDER FROM KM 0+800 (KANDULIJAN GAON) TO KM 27+701 (SI,ROAD TRANSPORT AND HIGHWAYS,Assam,NHIDCL,2023-03,609.16,,609.16,150.3,2026-04,,2026-04,45.28,ongoing_census,2024-06
N24001973,WIDENING/IMPROVEMENT TO 4-LANE WITH PAVED SHOULDER FROM KM 27+701 (SIMEN CHAPORI) TO KM 55+000 (NAG,ROAD TRANSPORT AND HIGHWAYS,Assam,NHIDCL,2023-03,562.05,,562.05,134.31,2026-02,,2026-02,44.85,ongoing_census,2024-06
N24002021,BILASIPURA-GUWAHATI ROAD PKG-8 (NHIDCL),ROAD TRANSPORT AND HIGHWAYS,Assam,N.A.) (N.A.,2023-03,1457.59,,1457.59,253.98,2026-12,,2026-12,14.25,ongoing_census,2024-06
N24002022,BILASIPURA-GUWAHATI ROAD PKG-9,ROAD TRANSPORT AND HIGHWAYS,Assam,N.A.) (N.A.,2023-03,1000.27,,1000.27,198.26,2026-06,,2026-06,6.85,ongoing_census,2024-06
N24002023,BILASIPURA-GUWAHATI ROAD PKG-10 (NHIDCL),ROAD TRANSPORT AND HIGHWAYS,Assam,N.A.,2023-03,1264.9,,1264.9,253.21,2026-06,,2026-06,7.08,ongoing_census,2024-06
N24002024,DABOKA BYPASS OF DABOKA - PAROKHAOWA PKG -1,ROAD TRANSPORT AND HIGHWAYS,Assam,NHIDCL,2023-01,516.88,,516.88,111.05,2025-11,,2025-11,27.85,ongoing_census,2024-06
N24002025,2 LANE WITH PAVED SHOULDER FROM KM 16+900 (BOGAPANI) TO KM 27+150 (GOLAI GAON) ON EXISTING DIBRUGARH,ROAD TRANSPORT AND HIGHWAYS,Assam,NHIDCL,2023-01,356.65,,356.65,105.15,2025-12,,2025-12,2.54,ongoing_census,2024-06
N24002026,2 LANE WITH PAVED SHOULDER FROM KM 27+150 (GOLAI GAON) TO KM 47+682 (LEDO) ON EXISTING DIBRUGARH TO,ROAD TRANSPORT AND HIGHWAYS,Assam,NHIDCL,2023-03,643.42,,643.42,64.67,2025-12,,2025-12,6.55,ongoing_census,2024-06
N24002030,DEVELOPMENT OF EXTERNAL TRUNK CONNECTIVITY AND INTERNAL INFRASTRUCTURE WORKS AT MULTI MODEL LOGISTIC,ROAD TRANSPORT AND HIGHWAYS,Assam,N.A.,2020-02,592.06,,592.06,291.25,2022-03,,2024-08,92.87,ongoing_census,2024-06
N24002127,SILCHAR VAIRENGTE SAIRANG ROAD PKG-1,ROAD TRANSPORT AND HIGHWAYS,Assam,NHIDCL,2023-02,1256.9,,1256.9,301.62,2026-07,,2026-07,10.76,ongoing_census,2024-06
N24002128,SILCHAR VAIRENGTE SAIRANG ROAD PKG-2,ROAD TRANSPORT AND HIGHWAYS,Assam,N.A.,2023-03,1716.21,,1716.21,687.53,2026-08,,2026-08,24.93,ongoing_census,2024-06
N24002129,FOUR LANNING OF BADARPUR BYPASS FROM DESIGN CHAINAGE KM 27+300 AT CROSSING WITH NH-6,ROAD TRANSPORT AND HIGHWAYS,Assam,NHIDCL,2023-02,574.26,,574.26,168.16,2026-08,,2026-08,16.84,ongoing_census,2024-06
N24002130,TAMENGLONG- MAHUR ROAD PKG-7 (NHIDCL),ROAD TRANSPORT AND HIGHWAYS,Assam,N.A.,2023-12,846.82,,846.82,268.07,2026-03,,2026-03,27.58,ongoing_census,2024-06
N04000082,"CONSTRUCTION OF NEW DORNESTIC TERMINAL BUILDING AND OTHER STRUCTURES, PHASE I AND II",CIVIL AVIATION,Bihar,AAI,2018-05,1216.9,,1216.9,744.99,2022-10,2024-12,2024-12,66.4,ongoing_census,2024-06
N28000100,CONSTRUCTION OF ACADEMIC AND RESIDENTIAL COMPLEX UNDER PHASE-II FOR THE CAMPUS OF IIT PATNA,DEPARTMENT OF HIGHER EDUCATION,Bihar,CPWD EDUCATION,2016-02,496.18,496.0,460.0,390.15,2017-06,2024-01,2024-01,100.0,ongoing_census,2024-06
N42000009,PERMANENT CAMPUS FOR IIM BODH GAYA,DEPARTMENT OF HIGHER EDUCATION,Bihar,CPWD EDUCATION,2018-09,375.0,,375.0,326.87,2020-09,,2020-09,98.7,ongoing_census,2024-06
N16000327,CITY GAS DISTRIBUTION (CGD) NETWORK PATNA (GAIL),PETROLEUM,Bihar,N.A.,2017-10,359.25,,359.25,293.6,2022-10,,2024-03,100.0,ongoing_census,2024-06
N16000386,BARAUNI REFINERY CAPACITY EXPANSION FROM 6.0 TO 9.0 MMTPA,PETROLEUM,Bihar,IOCL,2020-01,14810.0,,14810.0,9130.03,2023-04,2024-12,2025-12,77.8,ongoing_census,2024-06
N16000415,"CGD PROJECT AT AURANGABAD, KAIMUR AND ROHTAS DISTRICTS",PETROLEUM,Bihar,Feb-29,2018-10,176.0,,176.0,132.81,2027-08,2029-02,2029-02,100.0,ongoing_census,2024-06
N16000421,"CGD PROJECT AT ARARIA, PURNIA, KATIHAR AND KISHANGANJ DISTRICTS",PETROLEUM,Bihar,IOCL,2019-06,988.0,,988.0,93.56,2029-12,2030-03,2030-03,100.0,ongoing_census,2024-06
N16000422,"CGD PROJECT AT ARWAL, JEHANABAD, BHOJPUR AND BUXAR DISTRICTS",PETROLEUM,Bihar,IOCL,2019-06,439.0,,439.0,221.42,2028-02,2029-08,2029-08,100.0,ongoing_census,2024-06
N16000423,"CGD PROJECT AT KHAGARIA, SAHARSA AND MADHEPURA",PETROLEUM,Bihar,Mar-30,2019-06,163.0,,163.0,80.9,2029-12,2030-03,2030-03,22.4,ongoing_census,2024-06
N16000424,"CGD PROJECT AT LAKHISARAI, MUNGER AND BHAGALPUR DISTRICTS",PETROLEUM,Bihar,IOCL,2019-06,347.0,,347.0,156.74,2028-02,2029-08,2029-08,100.0,ongoing_census,2024-06
N16000425,"CGD PROJECT AT MUZAFFARPUR, VAISHALI, SARAN AND SAMASTIPUR DISTRICTS",PETROLEUM,Bihar,IOCL,2019-06,2996.0,,2996.0,572.3,2028-02,2029-08,2029-08,100.0,ongoing_census,2024-06
N16000453,INSTALLATION OF BITUMEN MANUFACTURING UNIT ALONG WITH ALLIED FACILITIES AT BARAUNI,PETROLEUM,Bihar,IOCL,2022-01,389.0,,389.0,21.19,2025-04,,2025-04,9.1,ongoing_census,2024-06
N16000523,CITY GAS DISTRIBUTION PROJECTS AT GOPALGANJ SIWAN WEST CHAMPARAN EAST CHAMPARAN AND DEORIA DISTRICTS,PETROLEUM,Bihar,N.A.,,3919.0,,3919.0,168.42,2030-06,,2030-06,12.2,ongoing_census,2024-06
N16000524,"CITY GAS DISTRIBUTION PROJECTS AT DARBHANGA, MADHUBANI, SUPAUL, SITAMARHI AND SHEOHAR DISTRICTS",PETROLEUM,Bihar,BPCL,,3638.0,,3638.0,192.46,2030-03,,2030-03,11.1,ongoing_census,2024-06
180100242,BARH STPP(3X660MW) NTPC,POWER,Bihar,NTPC,2005-02,8692.97,21312.11,21312.11,22311.28,2011-10,2023-07,2024-11,90.0,ongoing_census,2024-06
N18000194,BUXAR THERMAL POWER PLANT (1320 MW),POWER,Bihar,SJVN,2019-03,10439.09,,10439.09,10087.69,2024-01,,2025-02,80.19,ongoing_census,2024-06
N18000299,"TRANSMISSION SYSTEM FOR POWER EVACUATION FROM ARUN-3 (900MW) HEP, NEPAL OF M/S SAPDC-INDIAN PORTION",POWER,Bihar,PGCIL,2021-05,179.29,,179.29,116.97,2023-04,,2023-04,0.0,ongoing_census,2024-06
N22000087,"NEW B.G. LINE FROM ARARIA TO GALGALIA (THAKURGUNG), NEFR",RAILWAYS,Bihar,NFR,2006-09,532.87,2132.03,4415.08,2564.21,2019-03,,2024-12,76.0,ongoing_census,2024-06
N22000171,SAKRI-HASANPUR ROAD (NL),RAILWAYS,Bihar,N.A.) (735.20,1999-04,325.0,735.2,735.2,575.42,,,2027-03,78.0,ongoing_census,2024-06
N22000177,ARARIA-SUPAUL (NL),RAILWAYS,Bihar,ECR,2008-04,1605.17,1605.17,1605.17,1256.73,,,2025-01,26.0,ongoing_census,2024-06
N22000180,SAKRI-NIRMALI AND JHANJHARPUR- LAUKAHABAZAR AND SAHARSA- FORBESGANJ (GC),RAILWAYS,Bihar,ECR,2004-04,372.14,1470.5,2350.0,2458.23,,,2024-06,97.0,ongoing_census,2024-06
N22000181,JAYNAGAR-BIJALPURA INCLUDING EXTENSION BIJALPURA- BARDIBAS(NEPAL) GC,RAILWAYS,Bihar,N.A.) (548.00,2009-04,548.0,548.0,783.83,544.31,2020-03,,2026-03,78.0,ongoing_census,2024-06
N22000329,SAMASTIPUR-DARBANGHA (ECR),RAILWAYS,Bihar,N.A.) (519.33,2015-05,380.0,519.33,519.33,509.5,,,2025-03,62.0,ongoing_census,2024-06
N22000349,KIUL - GAYA DOUBLING PROJECT,RAILWAYS,Bihar,ECR,2015-12,1200.2,1200.2,1771.07,1634.02,2020-03,,2024-05,96.0,ongoing_census,2024-06
N22000350,RAMPUR DUMRA - TAL - RAJENDRAPUL DOUBLING INCLUDING GANGA BRIDGE,RAILWAYS,Bihar,ECR,2015-12,1491.47,1491.47,1600.0,1552.05,2020-03,,2025-03,77.0,ongoing_census,2024-06
N22000472,SAGAULI VALMIKINAGAR DOUBLING 109.7 KM,RAILWAYS,Bihar,ECR,,744.04,1215.54,1215.54,1323.71,2021-03,,2024-06,85.0,ongoing_census,2024-06
N22000473,MUZAFFARPUR SAGAULI DOUBLING 100.60 KM,RAILWAYS,Bihar,ECR,2016-04,731.64,1185.73,1300.0,1297.39,2021-03,,2024-06,80.0,ongoing_census,2024-06
N22000476,"FATUHA-ISLAMPUR INCL. MM FOR EXTENSION OF NEW LINE FORM BIHARSHARIF-BARBIGHA, DANIYAWAN- BIHARSHARIF,",RAILWAYS,Bihar,ECR,1991-04,329.39,803.09,2722.16,2424.84,,,2024-12,90.0,ongoing_census,2024-06
N22000523,DARBHANGA - BYPASS LINE CONNECTING SHISHO HALT AND KAKARGHATI EXCL DARBHANGA YARD (7.64 KM),RAILWAYS,Bihar,ECR,2019-06,983.62,253.23,415.0,361.88,2025-06,,2024-06,80.0,ongoing_census,2024-06
N22000524,BARAUNI- BACHWARA 3RD AND 4TH LINE,RAILWAYS,Bihar,N.A.) (N.A.,,486.0,,486.0,57.5,2027-07,,2025-06,30.0,ongoing_census,2024-06
N22000526,JHAJHA - BATIA (UMBRELLA WORK PB#23/2018-19/NR),RAILWAYS,Bihar,N.A.,2019-02,496.47,,496.47,2.34,2028-06,,2027-03,0.0,ongoing_census,2024-06
N22000528,SONENAGAR BYE PASS LINE FROM CHIRALAPOTHU TO BAGHA BISHUNPUR,RAILWAYS,Bihar,ECR,2022-10,234.0,223.69,223.69,8.31,2027-10,,2025-06,0.0,ongoing_census,2024-06
N22000570,KATIHAR-KUMEDPUR & KATIHAR- MUKURIA (64.5 KM) (UMBRELLA WORK PB#57/2019-20/NR),RAILWAYS,Bihar,N.A.,2022-08,745.0,,745.0,,2027-08,,2027-08,0.0,ongoing_census,2024-06
220100240,"JAYANAGAR-DARBHANGA-NARKATIA GANJ(GC),ECR",RAILWAYS,Bihar,ECR,1997-04,324.73,967.29,1250.0,1227.14,2012-03,,2023-12,99.0,ongoing_census,2024-06
220100257,KHAGARIA-KUSHESHWAR ASTHAN (NL),RAILWAYS,Bihar,ECR) (N.A.) (614.45,1997-04,162.87,614.45,614.45,439.74,,,2026-12,50.0,ongoing_census,2024-06
220100303,"HAJIPUR-SUGAULI VIA VAISHALI (NL), ECR",RAILWAYS,Bihar,ECR,,528.65,2087.36,2087.36,1898.3,,,2024-12,48.0,ongoing_census,2024-06
N24000165,PATNA-MUZZAFFARPUR (NHAI),ROAD TRANSPORT AND HIGHWAYS,Bihar,,2010-08,671.3,,671.3,1830.13,2013-02,2024-06,2024-08,96.54,ongoing_census,2024-06
N24000187,4-LANNING OF CHAPRA-HAJIPUR (NHAI),ROAD TRANSPORT AND HIGHWAYS,Bihar,Jun-24) (N.A.,2011-01,575.0,,575.0,535.23,2013-07,2024-06,2024-06,82.18,ongoing_census,2024-06
N24000382,REHABILITATION AND UPGRADING TO 2 LANES/2 LANE WITH PAVED SHOULDERS CONFIGURATION OF BIRPUR - BIHPUR,ROAD TRANSPORT AND HIGHWAYS,Bihar,MoRTH,,675.0,780.77,780.77,655.24,2019-02,2024-08,2024-08,82.32,ongoing_census,2024-06
N24000473,FOUR LANING OF PATNA TO KOILWAR (NHAI),ROAD TRANSPORT AND HIGHWAYS,Bihar,N.A.,2015-08,556.07,,556.07,,,,,0.0,ongoing_census,2024-06
N24000480,FOUR OF SIMARIA - KHAGARIA SECTION OF NH-31,ROAD TRANSPORT AND HIGHWAYS,Bihar,NHAI,2015-12,1041.1,567.0,639.58,553.73,2019-04,2022-07,2024-12,95.6,ongoing_census,2024-06
N24000507,FOUR LANING OF BAKHTIYARPUR - MOKAMA SECTION OF NH-31,ROAD TRANSPORT AND HIGHWAYS,Bihar,N.A.,2015-12,1167.45,,1182.94,707.88,2019-12,,2024-05,91.22,ongoing_census,2024-06
N24000531,REHABILITATION AND UPGRADING TO 2 LANES/2 LANE WITH PAVED SHOULDERS (KM 40 TO KM 219.945) OF NH-104,ROAD TRANSPORT AND HIGHWAYS,Bihar,MoRTH,,319.68,404.1,503.28,430.14,2008-11,2024-06,2024-06,98.75,ongoing_census,2024-06
N24000576,CONSTRUCTION OF REHABILITATION AND UPGRADING TO 2 LANES/2 LANE(FOR LOT-I-KM 40.00 TO KM 65.400 AND K,ROAD TRANSPORT AND HIGHWAYS,Bihar,MoRTH,2016-02,178.85,225.06,278.54,232.61,2016-05,2024-06,2024-06,98.35,ongoing_census,2024-06
N24000578,"PROCUREMENT, AND CONSTRUCTION OF REHABILITATION AND UPGRADING TO 2 LANES/2 LANE(FOR LOT-III-KM 156.5",ROAD TRANSPORT AND HIGHWAYS,Bihar,MoRTH,,553.3,706.39,706.39,607.49,2016-05,2024-07,2024-07,98.0,ongoing_census,2024-06
N24000579,FOUR LANING OF GAYA-HISUA-RAJGIRI- NALANDA-BIHARSHARIF SECTION (KM0.00 TO 92.935) ON NH-82 IN BIHAR,ROAD TRANSPORT AND HIGHWAYS,Bihar,MoRTH,2014-01,1408.85,2138.16,2138.16,1692.81,2016-10,2024-08,2024-08,95.48,ongoing_census,2024-06
N24000665,TWO-LANNING WITH PAVED SHOULDER OF MAHSHKUNT-SAHARSA-PURNEA SECTION FROM EXISTING KM.89.020 (DESIGN,ROAD TRANSPORT AND HIGHWAYS,Bihar,NHAI,2017-03,672.89,736.01,830.31,549.1,2020-03,2025-03,2025-03,72.83,ongoing_census,2024-06
N24000696,SIX LANNING OF AUNTA-SIMARIA(GANGA BRIDGE WITH APPROACH ROADS) SECTION OF NH-31,ROAD TRANSPORT AND HIGHWAYS,Bihar,NHAI,2017-08,950.64,1161.0,1168.33,956.39,2022-02,2023-08,2024-10,81.86,ongoing_census,2024-06
N24000714,CONSTRUCTION OF NEW LINK (NH-133B) FROM KM 0/00 (KM 200/87 OF SAHIBANJ BYPASS) IN JHARKHAND TO KM 15,ROAD TRANSPORT AND HIGHWAYS,Bihar,NHAI,2017-12,2598.0,,1962.5,1229.96,2024-10,2024-10,2025-04,67.18,ongoing_census,2024-06
N24000723,REHABILITATION AND UPGRADATION OF TWO LANING OF MAHESHKHUNT - SAHARSA - PURNEA SECTION PKG - I,ROAD TRANSPORT AND HIGHWAYS,Bihar,NHAI,,573.7,644.5,726.99,452.2,2021-12,2019-12,2025-03,75.0,ongoing_census,2024-06
N24000724,SIX LANING OF AURANGABAD TO BIHAR - JHARKHAND BORDER (CHORDAHA) SECTION,ROAD TRANSPORT AND HIGHWAYS,Bihar,NHAI,,895.39,,895.39,1632.71,2024-04,2024-12,2024-12,41.0,ongoing_census,2024-06
N24000813,DEVELOPMENT OF NEWLY DECLARED NH- 527C FROM MAJHAULI TO CHAROUT SECTION TO 2 LANE WITH PAVED SHOULDER,ROAD TRANSPORT AND HIGHWAYS,Bihar,Dec-24) (470.18,,496.2,470.18,537.17,366.24,2021-11,2024-12,2024-12,84.99,ongoing_census,2024-06
N24000943,CONSTRUCTION OF A NEW 4 LANE MAJOR BRIDGE ACROSS RIVER KOSI AT PHULAUT INCLUDING RHABILITATION AND,ROAD TRANSPORT AND HIGHWAYS,Bihar,MoRTH,2018-09,1478.4,,1478.4,780.82,2024-06,2026-02,2026-02,55.31,ongoing_census,2024-06
N24001201,CONSTRUCTION OF A NEW 4 LANE BRIDGE PARALLEL TO EXISTING MG SETU WITH ITS APPROACHES FROM KM 0.00,ROAD TRANSPORT AND HIGHWAYS,Bihar,MoRTH,2019-02,2926.42,,2926.42,970.95,2024-09,2026-02,2026-02,45.63,ongoing_census,2024-06
N24001303,BALANCE WORK OF 4- LANING OF PATNA- GAYA-DOBHI SECTION (KM. 0.00 TO KM. 127.217) OF NH-83 IN THE STAT,ROAD TRANSPORT AND HIGHWAYS,Bihar,NHAI,2013-10,649.9,,750.0,711.53,2020-12,2024-12,2024-12,98.3,ongoing_census,2024-06
N24001304,BALANCE WORK OF 4- LANING OF PATNA- GAYA-DOBHI SECTION (KM. 39.00 TO KM. 83.00) OF NH-83 IN THE STATE,ROAD TRANSPORT AND HIGHWAYS,Bihar,NHAI,2013-10,446.97,598.48,740.5,638.8,2020-11,2024-12,2024-12,96.3,ongoing_census,2024-06
N24001305,BALANCE WORK OF 4- L ANING OF PATNA- GAYA-DOBHI SECTION (KM.83.00 TO KM. 127.217) OF NH-83 IN THE STA,ROAD TRANSPORT AND HIGHWAYS,Bihar,NHAI,2013-10,464.09,605.53,765.12,698.25,2020-11,2024-12,2024-12,97.3,ongoing_census,2024-06
N24001371,CONSTRUCTION OF 2 LANE BRIDGE ACROSS RIVER KOSI WITH APPROACH ROAD FROM BHEJA TO BAKAUR SECTION OF N,ROAD TRANSPORT AND HIGHWAYS,Bihar,N.A.,2019-10,1101.99,,1101.99,756.54,2023-08,2024-12,2024-12,61.77,ongoing_census,2024-06
N24001697,4L GREENFIELD ALIGNMENT FROM KALYANAPUR TO TAL DASHRAHA OF NH- 119D (PKG-III),ROAD TRANSPORT AND HIGHWAYS,Bihar,NHAI,2023-02,1358.0,,1358.0,43.27,2025-02,,2025-02,9.1,ongoing_census,2024-06
N24001698,FOUR LANING OF MUNGER TO MIRZACHAUKI (NH-80) SECTION FROM NEAR RASULPUR TO MIRZACHAUKI (DESIGN CH,ROAD TRANSPORT AND HIGHWAYS,Bihar,N.A.,2022-08,1198.02,,1198.02,,2024-08,,2024-08,0.0,ongoing_census,2024-06
N24001699,CONSTRUCTION OF 4 LANE ELEVATED SECTION AND AT- GRADE IMPROVEMENTS AT BEGUSARAI TOWN SECTION OF NH-3,ROAD TRANSPORT AND HIGHWAYS,Bihar,NHAI,2022-03,312.58,,312.58,118.6,2024-12,,2024-12,50.67,ongoing_census,2024-06
N24001700,SIX LANNING OF AURANGABAD TO BIHAR/JHARKHAND BORDER SECTION OF NH-19 (OLD NH-2) FROM KM. 209.827 TO,ROAD TRANSPORT AND HIGHWAYS,Bihar,NHAI,2021-12,552.55,553.0,553.0,414.79,2024-03,2024-12,2024-12,47.47,ongoing_census,2024-06
N24001701,FOUR LANING OF MUNGER TO MIRZACHAUKI (NH-80) SECTION FROM START OF EXISTING BHAGALPUR BYPASS TO RASU,ROAD TRANSPORT AND HIGHWAYS,Bihar,NHAI,2022-04,1769.5,,1769.5,,2024-04,,2024-04,0.0,ongoing_census,2024-06
N24001702,CONSTRUCTION OF 4 LANE ELEVATED HIGHWAY AND AT-GRADE IMPROVEMENTS AT GOPALGANJ TOWN FROM DESIGN CH:,ROAD TRANSPORT AND HIGHWAYS,Bihar,NHAI,2021-12,184.9,185.0,185.0,152.72,2024-09,,2024-09,80.62,ongoing_census,2024-06
N24001703,6 L OF AURANGABAD TO BIHAR- JHARKHAND BORDER (CHORDAHA) SECTION FROM KM. 180.000 TO KM. 209.827 OF N,ROAD TRANSPORT AND HIGHWAYS,Bihar,NHAI,2022-02,786.81,787.0,787.0,,2025-05,,2025-05,0.0,ongoing_census,2024-06
N24001704,FOUR LANING OF MUNGER TO MIRZACHAUKI (NH-80) SECTION FROM KHARIA VILLAGE JUNCTION TO START OF EXISTI,ROAD TRANSPORT AND HIGHWAYS,Bihar,N.A.,2021-03,1020.84,,1020.84,84.78,2024-03,2024-12,2024-12,0.0,ongoing_census,2024-06
N24001705,FOUR LANING OF MUNGER TO MIRZACHAUKI (NH-80) SECTION FROM MUNGER TO KHARIA VILLAGE JUNCTION DESIGN C,ROAD TRANSPORT AND HIGHWAYS,Bihar,NHAI,2022-03,1485.66,,1485.66,,2024-03,2024-12,2024-12,0.0,ongoing_census,2024-06
N24001706,4 LANING OF GALGALIA - BAHADURGANJ SECTION FROM KM 0.000 TO KM 49.000 (PACKAGE-I) OF NH-327E.,ROAD TRANSPORT AND HIGHWAYS,Bihar,NHAI,2021-03,1097.18,1097.0,1097.0,517.8,2024-01,2024-08,2024-08,99.0,ongoing_census,2024-06
N24001707,4 LANING OF BAHADURGANJ ARARIA SECTION FROM KM 49.000 TO KM 94.000 (PACKAGE-II) OF NH-327E,ROAD TRANSPORT AND HIGHWAYS,Bihar,NHAI,2021-03,1143.46,1143.46,1143.46,450.44,2024-01,2024-09,2024-09,86.64,ongoing_census,2024-06
N24001708,BAKHTIYARPUR RAJAULI PKG-III FROM KM 101.630 TO KM 152.520 NH20,ROAD TRANSPORT AND HIGHWAYS,Bihar,NHAI,2020-09,2156.22,,2156.22,2134.67,2024-06,,2024-06,92.65,ongoing_census,2024-06
N24001709,BAKHTIYARPUR RAJAULI PKG-II FROM KM 54.405 TO KM 101.630 NH20,ROAD TRANSPORT AND HIGHWAYS,Bihar,NHAI,,897.45,,1090.0,1037.63,2023-04,2024-12,2024-12,97.85,ongoing_census,2024-06
N24001710,4 LANING FROM KM. 34.600 TO KM. 79.970 and 2LPS FROM KM. 79.970 TO KM. 82.000 OF NARENPUR - PURNEA S,ROAD TRANSPORT AND HIGHWAYS,Bihar,NHAI,2020-09,2334.68,2494.2,2494.2,913.7,2023-03,2024-08,2024-08,99.0,ongoing_census,2024-06
N24001711,6L OF KANHAULI RAMNAGAR PATNA RING ROAD PKG I FROM KM 0.000 TO KM 39.160 OF SH78 NEW NH131G,ROAD TRANSPORT AND HIGHWAYS,Bihar,NHAI,,939.43,,939.43,370.62,2023-03,2024-12,2024-12,99.3,ongoing_census,2024-06
N24001712,FOUR LANING OF PARARIA TO MOHANIA SECTION OF NH 319 (OLD NH 30) FROM KM. 54+530 (DESIGN CHAINAGE) TO,ROAD TRANSPORT AND HIGHWAYS,Bihar,Dec-24,2020-08,690.0,,690.0,770.73,2023-07,2024-12,2024-12,98.45,ongoing_census,2024-06
N24001715,BALANCE WORK OF TWO LANING WITH PAVED SHOULDER OF PIPRAKOTHI?MOTIHARI- RAXAUL SECTION OF NH-28A FRO,ROAD TRANSPORT AND HIGHWAYS,Bihar,NHAI,2018-12,333.6,466.59,461.41,460.38,2020-10,,2024-01,100.0,ongoing_census,2024-06
N24001870,IMPROVEMENT TO TWO LANE WITH PAVED SHOULDERS OF NH 122B FROM KM 29.730 TO KM 72.348 IN STATE OF BIH,ROAD TRANSPORT AND HIGHWAYS,Bihar,Mar-25,2022-02,624.43,,624.43,139.88,2024-11,2025-03,2025-03,55.0,ongoing_census,2024-06
N24001875,WIDENING AND STRENTHENING FROM KM 70.15 TO KM 121.025 OF NH-80,ROAD TRANSPORT AND HIGHWAYS,Bihar,MoRTH,2021-03,477.54,,477.54,188.27,2025-01,2025-03,2025-03,53.7,ongoing_census,2024-06
N24001876,WIDENING and STRENTHENING FROM KM132.895 TO KM 190.15 NH-80,ROAD TRANSPORT AND HIGHWAYS,Bihar,MoRTH,2021-03,566.15,,566.15,135.11,2024-03,2025-06,2025-06,27.8,ongoing_census,2024-06
N24001877,CONSTRUCTION OF NEW 4-LANE BRIDGE SETU)FROM KM 8+920 TO KM 13+375,ROAD TRANSPORT AND HIGHWAYS,Bihar,PARALLEL TO EXISTING VIKRAMASHILA (N.A.) (N.A.,2020-07,1110.23,,1110.23,207.89,2027-05,,2027-05,14.0,ongoing_census,2024-06
N24001878,IMPROVEMENT TO TWO LANE WITH PAVED SHOULDERS OF NH-319A FROM KM 0 TO KM 45 IN STATE OF BIHAR UNDER,ROAD TRANSPORT AND HIGHWAYS,Bihar,Mar-25,2022-02,427.29,,427.29,112.82,2024-12,2025-03,2025-03,53.03,ongoing_census,2024-06
N24001879,CONSTRUCTION OF PROPOSED 4_LANE REVELGUNJ BYPASS NH-19 IN THE STATE OF BIHAR ON EPC MODE CONNECTING,ROAD TRANSPORT AND HIGHWAYS,Bihar,MoRTH,2022-03,295.24,,295.24,18.43,2025-07,,2025-07,21.2,ongoing_census,2024-06
N24002062,CONSTRUCTION OF 6- LANE BRIDGE AND ITS APPROACHES ACROSS RIVER GANGA AS PART OF PATNA RING ROAD (NH-,ROAD TRANSPORT AND HIGHWAYS,Bihar,N.A.,,3012.27,,3012.27,,2027-09,,2027-09,0.0,ongoing_census,2024-06
N24002063,BALANCE WORK - WB-10 (GANDAK BRIDGE) KM 402.00 TO KM 440.00 (DEVANPUR - KOTWA),ROAD TRANSPORT AND HIGHWAYS,Bihar,NHAI,2021-12,210.05,,210.05,89.41,2024-01,,2025-06,68.58,ongoing_census,2024-06
N24002064,PERMANENT RECTIFICATION OF 3 NOS. OF BLACK SPOTS IN PROJECT HIGHWAY NH-27 OF U.P BORDER - DEWAPUR -,ROAD TRANSPORT AND HIGHWAYS,Bihar,N.A.,2022-12,381.8,,381.8,,2025-12,,2025-12,5.5,ongoing_census,2024-06
N24002065,4L GREENFIELD ALIGNMENT OF AMAS TO SHIVRAMPUR FROM 0.000 KM. TO 55.002 KM. OF NH 119 D (PKG-I),ROAD TRANSPORT AND HIGHWAYS,Bihar,NHAI,,1390.92,,1390.92,35.12,2025-03,,2025-03,3.94,ongoing_census,2024-06
N24002066,4L GREENFIELD ALIGNMENT OF SHIVRAMPUR TO RAMNAGAR FROM KM. 55.002 TO KM. 109.300 OF NH 119 D (PKG-I,ROAD TRANSPORT AND HIGHWAYS,Bihar,NHAI,2022-02,1494.31,,1494.31,38.28,2025-07,,2025-07,4.59,ongoing_census,2024-06
N24002133,IMPROVEMENT OF 2 LANE WITH PAVED SHOULDER OF STRETCH FROM BIKRAMGANJ DAWATH MELAYABAGH NAWANAGR -DUM,ROAD TRANSPORT AND HIGHWAYS,Bihar,MoRTH,2021-03,178.63,,178.63,42.74,2025-03,,2025-06,36.0,ongoing_census,2024-06
N28000148,PATNA METRO RAIL CORPORATION LIMITED,URBAN DEVELOPMENT,Bihar,N.A.,2019-02,13365.77,,13925.5,2210.82,2024-06,,2024-09,37.28,ongoing_census,2024-06
N30000026,SEWER NETWORK SPS AND STP BEGUSARAI,WATER RESOURCES,Bihar,BUIDCO,2018-03,230.06,,230.06,221.39,2021-07,2019-12,2023-12,94.0,ongoing_census,2024-06
N30000027,I AND D AND STP WORKS FOR BHAGALPUR,WATER RESOURCES,Bihar,Nov-20) (413.29,2017-10,254.13,413.29,413.29,116.3,2020-09,2020-11,2024-03,75.0,ongoing_census,2024-06
N30000028,I AND D AND STP AT CHAPPRA (BUIDCO),WATER RESOURCES,Bihar,N.A.) (N.A.,2018-11,236.15,,236.15,138.29,2020-12,,2023-08,100.0,ongoing_census,2024-06
N30000035,SEWER NETWORKS SPS AND STP HAJIPUR,WATER RESOURCES,Bihar,BUIDCO,2018-03,305.19,,305.19,308.82,2021-08,2018-03,2023-08,88.0,ongoing_census,2024-06
N30000036,"SEWER NETWORKS, SPS AND STP, MUNGER",WATER RESOURCES,Bihar,BUIDCO,2018-03,294.02,350.79,294.02,365.58,2021-10,2018-03,2023-12,99.0,ongoing_census,2024-06
N30000037,SEWERAGE SYSTEM WITH SEWER NETWORK PATNA BEUR,WATER RESOURCES,Bihar,BUIDCO,2014-12,225.77,,398.9,363.79,2020-03,,2020-06,100.0,ongoing_census,2024-06
N30000039,SAIDPUR SEWER NETWORK PATNA (BUIDCO),WATER RESOURCES,Bihar,N.A.) (N.A.,2015-04,268.63,,431.21,480.25,2021-01,,2021-01,100.0,ongoing_census,2024-06
N30000040,SEWERAGE SCHEME AT PAHARI ZONE V PATNA,WATER RESOURCES,Bihar,BUIDCO,,356.37,364.0,356.37,304.62,2021-04,2017-05,2021-04,100.0,ongoing_census,2024-06
N30000043,SEWERAGE TREATMENT PLANT AT PAHARI PATNA,WATER RESOURCES,Bihar,May-17,2017-05,191.62,,191.62,119.23,2020-11,2017-05,2020-11,100.0,ongoing_census,2024-06
N30000044,SEWERAGE SYSTEM WITH SEWER NETWORK PATNA KARMALICHAK,WATER RESOURCES,Bihar,BUIDCO,2017-03,277.42,253.98,277.42,345.95,2021-05,2017-03,2021-05,100.0,ongoing_census,2024-06
N30000050,SEWERAGE SYSTEM AND STP FOR KANKARBAG ZONE PATNA,WATER RESOURCES,Bihar,BUIDCO,2017-08,578.89,453.83,578.89,134.46,2022-06,,2024-03,45.0,ongoing_census,2024-06
N30000051,"SEWERAGE SYSTEM AND STP FOR DIGHA ZONE, PATNA",WATER RESOURCES,Bihar,BUIDCO,,824.0,734.09,824.0,354.66,2022-06,,2024-03,47.0,ongoing_census,2024-06
060100093,GEVRA EXPANSION OCP (SECL) (35-70) MTY,COAL,Chhattisgarh,SECL,2010-06,11816.4,,11816.4,6120.38,2023-03,,2025-03,76.0,ongoing_census,2024-06
N06000008,KUSMUNDA EXPN.OCP(SECL)(15-50)MTY (SECL),COAL,Chhattisgarh,N.A.,2013-08,7612.33,,7612.33,4386.92,2023-03,,2025-03,81.0,ongoing_census,2024-06
N06000045,PELMA OCP(15.00MTY) (SECL),COAL,Chhattisgarh,N.A.) (N.A.,2014-11,1624.59,,1624.59,13.66,2023-03,,2030-03,11.0,ongoing_census,2024-06
N06000076,KARTALI (EAST) OCP (2.50 MTY) (SECL),COAL,Chhattisgarh,N.A.) (N.A.,2008-07,178.44,,178.44,9.02,2014-03,,2026-03,18.0,ongoing_census,2024-06
N06000104,CHHAL OC SEAM -III (6.00 MTY),COAL,Chhattisgarh,Mar-25) (N.A.,2013-12,610.63,,610.63,559.06,2022-03,2025-03,2025-03,80.0,ongoing_census,2024-06
N06000123,AMERA OC RCE (SECL),COAL,Chhattisgarh,N.A.,2015-02,335.97,,335.97,90.39,2018-03,2026-03,2026-03,37.0,ongoing_census,2024-06
N06000135,AMGAON OPENCAST PROJECT RCE (SECL),COAL,Chhattisgarh,Mar-26) (N.A.,2015-07,316.1,,316.1,191.16,2020-03,2026-03,2026-03,56.0,ongoing_census,2024-06
N06000136,DURGAPUR OPENCAST PROJECT (SECL),COAL,Chhattisgarh,Mar-26) (N.A.,2015-02,916.24,,916.24,19.54,2023-03,2026-03,2026-03,18.0,ongoing_census,2024-06
N06000140,MADANNAGAR OPENCAST PROJECT (SECL),COAL,Chhattisgarh,N.A.) (N.A.,2015-10,1875.32,,1875.32,,2024-03,,2030-03,5.0,ongoing_census,2024-06
N06000158,VIJAY WEST OPENCAST PROJECT,COAL,Chhattisgarh,N.A.) (N.A.,2017-05,976.95,,976.95,90.89,2026-03,,2026-03,4.0,ongoing_census,2024-06
N06000164,MAHAMAYA OPENCAST PROJECT (SECL),COAL,Chhattisgarh,N.A.,2018-05,410.26,,410.26,178.39,2026-03,,2026-03,37.0,ongoing_census,2024-06
N06000166,JHIRIA WEST OPENCAST PROJECT (SECL),COAL,Chhattisgarh,N.A.) (N.A.,2018-11,389.97,,366.94,20.79,2026-03,,2026-03,34.0,ongoing_census,2024-06
N06000197,BAROUD OC EXPANSION (3-10 MTY) (SECL),COAL,Chhattisgarh,N.A.) (N.A.,2020-08,2309.8,,2309.8,833.39,2029-03,,2029-03,35.0,ongoing_census,2024-06
N06000198,JAMPALI OCP RCE,COAL,Chhattisgarh,Mar-25) (N.A.,2020-05,278.64,,278.64,205.05,2024-03,2025-03,2025-03,71.0,ongoing_census,2024-06
N06000199,PORDA CHIMTAPANI OCP (10 MTY) (SECL),COAL,Chhattisgarh,N.A.,2020-12,2310.12,,2310.12,72.67,2029-03,,2029-03,10.0,ongoing_census,2024-06
N06000200,DIPKA OC EXPANSION 40 MTY (SECL),COAL,Chhattisgarh,N.A.) (N.A.,2020-12,5241.4,,5241.4,2699.62,2029-03,,2029-03,23.0,ongoing_census,2024-06
N06000232,JAGANNATHPUR OC RCE (3.0 MTY) (SECL),COAL,Chhattisgarh,Mar-05) (N.A.,2016-07,459.49,,459.49,249.66,2020-03,2005-03,2025-03,92.0,ongoing_census,2024-06
N28000141,"C/O PERMANENT CAMPUS OF IIT BHILAI AT KUTHELABHATA, DURG CHHATTISGARH, STAGE I PHASE I.",DEPARTMENT OF HIGHER EDUCATION,Chhattisgarh,CPWD EDUCATION,2020-03,808.62,,808.62,640.7,2022-07,,2022-07,99.2,ongoing_census,2024-06
N16000413,AUGMENTATION OF FACILITIES AT THE EXISTING RAIPUR DEPOT,PETROLEUM,Chhattisgarh,HPCL,2021-03,456.0,,456.0,311.81,2024-03,2025-03,2025-03,75.5,ongoing_census,2024-06
N18000350,WESTERN REGION EXPANSION SCHEME XXV (PGCIL),POWER,Chhattisgarh,N.A.,2023-02,385.84,,385.84,59.71,2023-11,,2024-09,26.0,ongoing_census,2024-06
N18000354,TRANSMISSION SYSTEM ASSOCIATED WITH WESTERN REGION EXPANSION SCHEME XXVII,POWER,Chhattisgarh,PGCIL,2023-03,271.69,,271.69,55.04,2024-09,,2024-09,35.0,ongoing_census,2024-06
N18000355,TRANSMISSION SYSTEM ASSOCIATED WITH WESTERN REGION EXPANSION SCHEME-XXVIII AND XXIX,POWER,Chhattisgarh,PGCIL,2023-03,260.3,,260.3,48.79,2025-03,,2025-03,50.0,ongoing_census,2024-06
N18000381,"LARA SUPER THERMAL POWER PROJECT, STAGE-II (2X800 MW)",POWER,Chhattisgarh,BHEL,2023-08,15530.0,,15530.0,709.38,2028-06,,2028-06,0.0,ongoing_census,2024-06
N22000318,KIRANDUL - JAGDALPUR DOUBLING (ECOR),RAILWAYS,Chhattisgarh,N.A.,2012-12,1160.0,,1440.0,1398.84,2020-03,,2024-03,87.0,ongoing_census,2024-06
N22000484,JHARSUGUDA-BILASPUR 4TH LINE,RAILWAYS,Chhattisgarh,SECR,2015-04,1973.0,2135.34,2135.34,1940.74,2021-03,2023-12,2024-10,72.0,ongoing_census,2024-06
N22000489,KHARSIA DHARAMJAIGARH WITH SPUR LINE EAST CORRIDOR-PHASE I,RAILWAYS,Chhattisgarh,IRCON,2013-04,3055.0,3438.39,3438.39,3041.21,2018-09,,2024-12,93.0,ongoing_census,2024-06
N22000572,Gauge conversion of Raipur(Kendri)-Dhamtari and Abhanpur-Rajim branch (67.20 km),RAILWAYS,Chhattisgarh,SECR,2011-07,1171.3,,1171.3,432.13,2024-10,,2024-10,0.0,ongoing_census,2024-06
N22000573,NIPANIA-BHATAPRA (14.4 KM) 4TH LINE (PB#72/NR/2022-23),RAILWAYS,Chhattisgarh,SECR,2022-09,170.49,,170.49,0.1,2026-12,,2026-12,0.0,ongoing_census,2024-06
N22000574,4TH LINE - BHATAPARA-HATHBAND (8.8 KM) (PB#72/NR/2022-23),RAILWAYS,Chhattisgarh,N.A.,,177.03,,177.03,0.21,2026-12,,2026-12,0.0,ongoing_census,2024-06
N22000575,4TH LINE - BHILAI-BHILAI NAGAR (8.8 KM) (PB#72/NR/2022-23),RAILWAYS,Chhattisgarh,SECR,2022-09,169.06,,177.34,0.02,2026-09,,2026-09,0.0,ongoing_census,2024-06
N22000576,4TH LINE - DADHAPARA-BELHA (9.2 KM) (PB#72/NR/2022-23),RAILWAYS,Chhattisgarh,SECR,2022-09,169.06,,169.06,0.22,2026-09,,2026-09,0.0,ongoing_census,2024-06
N22000577,4TH LINE - RAJNANDGAON- DONGARHGARH (31.2 KM) (PB#72/NR/2022- 23),RAILWAYS,Chhattisgarh,SECR,2022-09,328.34,,328.34,0.37,2026-09,,2026-09,0.0,ongoing_census,2024-06
N22000579,3RD AND 4TH LINE - SARAGBUNDIA AND MADWARANI,RAILWAYS,Chhattisgarh,N.A.,,167.64,,167.64,,2026-09,,2026-09,0.0,ongoing_census,2024-06
N22000580,DOUBLING OF BORIDAND - AMBIKAPUR ( SURAJPUR),RAILWAYS,Chhattisgarh,SECR,2022-06,1376.2,,775.82,33.77,2030-06,,2030-06,0.0,ongoing_census,2024-06
N22000602,DALLIRAJHARA - ROWGHAT (95 KM) {PART OF DALLIRAJHARA-JAGDALPUR (235 KM)},RAILWAYS,Chhattisgarh,N.A.,2008-03,631.78,,1627.56,1323.64,2025-06,,2025-06,84.0,ongoing_census,2024-06
N22000616,CHIRIMIRI-NAGPUR HALT (SECR),RAILWAYS,Chhattisgarh,N.A.) (N.A.,2018-10,241.0,,241.0,,2030-06,,2030-06,0.0,ongoing_census,2024-06
N22000617,FLYOVER AT BILASPUR (KHODRI- ANUPPUR) 10 KM,RAILWAYS,Chhattisgarh,SECR,2006-06,303.59,,303.59,29.86,2024-03,,2024-03,100.0,ongoing_census,2024-06
N24001217,REHABILITATION AND UPGRADATION OF NH 43 KANKER TO BEDMA SECTION KM. 130 TO 180,ROAD TRANSPORT AND HIGHWAYS,Chhattisgarh,MoRTH,,497.14,572.66,572.66,351.76,2016-08,,2024-12,56.27,ongoing_census,2024-06
N24001218,REHABILITATION AND UPGRADATION OF NH 111 FROM KM 163.400 TO 215.800 SHIVNAGAR TO AMBIKAPUR SECTION,ROAD TRANSPORT AND HIGHWAYS,Chhattisgarh,MoRTH,,335.32,397.32,335.32,345.35,2017-06,,2024-07,99.5,ongoing_census,2024-06
N24001219,REHABILITATION AND UPGRADATION OF NH 200 FROM KM 178.944 TO 241.553 BANARI VILLAGE TO MASANIA KALA V,ROAD TRANSPORT AND HIGHWAYS,Chhattisgarh,MoRTH,,476.2,610.18,543.73,501.42,2016-09,,2024-07,99.5,ongoing_census,2024-06
N24001221,REHABILITATION AND UPGRADATION OF NH 78 FROM KM 373.505 TO 469.300 AMBIKAPUR TO PATHALGAON SECTION,ROAD TRANSPORT AND HIGHWAYS,Chhattisgarh,MoRTH,,624.98,731.5,731.5,601.11,2016-10,,2024-07,98.15,ongoing_census,2024-06
N24001222,REHABILITATION AND UPGRADATION OF NH 78 FROM KM 469.000 TO 531.000 PATTHALGAON TO KUNKURI,ROAD TRANSPORT AND HIGHWAYS,Chhattisgarh,N.A.,,452.94,,435.61,280.38,2016-07,,2024-12,60.5,ongoing_census,2024-06
N24001224,REHABILITATION AND UPGRADATION OF NH 78 FROM KM 531.250 TO KM 597.946 KUNKURI TO CG JH BORDER SECTIO,ROAD TRANSPORT AND HIGHWAYS,Chhattisgarh,MoRTH,,423.79,,423.79,338.28,2018-01,,2023-12,100.0,ongoing_census,2024-06
N24001226,REHABILITATION AND UPGRADATION OF NH 216 FROM KM 3.800 TO 90.460 RAIGARH TO SARAIPALLI SECTION,ROAD TRANSPORT AND HIGHWAYS,Chhattisgarh,N.A.,,496.02,,496.02,240.11,2015-03,,2015-03,0.0,ongoing_census,2024-06
N24001227,CONSTRUCTION OF 4 NOS GRADE SEPARATOR BETWEEN KM. 281.000 TO KM 307.600 KM. 286.400 KUMHARI KM. 299.,ROAD TRANSPORT AND HIGHWAYS,Chhattisgarh,MoRTH,2018-03,349.03,,349.03,315.46,2019-01,,2024-07,97.24,ongoing_census,2024-06
N24001228,UPGRADATION AND WIDENING OF BILASPUR TO MUNGELI SECTION NH-130A,ROAD TRANSPORT AND HIGHWAYS,Chhattisgarh,N.A.,2017-11,188.8,,188.8,136.81,2019-05,,2024-09,97.0,ongoing_census,2024-06
N24001588,DEVELOPMENT OF SIX LANE SARGI- BASANWAHI OF NH 130 CD FROM KM.42+800 TO 99+500 UNDER RAIPUR VISAKHAPA,ROAD TRANSPORT AND HIGHWAYS,Chhattisgarh,NHAI,2021-12,1470.73,,1470.73,454.5,2025-01,,2025-09,48.44,ongoing_census,2024-06
N24001591,4 LANING OF CHAMPA-KORBA-CHHURI- KATGHORA SECTION OF NH 149B FROM KM.0.000 TO KM.38.200,ROAD TRANSPORT AND HIGHWAYS,Chhattisgarh,NHAI,2021-02,999.97,,999.97,948.58,2024-01,,2024-09,89.7,ongoing_census,2024-06
N24001593,DEVELOPMENT OF SIX LANE JHANKI SARGI OF NH 130 CD FROM KM.0+000 TO 42+800 UNDER RAIPUR VISAKHAPATTNA,ROAD TRANSPORT AND HIGHWAYS,Chhattisgarh,NHAI,2021-11,1368.19,,1368.19,735.71,2024-09,,2025-09,70.06,ongoing_census,2024-06
N24001611,4 LANE OF BILASPUR TO URGA PROJECT (KM 0.00 TO KM 70.2) OF NH-130A,ROAD TRANSPORT AND HIGHWAYS,Chhattisgarh,NHAI,2020-04,1855.59,2523.86,2523.86,368.32,2024-03,,2025-09,63.68,ongoing_census,2024-06
N24001917,UP GRADATION OF NH 930 SHERPAR TO KOHKA FROM KM 67.880 TO KM 114.860 TO TWO LANE WITH PAVED SHOULDER,ROAD TRANSPORT AND HIGHWAYS,Chhattisgarh,MoRTH,,278.97,,278.97,147.87,2024-05,,2024-11,64.0,ongoing_census,2024-06
N24001918,UPGRADATION OF NH 930 JHALMALA TO SHERPER FROM NH KM 30.600 TO KM 67.800 TO TWOFOUR LANE WITH PAVED,ROAD TRANSPORT AND HIGHWAYS,Chhattisgarh,Jul-24,,222.86,,222.86,168.63,2023-08,2024-07,2024-07,95.5,ongoing_census,2024-06
N24001919,UP GRADATION OF NH 130C ABHANPUR TO PAUND FROM NK KM 0.000 TO KM. 40.380 TO TWO LANE WITH PAVED SHOU,ROAD TRANSPORT AND HIGHWAYS,Chhattisgarh,MoRTH,2020-12,193.16,,193.16,73.42,2023-09,2024-11,2024-11,60.22,ongoing_census,2024-06
N24001920,UPGRADATION OF NH 130A MUNGELI TO PONDI FROM NH KM. 51.600 TO KM. 77.870 KM. 80.970 TO 96.970 TO 2,ROAD TRANSPORT AND HIGHWAYS,Chhattisgarh,N.A.,,218.57,,218.57,91.0,2024-09,,2024-09,65.27,ongoing_census,2024-06
N24002017,DEVELOPMENT OF SIX LANE BASANWAHI- MARANGPURI OF NH 130 CD FROM KM.99+500 TO 124+661 UNDER RAIPUR VIS,ROAD TRANSPORT AND HIGHWAYS,Chhattisgarh,NHAI,2022-03,1307.16,,1307.16,65.25,2025-10,,2026-09,7.07,ongoing_census,2024-06
N24002045,CONSTRUCTION OF 6 LANE DURG RAIPUR ARANG BYPASS PKG 1 SECTION OF NH 53 FROM CH 0.000 TO CH 44.50,ROAD TRANSPORT AND HIGHWAYS,Chhattisgarh,NHAI,2022-06,1828.0,,1828.0,318.96,2025-07,,2025-07,7.19,ongoing_census,2024-06
N24002046,CONSTRUCTION OF 6 LANE DURG RAIPUR ARANG BYPASS PKG 2 SECTION OF NH 53 FROM CH 44+500 TO CH.92+230 I,ROAD TRANSPORT AND HIGHWAYS,Chhattisgarh,NHAI,2022-06,1958.94,1959.0,1958.94,585.16,2025-05,,2025-05,21.78,ongoing_census,2024-06
N12000124,NMDC SLURRY PIPE LINE PROJECT - PHASE-1,STEEL,Chhattisgarh,N.A.,,2907.0,,2907.0,2021.64,2023-06,2024-07,2025-11,60.5,ongoing_census,2024-06
N12000127,SCREENING PLANT-III AT KIRANDUL (NMDC),STEEL,Chhattisgarh,,2021-03,2092.97,2718.84,2718.84,1165.97,2024-08,,2026-01,60.43,ongoing_census,2024-06
N12000130,CONSTRUCTION OF RESIDENTIAL TOWERS AT BIOM KIRANDUL COMPLEX,STEEL,Chhattisgarh,N.A.,2021-07,282.44,,282.44,87.82,2024-11,,2026-01,33.72,ongoing_census,2024-06
N12000131,"REPLACEMENT OF CONVERTER VESSELS, TRUNNION RINGS, SUPPORT SYSTEM AND INSTALLATION OF SECONDARY EMISS",STEEL,Chhattisgarh,SAIL,2023-10,471.83,,471.83,35.04,2026-06,,2026-06,0.0,ongoing_census,2024-06
N12000134,REBUILDING OF COKE OVEN BATTERY NO.7 AND 8 OF BHILAI STEEL PLANT,STEEL,Chhattisgarh,N.A.,2023-11,884.1,,884.1,207.52,2025-10,,2025-10,33.4,ongoing_census,2024-06
N28000149,CONSTRUCTION729 QUARTERS (TYPE II- 180 TYPE III-364 TYPE IV-112 TYPE V-68 TYPE-VI-5 SHOPS COMMUNI,URBAN DEVELOPMENT,Chhattisgarh,CPWD,,299.97,299.97,299.97,223.06,2020-09,2024-10,2024-10,77.0,ongoing_census,2024-06
N04000076,"CONSTRUCTION OF COMBINED OPERATIONAL OFFICES FOR DGCA, BCAS, AAIB, AERA AND AAI AT SAFDARJUNG AIRPOR",CIVIL AVIATION,Delhi,AAI,2016-11,303.8,374.98,374.98,326.96,2020-04,2024-04,2024-04,100.0,ongoing_census,2024-06
N40000002,INDIA INTERNATIONAL CONVENTION AND EXPO CENTRE,DPIIT,Delhi,IICC FOR DPIIT,,4773.0,,5401.0,4709.75,2019-12,,2024-06,95.4,ongoing_census,2024-06
N07000001,"C/O RESIDENTIAL COMPLEX BUILDING FOR CENTRAL BOARD OF INDIRECT TAXES AND CUSTOMS AT SECTOR-9, DWARKA",FINANCE,Delhi,N.A.,2018-07,228.5,,220.27,176.28,2022-04,,2022-04,85.0,ongoing_census,2024-06
N28000071,ESTABLISHMENT OF CENTRAL ARMED POLICE FORCE INSTITUTE OF MEDICAL SCIENCES(CAPFIMS) AT NEW DELHI,HOME AFFAIRS,Delhi,CPWD FOR MHA,2013-10,1219.21,2091.53,2091.53,1865.43,2019-10,,2024-07,99.0,ongoing_census,2024-06
N45000002,CONSTRUCTION OF HEADQUARTER BUILDING OF CRPF AT LODHI ROAD NEW DELHI,HOME AFFAIRS,Delhi,N.A.,2019-06,277.35,,290.33,85.11,2022-07,,2025-05,51.0,ongoing_census,2024-06
N22000281,ANAND VIHAR-TILAK BRIDGE 3RD AND 4TH LINE,RAILWAYS,Delhi,NR,2012-04,295.68,,419.0,133.78,,,2023-09,30.0,ongoing_census,2024-06
N28000118,CONSTRUCTION OF ATAL AKSHAY URJA BHAWAN CGO COMPLEX LODHI ROAD NEW DELHI,RENEWABLE ENERGY,Delhi,CPWD R ENERGY,2017-10,271.9,366.12,366.12,329.49,2019-11,2022-04,2022-04,100.0,ongoing_census,2024-06
N24001771,SIX LANE ACCESS CONTROLLED OF DELHI SAHARANPUR HIGHWAY FROM AKSHARDHAM NH 9 JUNCTION TO DELHI UP BOR,ROAD TRANSPORT AND HIGHWAYS,Delhi,NHAI,2020-06,1479.22,,1479.22,1491.26,2024-12,,2024-12,95.0,ongoing_census,2024-06
N24001773,6L ACCESS CONTROLLED HIGHWAY FROM DND MAHARANI BAGH JN. WITH JAITPUR PUSHTA ROAD OF NH 148NA FROM,ROAD TRANSPORT AND HIGHWAYS,Delhi,NHAI,2020-05,1467.44,,1942.89,889.05,2024-07,,2024-12,77.83,ongoing_census,2024-06
N24001777,DEVELOPMENT OF 6L UER-II (PACKAGE-I) KANJHAWALA ROAD) FROM KM. (N.A.)0.70,ROAD TRANSPORT AND HIGHWAYS,Delhi,NH-1 NEAR BAKOLI TILL KARALA (N.A.) (N.A.,2020-07,2171.8,,2171.8,958.13,2023-10,,2024-09,98.75,ongoing_census,2024-06
N24001778,DEVELOPMENT OF 4L UER II [PACKAGE - V] (SPUR TO BAHADURGARH BYPASS) (NH-10) FROM KM. 0.00 TO KM.7.30,ROAD TRANSPORT AND HIGHWAYS,Delhi,N.A.,,801.46,,801.46,382.03,2023-10,,2024-06,98.78,ongoing_census,2024-06
N24001779,DWARKA EXPRESSWAY FROM KM -0.600 TO KM 5.300 - PKG-I (SHIVMURTI CHOWK- RUB NEAR DWARKA SECTOR 21),ROAD TRANSPORT AND HIGHWAYS,Delhi,NHAI,2018-03,2507.0,,3030.73,1155.7,2022-09,,2024-09,83.47,ongoing_census,2024-06
N24001781,8L OF DWARKA EXPRESSWAY PKG-II BORDER) FROM 5.300 KM.TO 9.500 KM. O,ROAD TRANSPORT AND HIGHWAYS,Delhi,N.A.,2018-01,2067.67,,2160.0,1496.49,2021-10,,2024-08,93.6,ongoing_census,2024-06
N24001825,DEVELOPMENT OF 6L UER II [PACKAGE - II] (KARALA KANJHAWALA ROAD TILL NANGLOI - NAJAFGARH ROAD) FROM,ROAD TRANSPORT AND HIGHWAYS,Delhi,NHAI,,1894.96,,1894.96,741.88,2023-10,,2024-08,82.34,ongoing_census,2024-06
N28000115,SETTING UP PHYSICAL INFRASTRUCTURE FOR THE NATIONAL INSTITUTE OF COMMUNICATION FINANCE(NICF) AT GHIT,TELECOMMUNI CATIONS,Delhi,N.A.,2014-10,248.2,,248.2,212.81,2018-03,,2024-09,98.0,ongoing_census,2024-06
N28000056,DELHI MRTS PHASE-III,URBAN DEVELOPMENT,Delhi,DMRC,2011-09,38585.0,,40180.91,40469.24,2016-03,2021-08,2021-08,99.99,ongoing_census,2024-06
N28000105,REDEVELOPMENT OF GPRA COLONY AT NAUROJI NAGAR,URBAN DEVELOPMENT,Delhi,NBCC,,2694.0,,2694.0,2303.61,,,2024-06,97.0,ongoing_census,2024-06
N28000128,REDEVELOPMENT OF GENERAL POOL RESIDENTIAL COLONY AT SRINIWASPURI NEW DELHI PHASE-I,URBAN DEVELOPMENT,Delhi,CPWD,2016-10,1180.0,,1100.8,36.69,2021-07,,2024-06,2.0,ongoing_census,2024-06
N28000129,REDEVELOPMENT OF GPRA AT KASTURBA NAGAR PHASE I,URBAN DEVELOPMENT,Delhi,N.A.,2016-10,1128.0,,1128.0,472.38,2022-03,,2024-06,35.0,ongoing_census,2024-06
N28000135,DELHI METRO PHASE IV THREE PRIORITY CORRIDORS,URBAN DEVELOPMENT,Delhi,DMRC,2019-07,24948.65,,24948.65,11984.43,2025-03,,2026-03,51.35,ongoing_census,2024-06
N28000136,DELHI METRO RAIL EXTENSION FROM NAJAFGARH TO DHANSA BUS STAND,URBAN DEVELOPMENT,Delhi,Nov-22,2017-05,565.0,,565.0,521.45,2020-12,2022-11,2022-11,100.0,ongoing_census,2024-06
N28000153,"CONSTRUCTION OF 184 MULTI STORIED FLATS FOR HON'BLE MPS AT BKS MARG, NEW DELHI",URBAN DEVELOPMENT,Delhi,CPWD,2022-01,646.52,,646.52,177.5,2024-11,2025-05,2025-05,42.0,ongoing_census,2024-06
N28000156,REDEVELOPMENT OF GPRA AT NETAJI NAGAR NEW DELHI PACKAGE 2,URBAN DEVELOPMENT,Delhi,NBCC,2016-10,1536.72,,1536.72,205.92,2024-03,,2024-09,69.0,ongoing_census,2024-06
N30000014,CONSTRUCTION OF 564 MLD 124 MGD WASTE WATER TREATMENT PLANT WITH EFFLUENT STANDARDS OF BOD ? 10MG/L,WATER RESOURCES,Delhi,DJB,2017-03,665.78,,665.78,782.51,2022-12,,2024-09,96.0,ongoing_census,2024-06
N30000015,REHABILITATION AND UP-GRADATION OF PHASE I STP 182 MLD R2,WATER RESOURCES,Delhi,DJB,,211.79,223.7,211.79,208.71,2021-12,,2023-09,100.0,ongoing_census,2024-06
N30000016,REHABILITATION AND UPGRADATION OF KONDLI PHASE I STP 45 MLD PHASE II STP 114 MLD AND PHASE III S,WATER RESOURCES,Delhi,DJB,,239.11,314.71,239.11,268.13,2022-02,2023-09,2023-09,100.0,ongoing_census,2024-06
N30000017,CONSTRUCTION OF 318 MLD WWTP WITH 10 YEARS O AND M AT CORONATION PILLAR DELHI,WATER RESOURCES,Delhi,DJB,,515.07,,515.07,388.08,2021-01,,2022-03,100.0,ongoing_census,2024-06
N30000018,7 NOS PRIORITIZED STPS 1 NO. SPS AND PERIPHERAL SEWERS IN COMMAND AREA OF NAJAFHARH DRAIN DHANSA TO,WATER RESOURCES,Delhi,N.A.,,344.81,,344.81,,2020-05,,2020-05,0.0,ongoing_census,2024-06
N04000095,EXTENSION OF EXISTING INTEGRATED TERMINAL BUILDING AND ALLIED WORKS AT GOA AIRPORT.,CIVIL AVIATION,Goa,AAI,2017-11,255.69,,255.69,62.63,2021-09,,2025-03,46.5,ongoing_census,2024-06
N42000002,"CONSTRUCTION OF PERMANENT CAMPUS FOR NATIONAL INSTITUTE OF TECHNOLOGY GOA AT CUNCOLIM, GOA.",DEPARTMENT OF HIGHER EDUCATION,Goa,CPWD EDUCATION,2019-05,303.9,390.4,390.4,360.0,2021-08,2024-06,2024-09,99.0,ongoing_census,2024-06
N16000502,"UPGRADING IPSHEM TO WORLD CLASS FACILITY OF ONGC, GOA",PETROLEUM,Goa,ONGC,2023-03,325.53,,325.53,259.3,2024-06,,2024-11,97.0,ongoing_census,2024-06
N24000444,CONSTRUCTION OF BRIDGE INCLUDING APPROACHES ACROSS RIVER ZUARI ON NH-17 (NH-66) ON PANJIM-MANGALORE,ROAD TRANSPORT AND HIGHWAYS,Goa,Sep-23,2015-10,936.4,,936.4,770.9,,2023-09,2023-09,100.0,ongoing_census,2024-06
N24000516,WIDENING TO 4/6/8 LANES OF EXISTING NH-17 FROM KM 522/615 (NEAR GMC) TO KM 530/850 JOINING NEW ZUIAR,ROAD TRANSPORT AND HIGHWAYS,Goa,MoRTH,2015-12,819.95,,819.95,504.65,,,2023-12,99.0,ongoing_census,2024-06
N24001004,PATRADEVI TO KARASWADA 4L,ROAD TRANSPORT AND HIGHWAYS,Goa,Jan-23) (769.52,2017-03,634.32,769.52,634.32,654.85,2020-05,2023-01,2023-01,97.52,ongoing_census,2024-06
N24001005,KARASWADA TO BAMBOLIM,ROAD TRANSPORT AND HIGHWAYS,Goa,Apr-24) (769.20,2017-03,852.67,769.2,769.2,463.26,2019-12,2024-04,2024-04,100.0,ongoing_census,2024-06
N24001458,MOPA AIRPORT (MoRTH),ROAD TRANSPORT AND HIGHWAYS,Goa,N.A.,2021-12,1183.16,,1183.16,1106.3,2022-04,2024-09,2024-09,97.0,ongoing_census,2024-06
N02000010,KAKRAPAR ATOMIC POWER PROJECT - 3 AND 4,ATOMIC ENERGY,Gujarat,NPCIL,,11459.0,22517.0,22517.0,21479.0,2015-12,,2024-03,100.0,ongoing_census,2024-06
N04000088,"C/O NEW GREENFIELD AIRPORT AT HISSAR, RAJKOT, GUJARAT",CIVIL AVIATION,Gujarat,AAI,2018-01,1405.0,,1405.0,1240.12,2022-08,2024-05,2024-08,98.0,ongoing_census,2024-06
N04000093,"EXTENSION OF TERMINAL BUILDING, PTT, APRON AND CAR PARK AT SURAT AIRPORT.",CIVIL AVIATION,Gujarat,N.A.,,353.25,,353.25,333.14,2021-02,,2024-10,96.5,ongoing_census,2024-06
N04000099,"DEVELOPMENT OF NEW GREENFIELD AIRPORT AT DHOLERA, AHMEDABAD (GUJARAT). PHASE-1.",CIVIL AVIATION,Gujarat,AAI,2022-06,1305.0,1143.95,1143.95,194.72,2025-12,,2025-12,22.0,ongoing_census,2024-06
N16000279,REDEVELOPMENT OF SANTHAL FIELD (ONGC),PETROLEUM,Gujarat,N.A.,2017-02,1162.56,,1162.56,1093.53,2026-03,,2026-03,89.4,ongoing_census,2024-06
N16000349,SUSTAINED EVACUATION OF GAS FROM GANDHAR FIELDS BY INSTALLING A GAS COMPRESSOR AND PIPELINE CONNECTI,PETROLEUM,Gujarat,GAIL,2018-09,225.54,,247.9,240.53,2021-02,2024-04,2024-04,100.0,ongoing_census,2024-06
N16000382,ACRYLICS OR OXO-ALCOHOL PROJECT AT GUJARAT REFINERY,PETROLEUM,Gujarat,IOCL,2019-11,5251.0,5894.0,5894.0,4033.14,2023-05,2024-03,2024-12,97.5,ongoing_census,2024-06
N16000409,PETROCHEMICAL AND LUBE INTEGRATION PROJECT AT GUJARAT REFINERY,PETROLEUM,Gujarat,IOCL,2020-09,18936.0,,18936.0,8055.67,2024-08,,2025-12,72.4,ongoing_census,2024-06
N16000411,AUGUMENTATION OF SALAYA MATHURA CRUDE OIL PIPELINE SYSTEM,PETROLEUM,Gujarat,May-24,2020-10,1614.0,,1614.0,962.86,2023-08,2024-05,2024-11,89.04,ongoing_census,2024-06
N16000428,REDEVELOPMENT OF LINCH FIELD,PETROLEUM,Gujarat,N.A.) (860.04,2021-04,631.03,860.04,860.04,243.36,2025-03,,2025-07,43.0,ongoing_census,2024-06
N16000431,REDEVELOPMENT OF SOBHASAN COMPLEX,PETROLEUM,Gujarat,ONGC,2021-08,885.63,1286.67,1286.67,358.91,2026-02,,2026-02,29.8,ongoing_census,2024-06
N16000444,COMMERCIAL POLYMER FLOODING PROJECT IN BECHRAJI FIELD,PETROLEUM,Gujarat,ONGC,2022-01,621.4,,621.4,95.34,2024-11,,2024-11,19.8,ongoing_census,2024-06
N16000454,INSTALLATION OF NEW BITUMEN UNIT ALONG WITH ALLIED FACILITIES AT GUJARAT,PETROLEUM,Gujarat,IOCL,2022-01,328.0,,328.0,18.66,2024-09,,2025-08,12.3,ongoing_census,2024-06
N16000477,"RESTORATION OF GAS TERMINAL, PHASE- I (PART-A), HAZIRA PLANT",PETROLEUM,Gujarat,N.A.,2022-05,249.43,,249.43,78.13,2025-02,,2025-02,71.5,ongoing_census,2024-06
N16000481,KALOL REDEVELOPMENT PROJECT (ONGC),PETROLEUM,Gujarat,N.A.) (N.A.,2022-08,1487.41,,1487.41,686.0,2027-03,,2027-03,45.9,ongoing_census,2024-06
N16000482,CONSTRUCTION OF TWO PRODUCED WATER TREATMENT PLANTS (PWTP) AT BECHARAJI AND SOBHASAN INSTALLATION OF,PETROLEUM,Gujarat,ONGC,2021-07,320.2,,187.61,127.12,2024-07,,2024-07,80.4,ongoing_census,2024-06
N16000483,OLD PIPE LINE REPLACEMENT (OPRP) GROUP-A,PETROLEUM,Gujarat,ONGC,2021-07,173.03,,169.84,111.26,2025-07,,2025-07,67.5,ongoing_census,2024-06
N16000514,"REVAMPING OF SV STATIONS, GAS TERMINAL AND KRIBHCO TERMINAL",PETROLEUM,Gujarat,N.A.,2022-11,837.34,,837.34,15.51,2026-08,,2026-08,13.0,ongoing_census,2024-06
N18000295,GUJARAT 200 MW (GUVNL TENDER) (NTPC),POWER,Gujarat,N.A.) (N.A.,2021-01,842.27,,842.27,494.8,2022-07,,2022-07,0.0,ongoing_census,2024-06
N18000296,"150 MW SOLAR PV PROJECT IN GUJARAT (LIMBDI, MESANKA AND RADHANPUR)",POWER,Gujarat,N.A.,2021-05,674.92,,674.92,457.9,2022-09,,2022-09,0.0,ongoing_census,2024-06
N18000297,Bagodara Solar Power Project (SJVN),POWER,Gujarat,N.A.) (N.A.,2021-05,339.35,,339.35,330.05,2022-10,,2024-09,70.0,ongoing_census,2024-06
N18000319,DAYAPAR WIND ENERGY PROJECT 150MW,POWER,Gujarat,NTPC,2021-11,937.8,,937.8,690.34,2023-05,,2024-06,0.0,ongoing_census,2024-06
N18000345,DAYAPAR WIND ENERGY PROJECT 200MW,POWER,Gujarat,N.A.,2022-07,1316.02,,1316.02,207.34,2025-03,,2025-03,0.0,ongoing_census,2024-06
N18000346,KHAWDA 1255MW SOLAR PROJECT,POWER,Gujarat,KHAWDA SOLAR PARK) (N.A.) (N.A.,2022-09,7179.54,,7179.54,916.13,2024-09,,2024-09,0.0,ongoing_census,2024-06
N18000349,BHUJ SOLAR 300MW (TRANCHE-IV WIND SOLAR HYBRID),POWER,Gujarat,NTPC,2022-11,1442.6,,1442.6,80.6,2024-03,,2024-06,0.0,ongoing_census,2024-06
N18000357,ESTABLISHMENT OF KHAVDA POOLING STATION 3 (KPS3) IN KHAVDA RE PARK,POWER,Gujarat,PGCIL,2023-03,922.3,,922.3,135.67,2024-12,,2025-02,19.0,ongoing_census,2024-06
N18000358,TRANSMISSION NETWORK EXPANSION IN GUJARAT ASSOCIATED WITH INTEGRATION OF RE PROJECTS FROM KHAVDA POT,POWER,Gujarat,N.A.,,815.12,,815.12,3.99,2025-03,,2025-03,21.0,ongoing_census,2024-06
N18000359,"KHAVDA-2, GUJARAT- ESTABLISHMENT OF KHAVDA POOLING STATION-2 (KPS2) IN KHAVDA RE PARK",POWER,Gujarat,PGCIL,2023-03,966.79,,966.79,70.22,2024-12,,2025-02,20.0,ongoing_census,2024-06
N18000360,"KHAVDA PHASE-II-PART B, GUJARAT- TRANSMISSION SCHEME FOR EVACUATION OF 4.5 GW RE INJECTION AT KHAVDA",POWER,Gujarat,N.A.,2023-03,1167.55,,1167.55,205.35,2025-03,,2025-03,12.0,ongoing_census,2024-06
N18000361,"KHAVDA PHASE-II-PART C, GUJARAT- TRANSMISSION SCHEME FOR EVACUATION OF 4.5 GW RE INJECTION AT KHAVDA",POWER,Gujarat,PGCIL,2023-03,2820.99,,2820.99,,2025-03,,2025-03,11.0,ongoing_census,2024-06
N18000365,KHAVDA 1200MW (4X300MW) IN KHAVDA RE PARK,POWER,Gujarat,N.A.,2023-06,6283.81,,6283.81,383.77,2024-12,,2024-12,0.0,ongoing_census,2024-06
N18000366,DAYAPAR WIND- III (HYBRID TRANCHE-V) (NTPC),POWER,Gujarat,N.A.) (N.A.,2023-05,1095.01,,1095.01,119.46,2025-01,,2025-05,0.0,ongoing_census,2024-06
N18000383,TS FOR EVACUATION OF POWER FROM POTENTIAL RE ZONE IN KHAVDA AREA OF GUJARAT UNDER PH-IV PART E3,POWER,Gujarat,PGCIL,2023-07,334.0,,334.0,,2025-07,,2025-07,0.0,ongoing_census,2024-06
N18000384,TS FOR EVACUATION OF ADDITIONAL 7GW RE POWER FROM KHAVDA RE PARK UNDER PHASE-III PART B [VATAMAN TRA,POWER,Gujarat,PGCIL,2023-12,3752.0,,3752.0,76.02,2025-12,,2025-12,0.0,ongoing_census,2024-06
N22000123,BHUJ-NALIYA(GC) WITH EXTENSION FROM NALIYA TO VAYOR (WR),RAILWAYS,Gujarat,WR,2008-04,318.24,1531.55,1531.55,772.23,2012-03,2026-09,2026-09,92.0,ongoing_census,2024-06
N22000142,MIYAGAM-KARJAN-DABHOI-SAMLAYA (GC) (WR),RAILWAYS,Gujarat,Oct-25) (844.10,2011-04,844.1,844.1,844.1,525.26,,2025-10,2025-10,41.0,ongoing_census,2024-06
N22000436,VIRAR SURAT ROAD OVER BRIDGE IN LIEU OF LEVEL CROSSING NOS 60 64 66 68 69 71 74 75 77 81 AND 82 ALON,RAILWAYS,Gujarat,N.A.,,248.26,,528.49,116.25,,,2024-03,0.0,ongoing_census,2024-06
N22000504,ANAND GODHRA DOUBLING PROJECT 79 KMS,RAILWAYS,Gujarat,WR,,692.25,692.26,692.26,421.23,2020-03,2024-12,2024-12,44.0,ongoing_census,2024-06
N22000505,MEHSANA PALANPUR DOUBLING PROJECT 65.10 KMS,RAILWAYS,Gujarat,WR,2018-04,537.31,537.31,537.31,564.48,2024-03,,2024-12,96.0,ongoing_census,2024-06
N22000532,4TH LINE BETWEEN BAREJADI NANDEJ (AHMEDABAD BYPASS).,RAILWAYS,Gujarat,GERATPUR)- SANAND (38.20 KM) (Feb-27) (961.67,2023-02,961.67,961.67,961.67,3.5,2027-03,2027-02,2027-02,0.0,ongoing_census,2024-06
N22000533,QUADRUPLING BETWEEN GANDHIDHAM - ADIPUR WITH Y CONNECTION AT ADIPUR FOR PROVIDING DIRECT ENTRY TOWAR,RAILWAYS,Gujarat,WR,,152.44,152.44,152.44,1.18,2025-12,2025-10,2025-10,0.0,ongoing_census,2024-06
N22000534,MEHSANA-PALANPUR (65.1 KM),RAILWAYS,Gujarat,Aug-24) (N.A.,2020-09,529.3,,537.31,90.33,2026-09,2024-08,2024-08,88.0,ongoing_census,2024-06
N22000535,RAJKOT-KANALUS (111.20 KM),RAILWAYS,Gujarat,WR,2021-10,1011.72,1080.57,1080.57,399.04,2026-10,2025-06,2025-06,43.0,ongoing_census,2024-06
N22000537,HIMMATNAGAR-KHEDBRAHMA (54.83 KM),RAILWAYS,Gujarat,Feb-25) (482.43,2022-06,354.99,482.43,482.43,129.38,2030-02,2025-02,2025-02,35.0,ongoing_census,2024-06
N22000538,PETLAD-BHADRAN (22.5 KM),RAILWAYS,Gujarat,N.A.) (307.12,2022-05,202.5,307.12,307.12,31.3,2030-05,,2025-12,2.0,ongoing_census,2024-06
N22000539,NADIAD-PETLAD (37.26 KM),RAILWAYS,Gujarat,N.A.) (461.91,2022-05,335.34,461.91,461.91,32.8,2030-06,,2025-12,5.0,ongoing_census,2024-06
N22000540,SAMLAYA-TIMBA ROAD (53.53 KM),RAILWAYS,Gujarat,N.A.) (670.17,2023-02,401.48,670.17,670.17,67.99,2030-03,,2025-10,7.0,ongoing_census,2024-06
N22000541,SAMNI-JAMBUSAR (24.08 KM),RAILWAYS,Gujarat,Apr-25) (349.93,2022-05,216.72,349.93,349.93,56.1,2030-03,2025-04,2025-04,9.0,ongoing_census,2024-06
N22000547,VIJAPUR-AMBLIYASAN (41.53 KM),RAILWAYS,Gujarat,Feb-25) (415.38,2022-05,309.81,415.38,415.38,144.33,2030-03,2025-02,2025-02,61.0,ongoing_census,2024-06
N22000548,ADRAJ MOTI-VIAJAPUR (39.75 KM) (WR),RAILWAYS,Gujarat,N.A.) (N.A.,2022-05,296.54,,296.54,,2030-05,,2030-05,0.0,ongoing_census,2024-06
N22000549,KALOL-KADI-KATOSAN ROAD (37.23 KM),RAILWAYS,Gujarat,Aug-24) (346.94,2022-06,279.23,346.94,346.94,147.86,2027-06,2024-08,2024-08,98.0,ongoing_census,2024-06
N22000550,NEW BG LINE BETWEEN NALIYA-JAKHAU PORT,RAILWAYS,Gujarat,Sep-26) (410.46,2023-02,410.46,410.46,410.46,4.48,2028-01,2026-09,2026-09,0.0,ongoing_census,2024-06
N22000551,NEW BG LINE INTERSECTION (5 NOS) BETWEEN GERATPUR-SANAND & BOTAD- AHMEDABAD (16.51 KM) (PB#29/NR/202,RAILWAYS,Gujarat,WR,2022-10,437.21,,437.21,,2027-10,,2027-10,0.0,ongoing_census,2024-06
N22000592,TARANGA HILL ABU ROAD VIA AMBAJI NEW LINE,RAILWAYS,Gujarat,N.A.,2022-07,1695.82,,2798.16,590.63,2030-07,,2026-12,4.0,ongoing_census,2024-06
N22000600,JUNAGARH -VISAVADAR (42.28) KM (RVNL),RAILWAYS,Gujarat,N.A.) (N.A.,2022-06,492.83,,492.83,,2026-12,,2026-12,0.0,ongoing_census,2024-06
N22000622,MODASA- SHAMLAJI NEW LINE ( MM OF AHMEDABAD-HIMMATNAGAR-UDAIPUR (299.2 KM)),RAILWAYS,Gujarat,WR,,261.68,261.68,261.68,120.7,2027-03,2025-03,2025-03,21.0,ongoing_census,2024-06
N22000623,NATHDWARA-NEW NATHDWARA NEW LINE ( MM OF AJMER-CHITTAURGARH- UDAIPUR),RAILWAYS,Gujarat,N.A.,2013-06,166.33,,166.33,50.58,2025-06,,2025-06,10.0,ongoing_census,2024-06
N24000567,FOUR LANING OF BHAVNAGAR-TALAJA SECTION OF NH-8E FROM KM. 7.090 TO KM. 53.585 (DESIGN CH FROM KM. 6.,ROAD TRANSPORT AND HIGHWAYS,Gujarat,NHAI,2016-05,998.18,,998.18,802.04,2019-08,,2024-02,100.0,ongoing_census,2024-06
N24000569,FOUR LANING OF KAGAVADAR - UNA SECTION OF NH-8E FROM KM 139.915 TO KM 180.478 (PACKAGE-IV) IN THE ST,ROAD TRANSPORT AND HIGHWAYS,Gujarat,NHAI,2016-05,723.64,,723.64,559.44,2019-09,2024-05,2024-10,95.98,ongoing_census,2024-06
N24000570,FOUR LANING OF UNA TO KODINAR OF NH-8E FROM KM. 180.478 TO KM 221.610 (PACKAGE-V) IN THE STATE OF GU,ROAD TRANSPORT AND HIGHWAYS,Gujarat,NHAI,,763.08,,763.08,500.75,2019-08,,2024-07,93.0,ongoing_census,2024-06
N24000592,4-LANNING OF KODINAR TO VERAVAL SECTION OF NH-8E FROM KM 221.610 TO KM 263.000,ROAD TRANSPORT AND HIGHWAYS,Gujarat,N.A.,2016-07,829.97,,829.97,439.5,2020-07,,2024-10,85.54,ongoing_census,2024-06
N24000649,SIX LANNING FROM KM. 401.200 TO 494.410 OF NH-8 ON HYBRID ANNUITY MODE UNDER NHDP-V(PKG VI)REG.,ROAD TRANSPORT AND HIGHWAYS,Gujarat,NHAI,2017-01,1251.11,1527.75,1527.75,683.45,2020-12,2025-06,2025-06,83.84,ongoing_census,2024-06
N24000701,JUNAGADH BYPASS,ROAD TRANSPORT AND HIGHWAYS,Gujarat,Jun-23) (375.78,2017-10,232.49,375.78,375.58,345.49,2021-04,2023-06,2024-05,100.0,ongoing_census,2024-06
N24000834,CONSTRUCTION OF EIGHT LANE VADODARA KIM EXPRESSWAY FROM KM 254.430 TO KM 279.000 (KIM TO ANKLESHWAR,ROAD TRANSPORT AND HIGHWAYS,Gujarat,NHAI,2018-03,1161.39,1404.0,1404.0,418.51,2021-10,2024-09,2024-09,39.17,ongoing_census,2024-06
N24000922,DEVELOPMENT OF CHILODA GANDHINAGAR SARKHEJ OF NH 147 OLD NH 8C FROM KM 0/0 TO KM 44/042 IN THE STATE,ROAD TRANSPORT AND HIGHWAYS,Gujarat,Jun-24) (913.49,2017-12,867.97,913.49,913.49,795.92,2020-11,2024-06,2024-06,95.0,ongoing_census,2024-06
N24000925,CONSTRUCTION OF MISSING LINKS HAJIPIR ODMA KHAVDA DHOLAVIRA MAUVANA,ROAD TRANSPORT AND HIGHWAYS,Gujarat,SINGLE LANE) IN LAKHPAT GADULI (Sep-24) (394.44,2018-10,400.76,394.44,394.44,287.39,2020-11,2024-09,2024-09,87.0,ongoing_census,2024-06
N24000926,CONSTRUCTION OF SIGNATURE BRIDGE BETWEEN DWARKA AND BEY DWARKA AND ITS APPROACHES IN THE STATE OF GU,ROAD TRANSPORT AND HIGHWAYS,Gujarat,MoRTH,2017-08,962.43,978.93,978.93,892.54,2020-09,2024-05,2024-05,99.65,ongoing_census,2024-06
N24001197,UP GRADATION OF NEWLY DECLARED NH 341 TO TWO LANE WITH PAVED SHOULDER CONFIGURATION BETWEEN KM. 65.4,ROAD TRANSPORT AND HIGHWAYS,Gujarat,MoRTH,,351.0,270.0,270.0,220.88,2021-06,2023-07,2023-07,100.0,ongoing_census,2024-06
N24001427,CONSTRUCTION OF ROB WITH APPROACHES IN LIEU OF L C NO 165 OF AHMEDABAD PALANPUR BETWEEN RAILWAY STAT,ROAD TRANSPORT AND HIGHWAYS,Gujarat,N.A.,2020-06,166.21,,166.21,98.65,2023-04,2024-09,2024-09,93.0,ongoing_census,2024-06
N24001443,CONSTRUCTION OF FOUR LANE EXPRESSWAY FROM START OF SARDAR PATEL RING ROAD TO SINDHREJ VILLAGE (CH. 0,ROAD TRANSPORT AND HIGHWAYS,Gujarat,NHAI,2020-05,690.3,929.95,929.95,663.94,2024-03,2024-08,2024-09,76.0,ongoing_census,2024-06
N24001444,CONSTRUCTION OF FOUR LANE EXPRESSWAY FROM START OF SINDHREJ VILLAGE (CH. 22.00 TO CH. 48.52) SECTION,ROAD TRANSPORT AND HIGHWAYS,Gujarat,N.A.,2020-05,882.0,,882.0,667.2,2024-01,2024-08,2024-10,67.34,ongoing_census,2024-06
N24001445,CONSTRUCTION OF FOUR LANE EXPRESSWAY FROM START OF VEJALLKA VILLAGE TO START OF DSIR ZONE OF AHMEDAB,ROAD TRANSPORT AND HIGHWAYS,Gujarat,NHAI,2020-05,691.52,903.85,903.85,673.05,2023-07,2024-08,2024-08,79.5,ongoing_census,2024-06
N24001446,CONSTRUCTION OF FOUR LANE EXPRESSWAY FROM START OF DSIR ZONE OF AHMEDABAD DISTRICT TO ADHELAI VILLAG,ROAD TRANSPORT AND HIGHWAYS,Gujarat,NHAI,2020-05,894.0,1210.06,1210.06,829.41,2023-12,2024-08,2024-08,76.96,ongoing_census,2024-06
N24001515,DELHI VADODARA GREENFIELD ALIGNMENT SECTION OF NH 148N PACKAGE 26,ROAD TRANSPORT AND HIGHWAYS,Gujarat,NHAI,2020-09,1542.02,,1542.02,700.09,2024-02,,2025-01,45.61,ongoing_census,2024-06
N24001516,DELHI VADODARA GREENFIELD ALIGNMENT SECTION OF NH 148N PACKAGE 27,ROAD TRANSPORT AND HIGHWAYS,Gujarat,NHAI,2020-09,1185.69,,1185.69,817.78,2024-02,2024-08,2024-08,78.36,ongoing_census,2024-06
N24001518,DELHI VADODARA GREENFIELD ALIGNMENT SECTION OF NH 148N PACKAGE 30,ROAD TRANSPORT AND HIGHWAYS,Gujarat,NHAI,2019-11,1669.56,,1669.56,935.26,2023-09,,2024-10,86.07,ongoing_census,2024-06
N24001519,DELHI VADODARA GREENFIELD ALIGNMENT SECTION OF NH 148N PACKAGE 28,ROAD TRANSPORT AND HIGHWAYS,Gujarat,N.A.,2020-09,1198.55,,1198.55,776.6,2023-11,,2024-09,84.24,ongoing_census,2024-06
N24001520,DELHI VADODARA GREENFIELD ALIGNMENT SECTION OF NH 148N PACKAGE 31,ROAD TRANSPORT AND HIGHWAYS,Gujarat,NHAI,2019-11,1604.06,,1604.06,1219.1,2024-05,,2024-11,95.73,ongoing_census,2024-06
N24001785,UP-GRADATION TO 4-LANE WITH PAVED SHOULDER OF BHIMASAR JUNCTION OF NH-41 TO ANJAR BHUJ UPTO AIRPORT,ROAD TRANSPORT AND HIGHWAYS,Gujarat,NHAI,2022-03,1373.06,1085.0,1373.06,435.7,2025-06,,2025-06,57.55,ongoing_census,2024-06
N24001786,CONSTRUCTION OF EIGHT LANE ACCESS CONTROLLED EXPRESSWAY FROM KM 103.400 TO KM 128.000 OF VADODARA MU,ROAD TRANSPORT AND HIGHWAYS,Gujarat,NHAI,2021-03,1259.0,,1910.0,137.93,2024-03,,2025-03,15.02,ongoing_census,2024-06
N24001787,4L OF DHROL-BHADRA-PATIYA SECTION FROM 0.000 TO KM 13.600 AND BHADRA PATIYA - PIPALIYA SECTION FROM,ROAD TRANSPORT AND HIGHWAYS,Gujarat,NHAI,2020-05,971.03,,971.03,627.86,2023-10,2023-12,2024-06,98.3,ongoing_census,2024-06
N24001788,CONSTRUCTION OF EIGHT LANE ACCESS CONTROLLED EXPRESSWAY FROM KM 217.500 TO KM 254.430 OF VADODARA MU,ROAD TRANSPORT AND HIGHWAYS,Gujarat,NHAI,2020-07,2271.86,,3916.0,518.25,2023-12,,2024-06,74.55,ongoing_census,2024-06
N24001789,CONSTRUCTION OF EIGHT LANE EXPRESSWAY FROM KM 190.000 TO KM 217.500 GANDEVA TO ENA SECTION OF VADODA,ROAD TRANSPORT AND HIGHWAYS,Gujarat,NHAI,2020-07,1710.3,,1927.0,362.81,2023-08,,2024-06,68.11,ongoing_census,2024-06
N24001790,SANCHORE - SANTALPUR FROM KM 67.000- KM 99.000 OF NH-754K (AJ-RGBS- PACKAGE-3),ROAD TRANSPORT AND HIGHWAYS,Gujarat,NHAI,2020-02,752.3,,766.2,451.11,2023-08,2024-12,2024-07,98.14,ongoing_census,2024-06
N24001791,SANCHORE - SANTALPUR FROM KM 4.888 - KM 35.000 OF NH-754K (AJ-RGBS- PACKAGE-1),ROAD TRANSPORT AND HIGHWAYS,Gujarat,Mar-24,,606.51,,657.0,453.89,2023-06,2024-03,2024-05,98.99,ongoing_census,2024-06
N24001792,4L OF BAL WORKS OF TALAJA - MAHUVA FROM 54.990 KM. TO 100.450 KM. OF OLD NH-8E (PACKAGE-II),ROAD TRANSPORT AND HIGHWAYS,Gujarat,NHAI,2021-03,536.03,,536.03,441.87,2022-09,,2024-08,97.41,ongoing_census,2024-06
N24001793,4L OF BAL WORKS OF MAHUVA TO KAGVADAR FROM 100.450 KM. TO 140.470 KM. OF NH-8E (PKG- III),ROAD TRANSPORT AND HIGHWAYS,Gujarat,N.A.,2021-03,485.75,,485.75,373.47,2022-09,,2024-08,96.18,ongoing_census,2024-06
N24001794,SANCHORE - SANTALPUR FROM KM 99.000- KM 130.073 OF NH-754K (AJ-RGBS- PACKAGE-4),ROAD TRANSPORT AND HIGHWAYS,Gujarat,NHAI,2020-02,778.15,,785.67,539.42,2023-03,2024-12,2024-07,99.11,ongoing_census,2024-06
N24001827,4L KODINAR - VERAVAL (PACKAGE VI) FROM KM. 222.400 TO KM. 230.00 (KODINAR BYPASS) OF NH-8E (NH 51 NE,ROAD TRANSPORT AND HIGHWAYS,Gujarat,NHAI,2022-03,162.73,,162.73,131.79,2023-03,,2024-07,94.38,ongoing_census,2024-06
N24002014,UPGRADATION AND STRENGTHENING TO 2 LANE PS FROM KM 95/500 TO KM 129/775 OF NH 168 G IDAR BHILODA SA,ROAD TRANSPORT AND HIGHWAYS,Gujarat,MoRTH,,237.28,,237.28,0.59,2023-12,2025-12,2025-12,0.0,ongoing_census,2024-06
N24002034,UPGRADATION TO 4L PS DIVIDED CARRIAGEWAY FROM PATAN (NEAR RAJPUR) TO GOJARIYA FROM KM 52.000 TO KM 1,ROAD TRANSPORT AND HIGHWAYS,Gujarat,NHAI,2021-12,1181.34,1181.0,1181.34,291.68,2025-03,,2025-03,44.49,ongoing_census,2024-06
N24002035,WIDENING TO 6L OF EXISTING 4L JETPUR - GONDAL - RAJKOT SECTION FROM KM. 117.600 TO KM. 185.00 ON NH-,ROAD TRANSPORT AND HIGHWAYS,Gujarat,NHAI,2023-09,2070.44,,2070.44,130.74,2025-09,,2025-09,8.5,ongoing_census,2024-06
N24002117,UPGRADATION OF DHORAJI JAMKANDORNA KALAVAD SECTION OF NH 927D FROM DESIGN CHAINAGE KM 00 TO KM 58.11,ROAD TRANSPORT AND HIGHWAYS,Gujarat,MoRTH,2022-10,246.6,291.0,291.0,29.33,2024-02,2026-02,2026-02,15.0,ongoing_census,2024-06
N24002118,UPGRADATION TO TWO LANE WITH PAVED SHULDER CONFIGUARATION FROM KM 00 TO 47 OF NH 351 MAHUVA TO BADHA,ROAD TRANSPORT AND HIGHWAYS,Gujarat,MoRTH,2022-12,173.06,,219.0,0.15,2024-02,2025-08,2025-08,0.0,ongoing_census,2024-06
N28000122,AHMEDABAD METRO RAIL PROJECT PHASE 1,URBAN DEVELOPMENT,Gujarat,N.A.,2014-11,10773.0,,12924.55,12240.09,2018-12,,2024-08,99.7,ongoing_census,2024-06
N28000137,AHMEDABAD METRO RAIL PROJECT PHASE II,URBAN DEVELOPMENT,Gujarat,MEGA,2019-03,5384.17,,5384.17,3111.96,2024-03,,2024-12,67.06,ongoing_census,2024-06
N28000138,SURAT METRO RAIL PROJECT (MEGA),URBAN DEVELOPMENT,Gujarat,N.A.,2019-03,12020.32,,12020.32,5015.07,2024-03,,2025-10,48.85,ongoing_census,2024-06
N21000032,"ALL INDIA INSTITUTE OF MEDICAL SCIENCES AT MANETHI, HARYANA.",HEALTH AND FAMILY WELFARE,Haryana,HITES,2019-03,1294.34,1294.34,1294.34,97.69,2023-03,2026-03,2026-03,1.42,ongoing_census,2024-06
N28000147,"C/o separate family accommodation (Phase-I) on EPC basis for SSB at Faridabad (Haryana)""",HOME AFFAIRS,Haryana,CPWD FOR MHA,2020-01,166.98,167.0,166.98,92.35,2023-10,2024-10,2024-10,80.0,ongoing_census,2024-06
N16000375,R and D CAMPUS II AT FARIDABAD,PETROLEUM,Haryana,IOCL,2019-06,2281.94,3219.94,3219.94,1513.69,2022-12,2025-07,2025-07,59.1,ongoing_census,2024-06
N16000385,CITY GAS DISTRIBUTION PROJECT IN GEOGRAPHICAL AREA OF SONIPAT (EAAA) AND JIND DISTRICTS,PETROLEUM,Haryana,HPCL,2018-09,520.0,,520.0,468.39,2026-09,2026-09,2026-09,68.0,ongoing_census,2024-06
N16000412,CAPACITY EXPANSION OF PANIPAT REFINERY FROM 15 TO 25 MMTPA,PETROLEUM,Haryana,IOCL,2021-02,34627.0,38231.0,38231.0,11824.85,2024-09,2025-12,2025-12,65.4,ongoing_census,2024-06
N16000458,POLY BUTADIENE RUBBER PLANT AT PANIPAT,PETROLEUM,Haryana,IOCL,2022-03,1459.0,2102.79,2102.79,277.07,2025-03,,2025-12,31.2,ongoing_census,2024-06
N16000517,HPOIL GAS PVT LTD-II (HPOIL(JV)),PETROLEUM,Haryana,N.A.,2018-02,307.0,,307.0,14.23,2025-03,,2025-03,86.05,ongoing_census,2024-06
N18000302,IMPLEMENTATION OF 500 MVAR THYRISTOR CONTROLLED REACTOR AT KURUKSHETRA,POWER,Haryana,PGCIL,2019-01,267.33,,267.33,111.63,2022-03,,2023-12,100.0,ongoing_census,2024-06
N22000604,DOUBLING BETWEEN BHIWANI-DOBH BAHALI,RAILWAYS,Haryana,NWR,2023-02,471.06,,471.06,22.26,2028-02,,2026-02,2.0,ongoing_census,2024-06
N22000606,DOUBLING BETWEEN REWARI- KATHUWAS (27.73 KM),RAILWAYS,Haryana,N.A.,2023-02,352.41,,352.41,14.12,2027-06,,2025-06,0.5,ongoing_census,2024-06
N24000835,CONSTRUCTION OF 8 LANE DWARKA EXPRESSWAY (NH-248BB PACKAGE IV FROM RAIL OVER BRIDGE (ROB) TILL END P,ROAD TRANSPORT AND HIGHWAYS,Haryana,NHAI,2018-03,1484.3,,2182.41,1237.02,2020-12,2024-12,2024-12,99.72,ongoing_census,2024-06
N24001532,"CONSTRUCTION OF 4-LANE NH-344P- PACKAGE-4 (FROM KM 0+000 TO KM 29+600, 29.6KM), STARTING FROM BAWANA",ROAD TRANSPORT AND HIGHWAYS,Haryana,NHAI,2021-11,694.0,1918.0,1500.0,1682.82,2023-11,2024-01,2024-07,99.2,ongoing_census,2024-06
N24001533,CONSTRUCTION OF 4-LANE GREEN FIELD DELHI-AMRITSAR-KATRA EXPRESSWAY (NE-05) FROM JUSSUR KHERI ON KMP,ROAD TRANSPORT AND HIGHWAYS,Haryana,NHAI,,1690.23,,2010.17,1193.28,2023-12,,2024-10,90.18,ongoing_census,2024-06
N24001534,CONSTRUCTION OF FOUR-LANE GREENFIELD DELHI-AMRITSAR-KATRA EXPRESSWAY FROM JUNCTION WITH ROHTAK-PANIP,ROAD TRANSPORT AND HIGHWAYS,Haryana,N.A.,2020-12,1334.04,,1334.0,867.4,2024-01,2024-04,2024-08,85.55,ongoing_census,2024-06
N24001535,4-LANING OF GOHANA-SONIPAT (PKG-2) SECTION FROM KM 40.601 TO KM 78.837 (LENGTH = 38.236KM) OF NH-352,ROAD TRANSPORT AND HIGHWAYS,Haryana,NHAI,2020-07,899.0,1882.46,1882.46,1123.98,2022-07,2024-05,2024-10,90.6,ongoing_census,2024-06
N24001536,FOUR LANING OF JIND GOHANA GREENFIELD ALIGNMENT PACKAGE 1 IN THE STATE OF HARYANA UNDER HYBRID ANNUI,ROAD TRANSPORT AND HIGHWAYS,Haryana,NHAI,2020-07,817.0,1605.0,1605.0,1025.56,2022-07,,2024-10,93.5,ongoing_census,2024-06
N24001633,CONSTRUCTION OF FOUR LANE GREENFIELD PROJECT OF DELHI- AMRITSAR-KATRA EXPRESSWAY (PHASE-I PKG-III) F,ROAD TRANSPORT AND HIGHWAYS,Haryana,NHAI,2020-12,1430.88,,1430.88,1015.18,2023-12,2024-06,2024-06,92.69,ongoing_census,2024-06
N24001634,CONSTRUCTION OF FOUR LANE GREENFIELD PROJECT OF DELHI- AMRITSAR-KATRA EXPRESSWAY (PHASE-I PKG-IV) FRO,ROAD TRANSPORT AND HIGHWAYS,Haryana,Oct-24,2021-01,1306.95,,1306.95,891.12,2023-12,2024-10,2024-10,90.0,ongoing_census,2024-06
N24001635,4 LANING OF JAGADHRI TAJEWALA ROAD SECTION OF NH 907 (OLD NH 73A) UNDER NH(O) (PKG 1) IN THE STATE O,ROAD TRANSPORT AND HIGHWAYS,Haryana,NHAI,,1269.5,,1269.5,159.0,2025-02,,2025-02,41.0,ongoing_census,2024-06
N24001672,SIX LANNING OF MANDI DABWALI ROAD SECTION FROM PROPOSED MANDI DABW,ROAD TRANSPORT AND HIGHWAYS,Haryana,PUNJAB/HARYANA BORDER)- CHAUTALA (Apr-24) (864.00,2021-01,864.27,864.0,864.27,532.79,2024-01,2024-04,2024-04,99.96,ongoing_census,2024-06
N24001673,4- LANING OF ROHTAK-JIND SECTION FROM KM. 307+000 TO KM. 347+800 OF NH- 71 AND CONNECTING LINK FROM K,ROAD TRANSPORT AND HIGHWAYS,Haryana,NHAI,2020-03,510.97,,510.97,527.36,2023-03,2024-11,2024-11,86.68,ongoing_census,2024-06
N24001774,CONSTRUCTION OF GURGAON - PATAUDI - REWARI SECTION OF NH-352W (DESIGN LENGTH 46.11 KM) AS FEEDER ROU,ROAD TRANSPORT AND HIGHWAYS,Haryana,N.A.,2020-12,1524.03,,1524.03,1059.4,2023-11,,2024-06,54.6,ongoing_census,2024-06
N24001775,CONSTRUCTION OF PROPOSED REWARI BYPASS (DESIGN LENGTH 14.4 KM) NH-11 AS A FEEDER ROUTE IN THE STATE,ROAD TRANSPORT AND HIGHWAYS,Haryana,NHAI,2020-02,808.31,,958.0,803.79,2023-01,2024-12,2024-12,99.0,ongoing_census,2024-06
N24001780,DWARKA EXPRESSWAY PKG-III (DELHI/HR BORDER TO START OF ROB GURUGRAM),ROAD TRANSPORT AND HIGHWAYS,Haryana,N.A.,2018-01,2228.0,,2228.0,1411.27,2020-11,2024-12,2024-03,100.0,ongoing_census,2024-06
N24001782,CONSTRUCTION OF 8LANE DIVIDED CARRIAGEWAY STARTING AT SOHNA GURUGRAM ROAD NE 4 NEAR ALIPUR VILLAGE A,ROAD TRANSPORT AND HIGHWAYS,Haryana,NHAI,2018-11,2312.26,,2312.26,1361.51,2021-09,,2024-05,99.95,ongoing_census,2024-06
N24001783,CONSTRUCTION OF 8LANE EXPRESSWAY NE4 STARTING BEFORE KMP EXPRESSWAY AND ENDS AT CH. 47+000 NEAR KHAN,ROAD TRANSPORT AND HIGHWAYS,Haryana,N.A.,2018-11,2252.75,,2252.75,1223.07,2021-09,,2024-07,99.95,ongoing_census,2024-06
N24001784,CONSTRUCTION OF EIGHT LANE EXPRESSWAY STARTING AT CH. 47+000 NEAR KHANPUR GHATI AND ENDS AT HARYANA,ROAD TRANSPORT AND HIGHWAYS,Haryana,NHAI,2018-11,1935.61,,1935.61,856.41,2021-09,,2024-07,99.9,ongoing_census,2024-06
N24002037,UPGRADATION OF EXISTING 4 LANE ISMAILABAD-AMBALA SECTION (KM. 0+000 TO KM 42+500) (PART OF AMBALA-KO,ROAD TRANSPORT AND HIGHWAYS,Haryana,NHAI,2023-01,609.32,609.0,609.0,24.63,2025-12,,2025-12,12.0,ongoing_census,2024-06
N24002038,CONSTRUCTION OF 6-LANE GREENFIELD KARNAL RING ROAD STARTING FROM NH- 44 NEAR VILLAGE SHAMGARH (DESIGN,ROAD TRANSPORT AND HIGHWAYS,Haryana,NHAI,2022-11,1691.45,1998.0,1998.0,590.37,2025-08,,2025-08,22.0,ongoing_census,2024-06
N24002039,CONSTRUCTION OF 6-LANE GREENFIELD AMBALA RING ROAD STARTING FROM JUNCTION WITH SHAMLI-AMBALA SECTION,ROAD TRANSPORT AND HIGHWAYS,Haryana,NHAI,2023-02,1088.64,1178.0,1178.0,282.44,2025-10,,2025-10,22.0,ongoing_census,2024-06
N24002040,DEVELOPMENT OF SIX-LANE ACCESS CONTROLLED HIGHWAY FROM RANIPUR BARSI (SAHARANPUR DISTRICT) TO ADHOYA,ROAD TRANSPORT AND HIGHWAYS,Haryana,NHAI,2022-04,1554.21,,1554.21,356.46,2025-05,,2028-05,26.02,ongoing_census,2024-06
N24002041,DEVELOPMENT OF SIX-LANE ACCESS CONTROLLED HIGHWAY FROM ADHOYA MUSALMANA (AMBALA DISTRICT) TO SADOPUR,ROAD TRANSPORT AND HIGHWAYS,Haryana,NHAI,2022-04,1491.71,,1491.71,558.37,2025-05,,2025-05,32.0,ongoing_census,2024-06
N24002042,CONSTRUCTION OF 4-LANING OF BHIWANI HANSI ROAD SECTION OF NH 148B (DESIGN LENGTH 42.934 KM) UNDER BH,ROAD TRANSPORT AND HIGHWAYS,Haryana,NHAI,2022-11,1322.13,,1322.13,38.5,2025-12,,2025-12,31.04,ongoing_census,2024-06
N24002043,CONSTRUCTION OF 4-LANE GREENFIELD JALBEHRA - SHAHBAD SECTION OF NH ? 152G FROM KM 0+000 TO KM 22+850,ROAD TRANSPORT AND HIGHWAYS,Haryana,N.A.,2022-03,927.22,,927.22,352.29,2025-06,,2025-06,44.75,ongoing_census,2024-06
N24002044,4L AMBALA - KALAAMB FROM KM. -0.800 TO KM. 33.015 OF OLD NH-72,ROAD TRANSPORT AND HIGHWAYS,Haryana,NHAI,2023-06,629.16,,629.16,96.0,2025-06,,2025-06,64.0,ongoing_census,2024-06
N24002047,6L ACCESS CONTROLLED HIGHWAY FROM JN WITH JAITPUR PUSHTA ROAD TO JN WITH SECTOR 62/65 DIVIDING ROAD,ROAD TRANSPORT AND HIGHWAYS,Haryana,NHAI,2020-05,1328.07,2346.0,2346.0,1071.58,2023-08,,2024-09,95.1,ongoing_census,2024-06
N24002048,CONSTRUCTION OF GREENFIELD CONNECTIVITY TO JEWAR INTERNATIONAL AIRPORT FROM DND FARIDABAD BALLABHGAR,ROAD TRANSPORT AND HIGHWAYS,Haryana,NHAI,2022-07,2414.67,2898.0,2898.0,949.22,2025-06,,2025-06,17.26,ongoing_census,2024-06
N42000008,ESTABLISHMENT OF PERMANENT CAMPUS PHASE 1 OF IIM SIRMAUR,DEPARTMENT OF HIGHER EDUCATION,Himachal Pradesh,N.A.,2018-09,392.51,,446.43,287.42,2022-06,2024-09,2024-04,86.5,ongoing_census,2024-06
N42000011,CONSTRUCTION OF PERMANENT CAMPUSES OF CENTRAL UNIVERSITY OF HIMACHAL PRADESH AT DEHRA AND DHARAMSHAL,DEPARTMENT OF HIGHER EDUCATION,Himachal Pradesh,CPWD,2021-03,512.37,512.37,512.37,90.48,2022-08,2024-11,2024-11,47.0,ongoing_census,2024-06
N28000127,CONSTRUCTION OF 300 BEDDED HOSPITAL AND TEACHING BLOCK IN DR YS PARMAR GMC AT NAHAN HIMACHAL PRADESH,HEALTH AND FAMILY WELFARE,Himachal Pradesh,CPWD FOR HEALTH,2018-12,260.0,371.78,371.78,46.24,2021-06,2026-08,2026-08,7.0,ongoing_census,2024-06
180100210,PARBATI HEP (4X200 MW) (NHPC) II,POWER,Himachal Pradesh,N.A.) (N.A.,2002-09,3919.59,,12160.0,11477.17,2009-09,,2024-12,97.58,ongoing_census,2024-06
N18000279,LUHRI HYDROELECTRIC PROJECT,POWER,Himachal Pradesh,STAGE1) (N.A.,2020-11,1810.56,,1810.56,1482.02,2026-01,,2026-01,50.99,ongoing_census,2024-06
N18000291,DHAULASIDH HYDROELECTRIC PROJECT (66 MW),POWER,Himachal Pradesh,SJVN,2020-10,687.97,,687.97,651.93,2025-11,,2025-11,58.96,ongoing_census,2024-06
N18000344,SUNNI DAM HYDRO ELECTRIC PROJECT (SJVN),POWER,Himachal Pradesh,N.A.) (N.A.,2023-01,2614.51,,2614.51,695.07,2028-04,,2028-04,23.59,ongoing_census,2024-06
N22000273,BHANUPALI-BILASPUR BERI NL,RAILWAYS,Himachal Pradesh,N.A.) (N.A.,2008-04,2966.99,,6753.42,5190.99,2026-12,,2025-03,49.0,ongoing_census,2024-06
N24000232,FOUR LANING OF KIRATPUR NEAR CHOUK SECTION (73.20 KM TO186.50 KM),ROAD TRANSPORT AND HIGHWAYS,Himachal Pradesh,N.A.,2013-11,1916.79,,1916.79,1660.92,2016-11,,2016-11,0.0,ongoing_census,2024-06
N24000606,TWO LANNING WITH FORMATION OF FOUR LANE OF PROPOSED SHIMLA BYPASS,ROAD TRANSPORT AND HIGHWAYS,Himachal Pradesh,NHAI,2016-08,1583.18,,1583.18,,2020-09,,2020-09,0.0,ongoing_census,2024-06
N24000613,FOUR LANNING OF NERCHOWK-PANDOH BYPASS SECTION OF NH-21(PACKAGE-I KM 190.000 TO KM 221.305) UNDER NH,ROAD TRANSPORT AND HIGHWAYS,Himachal Pradesh,NHAI,2016-09,1273.71,,1478.61,1380.17,2020-07,,2024-08,87.29,ongoing_census,2024-06
N24000692,4-LANNING OF END OF PANDOH BYPASS TAKOLI IN H.P,ROAD TRANSPORT AND HIGHWAYS,Himachal Pradesh,NHAI,2017-06,2485.93,,2485.93,1421.76,2020-06,2024-12,2024-12,93.95,ongoing_census,2024-06
N24000852,"FOUR LANING OF SOLAN-KAITHLIGHAT SECTION OF NH-22 (NOW NH-5) FROM KM 106.139 TO KM 129.050, ON EPC M",ROAD TRANSPORT AND HIGHWAYS,Himachal Pradesh,NHAI,2018-03,478.74,,1514.46,1349.59,2021-05,2024-12,2024-12,83.0,ongoing_census,2024-06
N24001381,REHABILITATION AND UPGRADATION TO 2-LANE/2-LANE WITH PAVED SHOULDERS/4-LANE CONFIGURATION OF PAONTA,ROAD TRANSPORT AND HIGHWAYS,Himachal Pradesh,N.A.,,272.98,,272.98,132.82,2021-04,,2024-06,96.66,ongoing_census,2024-06
N24001382,REHABILITATION AND UPGRADATION TO 2-LANE CONFIGURATION OF HEWNA- ASHYARI SECTION (KM 25.000 TO KM 50.,ROAD TRANSPORT AND HIGHWAYS,Himachal Pradesh,MoRTH,,242.8,,242.8,81.08,2021-03,,2024-07,82.44,ongoing_census,2024-06
N24001383,REHABILITATION AND UPGRADATION TO INTERMEDIATE LANE CONFIGURATION OF SHRI KYARI-GUMMA SECTION (KM 75,ROAD TRANSPORT AND HIGHWAYS,Himachal Pradesh,MoRTH,,349.2,,349.2,239.34,2021-04,,2021-04,100.0,ongoing_census,2024-06
N24001422,REHABILITATION AND UPGRADATION TO 2-LANE CONFIGURATION OF ASHYARI- SHRI KYARI SECTION (KM 50.000 TO K,ROAD TRANSPORT AND HIGHWAYS,Himachal Pradesh,MoRTH,,345.89,,345.89,147.63,2021-09,,2024-07,80.35,ongoing_census,2024-06
N24001447,REHABILITATION AND UPGRADATION TO 2-LANE CONFIGURATION OF HAMIRPUR- KARNOHAL SECTION (KM 141.000 TO K,ROAD TRANSPORT AND HIGHWAYS,Himachal Pradesh,MoRTH,,371.93,,371.93,30.75,2024-12,,2024-12,12.5,ongoing_census,2024-06
N24001470,REHABILITATION AND UPGRADATION TO 2-LANE CONFIGURATION OF KALWAHAN- MANDI SECTION (KM 208.950 TO KM 2,ROAD TRANSPORT AND HIGHWAYS,Himachal Pradesh,MoRTH,,314.32,,314.32,9.45,2025-04,,2025-04,0.0,ongoing_census,2024-06
N24001808,REHABILITATION AND UPGRADING FROM 2 L TO 4 L FROM BHANGBAR(NEAR RANITAL) TO KANGRA BYPASS SECTION OF,ROAD TRANSPORT AND HIGHWAYS,Himachal Pradesh,NHAI,2021-03,1322.95,1442.47,1442.47,705.43,2024-12,2024-12,2024-12,69.33,ongoing_census,2024-06
N24001809,CONVERSION OF PARTIALLY EXCAVATED ESCAPE TUNNEL TO UNIDIRECTIONAL TWO LANE TUNNEL (INCLUDING CONSTRU,ROAD TRANSPORT AND HIGHWAYS,Himachal Pradesh,NHAI,2022-05,469.95,,280.0,265.33,2024-03,2024-12,2024-12,93.32,ongoing_census,2024-06
N24001810,4L SUNDER NAGAR BYPASS FROM KM173.900 TO KM 179.600 OF NH-21 IN THE STATE OF HP,ROAD TRANSPORT AND HIGHWAYS,Himachal Pradesh,NHAI,2022-02,190.6,,163.0,103.48,2024-06,,2024-06,100.0,ongoing_census,2024-06
N24001811,4L OF MO - SIHUNI FROM KM. 42.00 TO KM. 51.00 OF OLD NH-20 (NEW NH-154) (PACKAGE-IB),ROAD TRANSPORT AND HIGHWAYS,Himachal Pradesh,NHAI,,583.93,704.3,704.3,126.12,2024-06,,2024-06,96.25,ongoing_census,2024-06
N24001812,4L OF HP/PUNJAB BO4L OF HP/PUNJAB BORDER - MO FROM KM. 11.00 TO KM. 42.00 OF OLD NH-20 (NEW NH-154),ROAD TRANSPORT AND HIGHWAYS,Himachal Pradesh,NHAI,2021-03,1002.11,1361.79,1361.79,159.19,2024-05,,2024-05,40.9,ongoing_census,2024-06
N24001813,4L OF END OF PINJORE BYPASS - BADDI - NALAGARH SECTION (KM. 4.200 TO KM. 35.370) OF NH21A,ROAD TRANSPORT AND HIGHWAYS,Himachal Pradesh,NHAI,,1692.05,,1692.05,942.14,2024-09,,2024-09,21.6,ongoing_census,2024-06
N24001915,IMPROVEMENT/CONSTRUCTION OF EXISTING CLASS-5 ROAD TO NH INTERMEDIATE LANE SPECIFICATION WITH HARD SH,ROAD TRANSPORT AND HIGHWAYS,Himachal Pradesh,N.A.,2021-03,230.54,,230.54,,2026-06,,2026-06,15.05,ongoing_census,2024-06
N24001916,IMPROVEMENT/CONSTRUCTION OF EXISTING CLASS 5 ROAD TO NH INTERMEDIATE LANE SPECIFICATION WITH HARD SH,ROAD TRANSPORT AND HIGHWAYS,Himachal Pradesh,BRO,2021-03,314.67,,314.67,,2026-05,,2026-05,14.35,ongoing_census,2024-06
N24002049,PKG NAME: 4L OF KATHLIGHAT TO SHAKRAL VILLAGE FROM KM 128.835 TO KM 146.300 OF NH- 5 (SHIMLA BYPASS,ROAD TRANSPORT AND HIGHWAYS,Himachal Pradesh,NHAI,2022-03,1703.48,2278.0,2278.0,651.98,2026-04,,2026-04,14.5,ongoing_census,2024-06
N24002050,REHABILITATION AND UPGRADATION TO 4L CONFIGURATION and STRENGTHENING OF SIHUNI TO RAJOL FROM KM 51.0,ROAD TRANSPORT AND HIGHWAYS,Himachal Pradesh,NHAI,,696.65,698.46,698.46,288.94,2025-09,,2025-09,27.8,ongoing_census,2024-06
N24002051,CONSTRUCTION OF NEW 2 LANE WITH PAVED SHOULDER OF HAMIRPUR BYPASS (PACKAGE IVA) OF NH-88 (NEW NH-103,ROAD TRANSPORT AND HIGHWAYS,Himachal Pradesh,NHAI,2022-07,739.39,,739.39,249.85,2025-10,,2025-10,34.26,ongoing_census,2024-06
N24002052,REHABILITATION AND UP-GRADATION OF EXISTING ROAD TO 2L PS FROM END OF HAMIRPUR BYPASS (NEAR CHILBAHA,ROAD TRANSPORT AND HIGHWAYS,Himachal Pradesh,NHAI,,1146.19,,1146.19,841.81,2025-04,,2025-04,39.67,ongoing_census,2024-06
N28000154,CONSTRUCTION OF PERMANENT CAMPUS OF CENTRAL UNIVERSITY OF HIMACHAL PRADESH AT DEHRA AND JADRANGAL (D,URBAN DEVELOPMENT,Himachal Pradesh,N.A.,2022-04,512.34,,512.34,,2024-11,,2024-11,0.0,ongoing_census,2024-06
N04000107,JAMMU - CONSTRUCTION OF NEW CIVIL ENCLAVE,CIVIL AVIATION,Jammu And Kashmir,AAI,2022-07,861.37,,861.37,17.44,2026-06,,2026-06,3.0,ongoing_census,2024-06
N28000130,CONSTRUCTION OF PERMANENT CAMPUS OF IIM JAMMU (PHASE 1),DEPARTMENT OF HIGHER EDUCATION,Jammu And Kashmir,Jul-24) (500.91,2019-03,424.93,500.91,500.91,465.62,2022-07,2024-07,2024-07,98.0,ongoing_census,2024-06
N28000131,CONSTRUCTION OF PERMANENT CAMPUS IIT JAMMU (PHASE 1C),DEPARTMENT OF HIGHER EDUCATION,Jammu And Kashmir,CPWD EDUCATION,2018-01,676.0,1148.68,1144.68,64.75,2023-04,2024-06,2024-09,92.5,ongoing_census,2024-06
N21000029,"CONSTRUCTION OF AIIMS AT JAMMU VIJAYPUR, SAMBA JAMMU AND KASHMIR",HEALTH AND FAMILY WELFARE,Jammu And Kashmir,CPWD FOR HEALTH,2019-03,1404.0,1642.0,1642.0,1359.69,2023-09,2024-08,2024-08,99.0,ongoing_census,2024-06
N28000150,C/O AIIMS AT AWANTIPORA (KASHMIR) JAMMU AND KASHMIR,HEALTH AND FAMILY WELFARE,Jammu And Kashmir,CPWD FOR HEALTH,2019-03,1828.0,1577.0,1577.0,999.16,2025-09,2025-01,2025-11,52.0,ongoing_census,2024-06
N16000500,SETTING UP A COMMON USER PETROLEUM TERMINAL AT JAMMU FOR RE-SITEMENT OF EXISTING DEPOTS OF PSU OMCS,PETROLEUM,Jammu And Kashmir,BPCL,2021-04,676.89,,676.89,438.98,2025-03,,2025-03,38.0,ongoing_census,2024-06
N16000527,CGD PROJECT AT JAMMU DISTRICTS,PETROLEUM,Jammu And Kashmir,N.A.) (N.A.,2022-03,538.0,,538.0,3.91,2032-03,,2032-03,0.2,ongoing_census,2024-06
N18000172,PAKAL DUL HYDRO ELECTRIC PROJECT (1000 MW),POWER,Jammu And Kashmir,Jul-25,2014-10,8112.12,,8112.12,4481.95,2020-04,2025-07,2026-09,53.09,ongoing_census,2024-06
N18000278,KIRU HYDRO ELECTRIC PROJECT (CVPPPL),POWER,Jammu And Kashmir,N.A.) (N.A.,2019-03,4287.59,,4287.59,1603.94,2024-08,,2026-09,36.97,ongoing_census,2024-06
N18000324,RATLE HE PROJECT (NHPC),POWER,Jammu And Kashmir,N.A.,2021-02,5281.94,,5281.94,744.15,2026-02,,2026-12,14.01,ongoing_census,2024-06
N18000363,KWAR HE PROJECT (CVPPPL),POWER,Jammu And Kashmir,N.A.) (N.A.,2022-05,4526.12,,4526.12,660.04,2026-11,,2027-12,11.55,ongoing_census,2024-06
220100133,"UDHAMPUR-SRINAGAR-BARAMULLA (NL),NR",RAILWAYS,Jammu And Kashmir,NR,1995-03,2500.0,37012.26,41000.0,39863.0,2002-11,2024-08,2024-08,98.5,ongoing_census,2024-06
N24000471,FOUR LANING OF RAMBAN - BANIHAL SECTION OF NH-1A,ROAD TRANSPORT AND HIGHWAYS,Jammu And Kashmir,N.A.,2015-12,2168.66,,2168.66,,2019-06,,2023-12,0.0,ongoing_census,2024-06
N24000488,FOUR LANING OF UDHAMBUR - RAMBAN SECTION OF NH-1A,ROAD TRANSPORT AND HIGHWAYS,Jammu And Kashmir,NHAI,2015-12,2136.97,2644.0,2644.0,2362.99,2018-12,2024-08,2024-08,99.5,ongoing_census,2024-06
N24000717,CONSTRUCTION OF STAND ALONE RING ROAD/ BYPASS AROUND JAMMU CITY IN THE STATE OF J AND K ON EPC MODE,ROAD TRANSPORT AND HIGHWAYS,Jammu And Kashmir,NHAI,,1471.75,1471.75,1903.98,1579.69,2021-07,2024-08,2024-08,96.32,ongoing_census,2024-06
N24000868,UP-GRADATION TO 4-LANE WITH PAVED SHOULDER OF JAMMU-AKHNOOR ROAD SECTION OF NH-144A FROM GANESH VIHA,ROAD TRANSPORT AND HIGHWAYS,Jammu And Kashmir,NHIDCL,2018-03,253.44,,253.44,177.63,2021-07,2023-08,2024-10,77.47,ongoing_census,2024-06
N24001253,"CONSTRUCTION, OPERATION AND MAINTENANCE OF Z-MORH TUNNEL INCLUDING APPROACHES ON NH-01 SRINAGAR-SONA",ROAD TRANSPORT AND HIGHWAYS,Jammu And Kashmir,N.A.,2019-12,2680.42,,2680.42,,2023-12,,2024-07,95.05,ongoing_census,2024-06
N24001256,CONSTRUCTION OF (I) CONNECTING ROAD FROM Z-MORH TUNNEL TO ZOJILA TUNNEL AND (II) 14.150 KM LONG BI-D,ROAD TRANSPORT AND HIGHWAYS,Jammu And Kashmir,NHIDCL,2020-08,6808.69,,6808.69,3013.84,2026-09,,2026-09,49.92,ongoing_census,2024-06
N24001264,UP-GRADATION TO 2-LANE WITH PAVED SHOULDER FROM KM 12.850 TO KM20.300 OF 7.450KM LENGTH ON GOHA-KHEL,ROAD TRANSPORT AND HIGHWAYS,Jammu And Kashmir,N.A.,2020-07,228.39,,228.39,61.78,2022-04,2024-03,2024-12,82.86,ongoing_census,2024-06
N24001266,UP-GRADATION TO 2-LANE WITH PAVED SHOULDER FROM KM 20.300 TO KM 29.030 OF 8.730 KM LENGTH ON GOHA-K,ROAD TRANSPORT AND HIGHWAYS,Jammu And Kashmir,NHIDCL,2020-07,210.79,,210.79,60.55,2022-04,2023-11,2024-11,85.3,ongoing_census,2024-06
N24001323,KHELLANI-KHANABAL PKG-1 (NHIDCL),ROAD TRANSPORT AND HIGHWAYS,Jammu And Kashmir,N.A.,2021-03,486.45,,486.45,115.47,2022-09,2023-08,2024-09,92.98,ongoing_census,2024-06
N24001341,KHELLANI-KHANABAL PKG-3 (NHIDCL),ROAD TRANSPORT AND HIGHWAYS,Jammu And Kashmir,Jul-24) (N.A.,2021-03,398.51,,398.51,73.81,2022-12,2024-07,2024-10,88.34,ongoing_census,2024-06
N24001342,DONIPAWA TO ASHAJIPORA BYPASS PKG- 7 (NHIDCL),ROAD TRANSPORT AND HIGHWAYS,Jammu And Kashmir,,,260.4,,260.4,191.88,2022-12,,2024-07,93.8,ongoing_census,2024-06
N24001394,KHELLANI-KHANABAL PKG-2,ROAD TRANSPORT AND HIGHWAYS,Jammu And Kashmir,N.A.) (N.A.,2021-07,512.43,,512.43,62.19,2023-02,,2025-08,46.9,ongoing_census,2024-06
N24001395,KHELLANI-KHANABAL PKG-4 (NHIDCL),ROAD TRANSPORT AND HIGHWAYS,Jammu And Kashmir,N.A.,2021-07,859.67,,859.67,127.68,2023-08,2024-07,2026-06,30.72,ongoing_census,2024-06
N24001396,KHELLANI-KHANABAL PKG-5 (NHIDCL),ROAD TRANSPORT AND HIGHWAYS,Jammu And Kashmir,Jul-24) (N.A.,2021-07,497.09,,497.09,115.76,2023-02,2024-07,2024-12,60.89,ongoing_census,2024-06
N24001397,GOHA-KHELLANI PKG-3 (NHIDCL),ROAD TRANSPORT AND HIGHWAYS,Jammu And Kashmir,Mar-24) (N.A.,2021-02,431.28,,431.28,264.71,2023-03,2024-03,2024-11,78.22,ongoing_census,2024-06
N24001472,BALANCE WORKS OF FOUR LANING FROM RAMBAN KM 151.00 TO BANIHAL KM 187.00 OF NH-1A (NOW NH-44) WITH VA,ROAD TRANSPORT AND HIGHWAYS,Jammu And Kashmir,NHAI,2021-09,811.19,,811.19,750.08,2023-12,2024-07,2024-07,38.0,ongoing_census,2024-06
N24001511,CONSTRUCTION OF FOUR LANE RINGROAD BYPASS SRINAGAR CITY,ROAD TRANSPORT AND HIGHWAYS,Jammu And Kashmir,NHAI,2021-03,2919.96,,2919.96,2034.17,2024-02,2024-08,2025-06,48.0,ongoing_census,2024-06
N24001543,FOUR LANING OF JAMMU-AKHNOOR PKG- 1 (NHIDCL),ROAD TRANSPORT AND HIGHWAYS,Jammu And Kashmir,N.A.,,245.34,,245.34,40.57,2025-01,,2025-01,27.43,ongoing_census,2024-06
N24001550,DELHI-AMRITSAR-KATRA EXPRESSWAY (PHASE-II PKG-XVI) EXISTING JAKH (VIJAYPUR)-KUNJWANI SECTION OF NH-4,ROAD TRANSPORT AND HIGHWAYS,Jammu And Kashmir,NHAI,2021-09,1821.72,1917.32,1945.32,1635.74,2024-09,2025-12,2025-12,50.11,ongoing_census,2024-06
N24001551,DELHI-AMRITSAR-KATRA EXPRESSWAY (PHASE-II PKG-XIV) FROM JUNCTION WITH PATHANKOT-GURDASPUR ROAD (NH-5,ROAD TRANSPORT AND HIGHWAYS,Jammu And Kashmir,NHAI,2021-10,3044.02,3044.02,3299.14,2360.26,2024-09,,2024-09,36.87,ongoing_census,2024-06
N24001552,DELHI-AMRITSAR-KATRA EXPRESSWAY (PHASE-II PKG-XV) [JUNCTION WITH HIRANAGAR ROAD NEAR VILLAGE GURHA B,ROAD TRANSPORT AND HIGHWAYS,Jammu And Kashmir,NHAI,2021-10,2714.95,2714.95,3198.57,2577.85,2024-09,2025-07,2025-07,59.02,ongoing_census,2024-06
N24001619,CORRIDOR EFFICIENCY IMPROVEMENT INCLUDING REMOVAL OF BLACK SPOTS IN LAKHANPUR - SAMBA SECTION OF NH-,ROAD TRANSPORT AND HIGHWAYS,Jammu And Kashmir,NHAI,2022-08,200.05,200.05,208.92,83.52,2024-06,2025-06,2025-06,37.25,ongoing_census,2024-06
N24001620,CONSTRUCTION OF TUNNELS/VIADUCTS AT IDENTIFIED SLIDING/SLIP ZONES AT KM 130.550 TO KM.130.750; KM.,ROAD TRANSPORT AND HIGHWAYS,Jammu And Kashmir,NHAI,2021-09,442.14,,442.14,219.11,2023-10,2024-12,2024-12,19.88,ongoing_census,2024-06
N24001621,"4L OF KM.165.092 TO KM.171.855 (NORTH BOUND) AND FROM KM.166.895 TO KM.173.638 (SOUTH BOUND), EXCL.",ROAD TRANSPORT AND HIGHWAYS,Jammu And Kashmir,NHAI,2021-07,614.48,,614.48,126.31,2024-08,2024-08,2024-08,7.0,ongoing_census,2024-06
N24001622,4L TWIN TUBE TUNNEL INCLUDING APPROACHES FROM DIGDOL TO KHUNI NALLAH (NORTH BOUND CONNECTING WITH EX,ROAD TRANSPORT AND HIGHWAYS,Jammu And Kashmir,NHAI,2021-07,1401.87,,1401.87,387.19,2024-06,2025-06,2025-06,0.0,ongoing_census,2024-06
N24001623,BANIHAL BYPASS (DELINKED FROM SRINAGAR - BANIHAL) FROM KM. 187.00 TO KM. 189.350,ROAD TRANSPORT AND HIGHWAYS,Jammu And Kashmir,N.A.,2020-01,336.01,,336.01,157.15,2024-01,2024-12,2024-12,34.0,ongoing_census,2024-06
N24001624,CONSTRUCTION OF EMERGENCY LANDING FACILITY FROM KM. 246.60 TO KM. 249.70 ON SRINAGAR - BANIHAL SECTI,ROAD TRANSPORT AND HIGHWAYS,Jammu And Kashmir,NHAI,2019-07,157.05,,157.05,133.21,2020-10,2023-04,2024-09,100.0,ongoing_census,2024-06
N24001627,4L OF TWIN TUBE TUNNEL CONFIGURATION INCLUDING APPROACHES FROM MAROG TO DIGDOL (FROM KM.154.210 TO K,ROAD TRANSPORT AND HIGHWAYS,Jammu And Kashmir,NHAI,2021-07,1912.17,,1912.17,35.62,2025-02,2025-02,2025-02,0.0,ongoing_census,2024-06
N24001833,JAMMU - AKHNOOR SECTION OF NH 144A PKG-3B,ROAD TRANSPORT AND HIGHWAYS,Jammu And Kashmir,NHIDCL,,198.28,,198.28,44.87,2025-03,,2025-03,37.48,ongoing_census,2024-06
N24001897,REHABILITATION AND UPGRADATION TO 2 LANE WITH PAVED SHOULDER FROM EXISTING CHAINAGE KM 102 TO KM 13,ROAD TRANSPORT AND HIGHWAYS,Jammu And Kashmir,N.A.,,642.24,,642.24,388.94,2024-07,,2024-07,74.14,ongoing_census,2024-06
N24001898,REHABILITATION AND UPGRADATION TO 2 LANE WITH PAVED SHOULDER FROM EXISTING CHAINAGE KM 30.000 TO K,ROAD TRANSPORT AND HIGHWAYS,Jammu And Kashmir,BRO,,272.49,,272.49,146.77,2024-11,,2024-11,70.0,ongoing_census,2024-06
N24001899,REHABILITATION AND UPGRADATION TO 2 LANE WITH PAVED SHOULDER FROM EXISTING CHAINAGE KM 134.95 TO KM,ROAD TRANSPORT AND HIGHWAYS,Jammu And Kashmir,N.A.,,395.25,,395.25,165.41,2024-07,,2024-07,45.31,ongoing_census,2024-06
N24001900,REHABILITATION AND UPGRADATION TO 2 LANE WITH PAVED SHOULDER FROM EXISTING CHAINAGE KM 49.150 TO KM,ROAD TRANSPORT AND HIGHWAYS,Jammu And Kashmir,BRO,,796.97,,796.97,390.17,2024-08,,2024-08,70.58,ongoing_census,2024-06
N24001901,REHABILITATION AND UPGRADATION TO 2 LANE WITH PAVED SHOULDER FROM EXISTING CHAINAGE KM 64.535 TO K,ROAD TRANSPORT AND HIGHWAYS,Jammu And Kashmir,N.A.,,152.93,,152.93,98.08,2023-09,,2024-09,75.0,ongoing_census,2024-06
N24001926,CONSTRUCTION OF TWIN TUBE TUNNELS ON JAMMU KASHMIR RING ROAD (NH- 244A) BETWEEN DESIGN CH. 50+600 TO,ROAD TRANSPORT AND HIGHWAYS,Jammu And Kashmir,NHAI,2023-03,939.86,,939.86,177.75,2025-06,,2025-06,27.25,ongoing_census,2024-06
N24001998,"CONSTRUCTION OF 4 LANE WITH PAVED SHOULDER FROM (DESIGN CH. 14+200 TO 24+400), (DESIGN CH. 35+300 TO",ROAD TRANSPORT AND HIGHWAYS,Jammu And Kashmir,BRO,2022-06,832.46,,823.46,252.09,2025-08,,2025-08,16.94,ongoing_census,2024-06
N24002059,2L NH-1 FROM KM 8.660 TO KM 33.775 CARRIAGEWAY NH STANDARD AS PART OF S,ROAD TRANSPORT AND HIGHWAYS,Jammu And Kashmir,SUMBAL TO WAYUL) TO 4L DUAL (N.A.) (N.A.,2022-09,1183.6,,1183.6,93.16,2026-06,,2026-06,0.0,ongoing_census,2024-06
N24002060,DELHI AMRITSAR KATRA EXPRESSWAY UPGRADATION OF FOUR LANE ACCESS,ROAD TRANSPORT AND HIGHWAYS,Jammu And Kashmir,N.A.,2023-03,1107.0,,1107.0,51.17,2025-11,,2025-11,4.01,ongoing_census,2024-06
N24002061,4/6L ACCESS CONTROL EXPRESSWAY FROM DESIGN CHAINAGE KM 515.000 TO 528.300 (KUNJWANI TO SIDHRA SECTIO,ROAD TRANSPORT AND HIGHWAYS,Jammu And Kashmir,NHAI,2022-08,2474.47,,2675.93,651.62,2025-06,,2025-06,12.0,ongoing_census,2024-06
N24002119,REHABILITATION AND UPGRADATION TO 2 LANE WITH PAVED SHOULDER FROM DESIGN CHAINAGE KM 162.800 TO KM,ROAD TRANSPORT AND HIGHWAYS,Jammu And Kashmir,N.A.,,562.45,,562.45,17.26,2026-01,,2026-01,4.0,ongoing_census,2024-06
N06000083,CHURI BENTI UG (0.81 MTY),COAL,Jharkhand,N.A.) (N.A.,2007-08,163.51,,163.51,133.35,2011-03,,2024-09,84.4,ongoing_census,2024-06
N06000087,RAJRAPPA RCE OCP ( 3.0 MTY) (CCL),COAL,Jharkhand,N.A.,2009-12,510.85,,510.85,488.31,2016-03,,2025-03,74.5,ongoing_census,2024-06
N06000088,KARMA OCP (1.0MTY) (CCL),COAL,Jharkhand,N.A.) (N.A.,2009-06,162.46,,162.46,95.92,2014-03,,2024-09,75.0,ongoing_census,2024-06
N06000096,MURAIDIH UG TURN-KEY PROJECT (BCCL),COAL,Jharkhand,N.A.) (N.A.,2011-02,339.88,,339.88,151.19,2014-04,,2026-01,70.0,ongoing_census,2024-06
N06000098,MOONIDIH XV SEAM UG,COAL,Jharkhand,N.A.) (N.A.,2011-08,1230.27,,1230.27,588.91,2019-03,,2026-02,80.0,ongoing_census,2024-06
N06000106,NORTH TISRA AND SOUTH TISRA EXPANSION OCP (6MTY),COAL,Jharkhand,N.A.,2014-02,555.52,,555.52,379.46,2021-03,,2021-03,47.5,ongoing_census,2024-06
N06000126,MADHUBAND NLW WASHERY (BCCL),COAL,Jharkhand,N.A.) (N.A.,2010-08,289.45,,302.0,299.38,2014-05,,2023-11,100.0,ongoing_census,2024-06
N06000143,HURA - C OC (3 MTY),COAL,Jharkhand,Mar-29) (859.41,2015-10,359.69,859.41,859.41,316.19,2022-03,2029-03,2029-03,52.0,ongoing_census,2024-06
N06000169,CHITRA EAST (RCE) OCP (ECL),COAL,Jharkhand,Mar-26) (N.A.,2018-08,513.98,,513.98,180.15,2024-03,2026-03,2026-03,51.0,ongoing_census,2024-06
N06000186,TETARIAKHAR EXPANSION OCP,COAL,Jharkhand,N.A.) (N.A.,2019-11,243.52,,243.52,44.35,2023-03,,2025-03,46.6,ongoing_census,2024-06
N06000193,PACHWARA SOUTH COAL BLOCK,COAL,Jharkhand,NLC,2013-07,2242.92,2242.9,2242.9,180.84,2028-09,,2028-09,43.0,ongoing_census,2024-06
N06000194,PATHERDIH 2.5 NLW COAL WASHERY (BCCL),COAL,Jharkhand,N.A.) (N.A.,2015-10,243.0,,334.27,113.87,2018-04,,2024-09,39.5,ongoing_census,2024-06
N06000216,REVISED PROJECT REPORT MAGADH EXPANSION OCP,COAL,Jharkhand,CCL,2020-08,7254.37,,7254.37,1108.75,2028-03,,2028-03,19.0,ongoing_census,2024-06
N06000217,EXPANSION PROJECT AMRAPALI OCP (CCL),COAL,Jharkhand,N.A.) (N.A.,2020-08,5136.15,,5136.15,681.88,2028-03,,2028-03,19.0,ongoing_census,2024-06
N06000218,UCE OF EPR OF NORTH URIMARI OCP (CCL),COAL,Jharkhand,N.A.,2021-07,778.8,,778.8,683.05,2026-03,,2026-03,75.0,ongoing_census,2024-06
N06000237,KOTRE BASANTPUR PACHMO OCP,COAL,Jharkhand,N.A.) (625.40,2020-08,861.06,625.4,625.4,362.06,2032-03,,2032-03,38.0,ongoing_census,2024-06
N06000238,CHANDRAGUPT OCP (CCL),COAL,Jharkhand,N.A.) (N.A.,2020-08,973.5,,973.5,7.95,2032-03,,2032-03,12.4,ongoing_census,2024-06
N06000239,SIRKA OCP (CCL),COAL,Jharkhand,N.A.) (N.A.,2020-05,222.82,,222.82,139.31,2025-03,,2025-03,60.0,ongoing_census,2024-06
N06000240,JHARKHAND LAIYO OCP (CCL),COAL,Jharkhand,N.A.) (N.A.,2020-08,764.57,,764.57,145.8,2031-03,,2031-03,20.0,ongoing_census,2024-06
N06000241,EPR TAPIN SOUTH OCP (CCL),COAL,Jharkhand,N.A.,2020-11,230.41,,230.41,18.14,2025-03,,2025-03,18.3,ongoing_census,2024-06
N06000242,EPR PUNDI OCP (CCL),COAL,Jharkhand,N.A.) (N.A.,2020-11,713.35,,713.35,236.57,2027-03,,2027-03,39.0,ongoing_census,2024-06
N06000243,EPR ROHINI KARKATA OCP,COAL,Jharkhand,N.A.) (N.A.,2021-01,1020.42,,1020.42,82.92,2028-03,,2028-03,11.7,ongoing_census,2024-06
N06000245,EXPANSION OF KONAR OCP (CCL),COAL,Jharkhand,N.A.) (N.A.,2022-01,799.34,,799.34,360.44,2032-03,,2032-03,32.0,ongoing_census,2024-06
N06000246,EXPANSION OF KARO OCP,COAL,Jharkhand,N.A.) (N.A.,2022-01,908.47,,908.47,145.14,2026-03,,2026-03,17.2,ongoing_census,2024-06
N06000247,EXPANSION OF ASHOK OCP (CCL),COAL,Jharkhand,N.A.,2021-05,2898.28,,2898.28,175.01,2028-03,,2028-03,12.1,ongoing_census,2024-06
N28000067,2000 BOYS HOSTEL(1000 DOUBLE BEDDED ROOM) AT ISM DHANBAD,DEPARTMENT OF HIGHER EDUCATION,Jharkhand,CPWD EDUCATION,2012-09,171.86,,171.86,174.57,2016-03,,2016-03,0.0,ongoing_census,2024-06
N16000239,DEVELOPMENT PLAN OF CBM - BOKARO BLOCK,PETROLEUM,Jharkhand,ONGC,2015-12,823.27,1137.79,1137.79,1028.58,2023-03,2024-03,2025-03,82.2,ongoing_census,2024-06
N16000329,"CITY GAS DISTRIBUTION (CGD) NETWORK, RANCHI",PETROLEUM,Jharkhand,GAIL,2017-10,226.45,,226.45,257.39,2022-10,,2024-03,100.0,ongoing_census,2024-06
N16000389,"CITY GAS DISTRIBUTION, JAMSHEDPUR",PETROLEUM,Jharkhand,N.A.) (N.A.,2017-10,221.45,,221.45,237.03,2022-10,,2025-03,100.0,ongoing_census,2024-06
N16000416,"CGD PROJECT AT BOKARO, HAZARIBAGH AND RAMGARH DISTRICTS",PETROLEUM,Jharkhand,Mar-30,2018-10,613.0,,613.0,226.62,2029-12,2030-03,2030-03,100.0,ongoing_census,2024-06
N16000445,DEVELOPMENT OF JHARIA CBM BLOCK,PETROLEUM,Jharkhand,PHASE-1) (Mar-24) (N.A.,2019-11,431.0,,431.0,154.47,2024-01,2024-03,2024-12,54.6,ongoing_census,2024-06
N16000480,LAYING OF NATURAL GAS PIPELINE FROM HAZARIBAGH TO RANCHI,PETROLEUM,Jharkhand,IOCL,2023-03,202.07,,202.07,1.72,2026-02,,2026-02,29.8,ongoing_census,2024-06
N16000497,CGD PROJECT IN BIHAR JHARKHAND,PETROLEUM,Jharkhand,N.A.) (N.A.,2022-06,1377.0,,1377.0,159.82,2030-06,,2030-06,15.9,ongoing_census,2024-06
N18000177,NORTH KARANPURA STPP (3X660 MW) (NTPC),POWER,Jharkhand,N.A.,2014-02,16242.9,,17007.0,15361.62,2019-06,2022-10,2024-12,85.0,ongoing_census,2024-06
N18000275,PATRATU STPP-I (3X800MW) (NTPC),POWER,Jharkhand,N.A.) (N.A.,2017-11,17112.0,,17112.0,13151.45,2023-03,,2025-11,68.0,ongoing_census,2024-06
N18000367,BADAM COAL MINING PROJECT (NTPC),POWER,Jharkhand,N.A.) (N.A.,2019-02,501.79,,501.79,40.35,2024-10,,2024-10,0.0,ongoing_census,2024-06
N18000369,CHATTI BARIATU COAL MINING PROJECT (NTPC),POWER,Jharkhand,N.A.) (N.A.,2015-03,1314.0,,1783.0,1012.94,2024-04,,2024-04,64.59,ongoing_census,2024-06
N18000370,KERANDARI COAL MINING PROJECT,POWER,Jharkhand,N.A.) (N.A.,2015-09,1553.0,,2804.0,,2019-11,,2023-04,0.0,ongoing_census,2024-06
N22000396,BONDAMUNDA RANCHI DOUBLING,RAILWAYS,Jharkhand,SER,2016-03,1724.2,3029.04,3029.04,2046.74,2021-03,,2026-06,75.0,ongoing_census,2024-06
N22000508,LODHMA TO PISKA LINK LINE BY PASSING HATIA/RANCHI WITH Y CONNECTION (17.2 KM),RAILWAYS,Jharkhand,SER,2018-04,428.65,,472.5,266.46,2022-06,,2026-06,2.0,ongoing_census,2024-06
N22000527,PARASNATH-MADHUBAN-GIRIDIH,RAILWAYS,Jharkhand,N.A.) (902.86,2019-03,816.03,902.86,902.86,3.08,2030-03,,2030-03,0.0,ongoing_census,2024-06
N22000529,DOUBLING OF PRADHANKHUNTA JN - PATHERDIH BAZAR-BHOJUDIH,RAILWAYS,Jharkhand,ECR,,202.0,349.22,349.22,,2027-11,,2027-11,0.0,ongoing_census,2024-06
N22000531,CHITRA - BASUKINATH (38.30 KM) (ER),RAILWAYS,Jharkhand,N.A.,2019-01,827.89,,793.87,183.19,2026-03,2027-03,2027-03,0.0,ongoing_census,2024-06
N22000595,KHARAGPUR-ADITYAPUR - 3RD LINE (132 KM) (RVNL),RAILWAYS,Jharkhand,,,1116.0,,3270.07,2875.04,2025-03,,2024-06,98.0,ongoing_census,2024-06
N22000599,3RD LINE BETWEEN DHANBAD SONNAGAR,RAILWAYS,Jharkhand,RVNL,2016-11,8975.0,,7906.38,4630.47,2026-03,,2026-03,90.0,ongoing_census,2024-06
N22000610,GARHWA ROAD - RAIL OVER RAIL (ECR),RAILWAYS,Jharkhand,N.A.) (N.A.,2017-03,262.71,,262.71,185.49,2024-03,,2024-07,73.0,ongoing_census,2024-06
N22000611,GOMOH - FLYOVER FOR DOWN TRAINS,RAILWAYS,Jharkhand,N.A.) (N.A.,2018-01,487.73,,487.73,259.13,2025-12,,2025-12,16.0,ongoing_census,2024-06
220100305,"KODERMA-TILAIYA (NL), ECR",RAILWAYS,Jharkhand,ECR,2002-04,459.91,1625.87,1700.0,1696.01,,,2025-03,70.0,ongoing_census,2024-06
N24000725,FOUR LANING OF BARHI - KODERMA SECTION OF NH - 31,ROAD TRANSPORT AND HIGHWAYS,Jharkhand,NHAI,2018-01,273.46,,276.17,244.92,2021-11,2024-08,2024-08,94.0,ongoing_census,2024-06
N24000726,SIX LANING OF BIHAR - JHARKHAND BORDER (CHORDAHA) TO GORHAR SECTION,ROAD TRANSPORT AND HIGHWAYS,Jharkhand,NHAI,2018-01,1155.16,,950.49,629.74,2021-11,2025-06,2025-06,68.0,ongoing_census,2024-06
N24000854,4-LANING OF LOHA - WARANGA SECTION OF NH-361 FROM KM. 187.800 TO KM. 244.369 (DESIGN LENGTH 56.569 K,ROAD TRANSPORT AND HIGHWAYS,Jharkhand,NHAI,2018-03,1005.08,1073.1,1073.1,699.05,2021-03,2024-12,2024-12,81.0,ongoing_census,2024-06
N24001216,WIDENING TO 2 LANE WITH PAVED SHOULDERS AND GEOMETRIC IMPROVEMENT OF NH-114A FROM KM 141 TO KM 184 I,ROAD TRANSPORT AND HIGHWAYS,Jharkhand,Jun-24,2016-12,196.0,,196.0,163.97,2021-09,2024-06,2024-06,90.0,ongoing_census,2024-06
N24001589,HARIHARGANJ TO PARWA MODE SECTION FROM KM 23.284 TO KM 57.049 OF NH-98,ROAD TRANSPORT AND HIGHWAYS,Jharkhand,NHAI,2020-09,755.26,,1039.0,538.37,2024-03,2024-12,2024-12,82.5,ongoing_census,2024-06
N24001590,4L FROM KM 196.87 (SANKHA) TO KM 219.6 (KHAJURI) ON NH-75 [REHLA / GARHWA BYPASS],ROAD TRANSPORT AND HIGHWAYS,Jharkhand,Dec-24,2020-09,748.99,,903.0,799.08,2023-10,2024-12,2024-12,99.98,ongoing_census,2024-06
N24001594,ELEVATED CORRIDOR IN RANCHI CITY FROM KM 0.00 TO KM 3.260 OF NH-75 INCLUDING DOWN RAMP ON NH-23 FROM,ROAD TRANSPORT AND HIGHWAYS,Jharkhand,NHAI,2022-02,534.73,,534.73,,2025-01,,2025-01,59.96,ongoing_census,2024-06
N24001595,4L OF PALMA TO GUMLA SECTION OF NH23 FROM KM. 26.00 TO KM. 89.170 ON HAM MODE IN THE STATE OF JHARKH,ROAD TRANSPORT AND HIGHWAYS,Jharkhand,NHAI,2020-08,1034.0,1699.48,1699.48,41.5,2024-03,,2024-10,77.54,ongoing_census,2024-06
N24001596,4L OF MIRZA CHAUKI TO FARKKA SECTION OF NH80 FROM KM 215.00 TO KM 260.00 ON HAM MODE IN THE STATE OF,ROAD TRANSPORT AND HIGHWAYS,Jharkhand,NHAI,2021-11,1302.72,,1302.72,795.42,2023-07,,2024-06,50.86,ongoing_census,2024-06
N24001597,BALANCE WORK OF RANCHI-MAHULIA SECTION OF NH-33 FROM KM 113.730 (VIKAS) TO KM 140.000 (RAMPUR) (PKG-,ROAD TRANSPORT AND HIGHWAYS,Jharkhand,NHAI,2019-01,466.55,518.0,466.55,,2020-12,2024-07,2024-07,99.25,ongoing_census,2024-06
N24001854,FOUR LANING WITH PAVED SHOULDER OF SECTION FROM KM 53.600 (GOLA ON NH-320) TO KM 81.446 (ORMANJHI ON,ROAD TRANSPORT AND HIGHWAYS,Jharkhand,NHAI,2023-06,1214.93,1324.95,1324.95,594.54,2025-06,,2025-06,32.13,ongoing_census,2024-06
N24001922,WIDENING TO 2-LANE WITH PAVED SHOULDER FROM KM 0.00 TO 44.00 (KURU-GHAGHRA SECTION) OF NH-143A INCLU,ROAD TRANSPORT AND HIGHWAYS,Jharkhand,N.A.,2020-02,153.01,,153.01,83.6,2023-08,2024-06,2024-06,96.3,ongoing_census,2024-06
N24001923,WIDENING AND STRENGTHENING OF EXISTING PAVEEMNT TO TWO LANE WITH PAVED SHOULDERS FROM KM 116.00 TO K,ROAD TRANSPORT AND HIGHWAYS,Jharkhand,MoRTH,2022-01,315.21,,315.21,59.59,2024-07,,2024-07,50.0,ongoing_census,2024-06
N24001924,WIDENING AND STRENGTHENING TO TWO LANE WITH PAVED SHOULDER/TWO LANE+ PAVED SHOULDER WITH SERVICE ROA,ROAD TRANSPORT AND HIGHWAYS,Jharkhand,N.A.,2022-03,514.22,,514.22,,2025-08,,2025-08,0.0,ongoing_census,2024-06
N24001925,WIDENING AND STRENGTHENING/RECONSTRUCTION TO TWO LANE WITH PAVED SHOULDER/ TWO LANE WITH PAVED SHOUL,ROAD TRANSPORT AND HIGHWAYS,Jharkhand,MoRTH,2022-03,423.18,,423.18,0.11,2025-08,,2025-08,0.0,ongoing_census,2024-06
N24002053,FOUR LANING OF KHAJURI TO WYNDHAMGANJ FROM KM 219.600 TO KM 260.483 ON NH-75 PKG SEC-V ON HAM,ROAD TRANSPORT AND HIGHWAYS,Jharkhand,NHAI,2022-04,1232.0,1343.0,1400.0,341.3,2025-09,,2025-09,42.5,ongoing_census,2024-06
N24002054,FOUR LANING OF BHOGU TO SANKHA FROM KM 147.450 TO KM 196.870 ON NH- 75 PKG SEC-III,ROAD TRANSPORT AND HIGHWAYS,Jharkhand,NHAI,2022-10,1390.77,1391.0,1600.0,163.6,2025-11,,2025-11,47.93,ongoing_census,2024-06
N24002055,FOUR LANING OF BASUKINATH-DEOGHAR SECTION OF NH-114A FROM KM 85.081 TO KM 130.240 UNDER NHDP PHASE-I,ROAD TRANSPORT AND HIGHWAYS,Jharkhand,NHAI,2023-03,1444.94,,1444.94,,2025-12,,2025-12,0.0,ongoing_census,2024-06
N24002056,BHARATMALA PARIYOJANA OF BOKARO JAINA MORE - GOLA SECTION OF NH-320 FROM KM. 21.110 TO KM. 53.600 IN,ROAD TRANSPORT AND HIGHWAYS,Jharkhand,NHAI,2020-06,964.64,,964.64,362.33,2025-06,,2025-06,20.0,ongoing_census,2024-06
N24002057,FOUR LANING OF MEHGAMA HANSDIHA SECTION OF NH-33 FROM EXISTING KM 41.900 TO 93.000 IN THE STATE OF J,ROAD TRANSPORT AND HIGHWAYS,Jharkhand,N.A.,2022-12,1443.77,,1443.77,,2025-05,,2025-05,0.0,ongoing_census,2024-06
N12000095,NEW SINTER PLANT AT BOKARO STEEL PLANT,STEEL,Jharkhand,SAIL,2015-03,1034.01,,1034.01,871.21,2017-10,2021-12,2026-06,51.7,ongoing_census,2024-06
N12000126,UP GRADATION OF AUTOMATION SYSTEM OF HOT STRIP MILL AT BOKARO STEEL PLANT,STEEL,Jharkhand,N.A.,2022-02,207.74,,207.74,185.01,2024-06,,2024-06,100.0,ongoing_census,2024-06
N12000129,REVAMPING OF OLD SUB SYSTEM OF BLAST FURNACE 3 AT BOKARO STEEL PLANT,STEEL,Jharkhand,SAIL,2023-09,513.82,,513.82,59.22,2025-07,,2025-07,25.0,ongoing_census,2024-06
N12000133,REBUILDING OF COKE OVEN BATTERY NO.6 OF BOKARO STEEL PLANT,STEEL,Jharkhand,N.A.,2023-11,627.31,,627.31,45.51,2026-11,,2026-11,10.0,ongoing_census,2024-06
N12000135,REPLACEMENT OF REMAINING 04 NOS. OF BATTERY CYCLONES WITH 04 NOS. OF ESPS IN SINTER PLANT-1 AT BSL,STEEL,Jharkhand,BOKARO STEEL PL,2024-03,260.37,,260.37,,2026-06,,2026-06,0.0,ongoing_census,2024-06
N04000105,BELAGAVI AIRPORT- EXPANSION OF TERMINAL BUILDING AND ASSOCIATED WORKS,CIVIL AVIATION,Karnataka,AAI,2023-06,322.45,,322.45,26.58,2026-02,,2026-02,7.0,ongoing_census,2024-06
N04000108,HUBBALI AIRPORT - CONSTRUCTION OF NEW DOMESTIC TERMINAL BUILDING AND MISCELLANEOUS WORKS,CIVIL AVIATION,Karnataka,AAI,,320.47,,320.47,5.78,2026-02,,2026-01,4.0,ongoing_census,2024-06
N28000103,"RESIDENTIAL QUATERS FOR HAL,BANGLORE",DEFENCE PRODUCTION,Karnataka,CPWD FOR DEFENC,2016-12,246.31,200.0,195.0,185.84,2020-02,2023-03,2023-03,100.0,ongoing_census,2024-06
N42000006,"CONSTRUCTION OF PERMANENT CAMPUS FOR INDIAN INSTITUTE OF TECHNOLOGY, DHARWAD (PHASE 1A)",DEPARTMENT OF HIGHER EDUCATION,Karnataka,CPWD EDUCATION,2019-07,851.0,851.0,851.0,885.26,2022-03,2022-10,2023-03,100.0,ongoing_census,2024-06
N42000010,ADDITIONAL INFRASTRUCTURE AT IISC BANGALORE SH RCC MONOLITHIC FOR MEN WOMEN HOSTEL,DEPARTMENT OF HIGHER EDUCATION,Karnataka,N.A.,,316.25,,316.25,310.46,2024-02,,2024-08,94.0,ongoing_census,2024-06
N16000369,CONSTRUCTION OF 80000MT LPG CAVERN AT MANGALORE,PETROLEUM,Karnataka,HPCL,2018-12,854.0,854.0,854.0,575.75,2022-12,2024-09,2024-09,85.9,ongoing_census,2024-06
N16000401,DEVANGONTHI MARKETING TERMINAL,PETROLEUM,Karnataka,Mar-24) (304.00,2020-06,200.0,304.0,304.0,250.21,2023-06,2024-03,2024-08,93.39,ongoing_census,2024-06
N16000437,"REVAMPING, AUGMENTATION OF FACILITIES AT EXISTING PORT TERMINAL AT MANGALORE",PETROLEUM,Karnataka,IOCL,2022-01,463.0,500.62,500.62,155.4,2025-07,2025-12,2025-12,54.5,ongoing_census,2024-06
N16000509,POWER SYSTEM UPGRADATION PROJECT,PETROLEUM,Karnataka,MANGALORE REFIN,2023-10,385.0,,385.0,45.0,2026-02,,2026-02,21.97,ongoing_census,2024-06
N18000385,TS FOR INTRGRATION OF RE ZONE GADAG II (PHASE A) IN KARNATAK,POWER,Karnataka,PHASE II) IN KOPPAL II (PHASE A&B) AND (N.A.) (N.A.,2023-12,2889.0,,2889.0,,2025-12,,2025-12,0.0,ongoing_census,2024-06
N18000388,"TS FOR SOLAR ENERGY ZONE IN BIDAR (2500MW), KARNATAKA [BIDAR TRANSMISSION LTD]",POWER,Karnataka,N.A.,2024-02,2148.0,,2148.0,,2026-02,,2026-02,1.0,ongoing_census,2024-06
N22000256,TUMKUR-CHITRADURGA-DAVENGERE NL (SWR),RAILWAYS,Karnataka,N.A.) (N.A.,,1801.01,,1801.01,275.73,,,2027-12,11.0,ongoing_census,2024-06
N22000258,BAGALKOT-KUDACHI NL,RAILWAYS,Karnataka,SWR,2010-04,986.3,1378.0,1649.31,514.5,2016-03,,2026-12,33.0,ongoing_census,2024-06
N22000278,SHIMOGA-HARIHAR NL (SWR),RAILWAYS,Karnataka,N.A.) (N.A.,2011-04,832.47,,832.47,0.94,2016-03,,2030-12,0.0,ongoing_census,2024-06
N22000297,HOSPET-HUBLI-LONDA-VASCODAGAMA DL (RVNL),RAILWAYS,Karnataka,,2010-04,2127.0,,3692.6,3481.82,2023-03,,2026-12,86.0,ongoing_census,2024-06
N22000299,GADAG-WADI NL (SWR),RAILWAYS,Karnataka,N.A.,2013-04,2841.84,,2841.84,1063.24,2018-12,,2027-12,28.0,ongoing_census,2024-06
N22000308,MARIKUPPAM - KUPPAM,RAILWAYS,Karnataka,N.A.) (296.72,2012-04,279.54,296.72,296.72,89.12,2016-03,,2026-06,14.0,ongoing_census,2024-06
N22000486,KADUR CHIKMAGALUR SAKLESHPUR NEW LINE (93 KM),RAILWAYS,Karnataka,SWR,1996-03,644.78,825.31,825.31,572.98,2017-03,,2025-12,66.0,ongoing_census,2024-06
N22000542,BAIYYAPPANAHALLI-HOSUR (48 KM),RAILWAYS,Karnataka,N.A.) (N.A.,2019-04,375.67,,375.67,,2026-03,,2026-03,0.0,ongoing_census,2024-06
N22000543,YESHVANTHPUR-CHANNASANDRA (21.7 KM) (NCRTC),RAILWAYS,Karnataka,N.A.,2019-04,169.65,,169.65,71.75,2026-03,,2026-03,0.0,ongoing_census,2024-06
N22000557,BELGAUM-DHARWAD VIA KITTUR (73.10 KM) (UMBRELLA WORK PB#22/2019-20/NR),RAILWAYS,Karnataka,SWR,2020-09,1590.8,927.42,927.42,0.35,2026-03,,2027-12,0.0,ongoing_census,2024-06
N22000558,HASSAN (ALUR) - BELUR (32 KM) (UMBRELLA WORK PB#23/2018-19/NR),RAILWAYS,Karnataka,N.A.) (748.85,2019-06,663.03,748.85,748.85,0.34,2028-04,,2027-12,0.0,ongoing_census,2024-06
N22000559,SHIMOGA-SHIKARIPURA-RANEBENNUR (UMBRELLA WORK PB#23/2018-19/NR),RAILWAYS,Karnataka,SWR,2019-09,1453.73,994.47,994.47,59.87,2027-12,,2027-12,5.0,ongoing_census,2024-06
N22000560,WHITEFIELD-KOLAR (52.9 KM),RAILWAYS,Karnataka,N.A.) (348.85,2011-02,162.13,348.85,348.85,0.36,2028-04,,2030-12,0.0,ongoing_census,2024-06
N22000621,BANGALORE-WHITEFIELD-BANGALORE CITY-KRISHNARAJAPURAM QUADRUPLING,RAILWAYS,Karnataka,N.A.,2018-03,492.87,,492.87,104.03,2025-03,,2025-06,46.0,ongoing_census,2024-06
N24000334,STRENGTHENING AND WIDENING TO TWO LANE WITH PAVED SHOULDERS FROM KM.106.00 TO 153.00 OF NH-218 BIJAP,ROAD TRANSPORT AND HIGHWAYS,Karnataka,MoRTH,2015-03,165.67,,165.67,126.47,2015-11,2024-08,2024-08,98.99,ongoing_census,2024-06
N24000462,4-LANING OF GOA/KARNATAKA BORDER- KUNDAPUR SECTION,ROAD TRANSPORT AND HIGHWAYS,Karnataka,NHAI,2014-05,1655.01,2639.0,2639.0,1822.06,2016-08,2024-12,2024-12,97.8,ongoing_census,2024-06
N24000552,4-LANNING EXISTING KM 189.700 TO 237.00] HASSAN TO MARANAHALLY,ROAD TRANSPORT AND HIGHWAYS,Karnataka,Dec-23) (591.86,2016-03,701.4,591.86,701.4,384.15,2019-03,2023-12,2025-03,77.0,ongoing_census,2024-06
N24000603,HOSPET-BELLARY-KARNATAKA AP BORDER,ROAD TRANSPORT AND HIGHWAYS,Karnataka,NHAI,2016-08,1167.42,,1224.01,750.53,2019-03,2025-05,2025-05,72.95,ongoing_census,2024-06
N24000622,TWO/FOUR LANNING OF BRT TIGER RESERVE BOUNDARY TO BANGALORE SECTION OF NH-209(EXISTING CHAINAGE FROM,ROAD TRANSPORT AND HIGHWAYS,Karnataka,NHAI,2016-09,950.69,1487.46,2525.02,1884.27,2019-08,2024-06,2024-06,95.56,ongoing_census,2024-06
N24001156,WIDENING TO TWO LANE WITH PAVED SHOULDER FROM KM 544.200 TO KM 594.000 OF NH-150A HOSMANE CROSS ? PA,ROAD TRANSPORT AND HIGHWAYS,Karnataka,MoRTH,2017-01,166.67,,264.34,192.08,2017-09,2023-05,2023-05,100.0,ongoing_census,2024-06
N24001157,IMPROVEMENTS AND RECONSTRUCTION TO TWO LANE WITH PAVED SHOULDERS FROM KM 243.20 TO KM 290.20 OF NH,ROAD TRANSPORT AND HIGHWAYS,Karnataka,MoRTH,2016-08,175.5,,241.6,189.72,2017-02,2024-07,2024-07,90.01,ongoing_census,2024-06
N24001158,RECONSTRUCTION TO TWO LANE WITH PAVED SHOULDERS FROM DS. CH. 442+180 (EX. KM 448.00) TO DS. CH.485+2,ROAD TRANSPORT AND HIGHWAYS,Karnataka,MoRTH,2018-03,159.97,,242.61,113.15,2019-06,2023-12,2023-12,100.0,ongoing_census,2024-06
N24001159,WIDENING TO TWO LANE WITH PAVED SHOULDERS FROM KM 20.150 TO KM 40.00 OF BC ROAD KOTTIGEHARA SECTION,ROAD TRANSPORT AND HIGHWAYS,Karnataka,MoRTH,2018-01,159.7,,159.7,142.88,2018-07,,2022-03,100.0,ongoing_census,2024-06
N24001160,WIDENING TO TWO LANE WITH PAVED SHOULDER FROM KM 194.900 TO KM 243.200 OF NH-234 BANAVARA-HULIYAR,ROAD TRANSPORT AND HIGHWAYS,Karnataka,MoRTH,2017-09,191.6,,191.6,112.03,2018-10,2022-04,2022-04,100.0,ongoing_census,2024-06
N24001161,WIDENING TO TWO LANE WITH PAVED SHOULDERS FROM 24.600 TO 70.063 OF MUDIGERE TO KADUR SECTION OF NH-,ROAD TRANSPORT AND HIGHWAYS,Karnataka,N.A.,2017-12,297.3,,318.28,280.25,2019-01,2022-04,2022-04,100.0,ongoing_census,2024-06
N24001162,IMPROVEMENT AND RECONSTRUCTION TO TWO LANE WITH PAVED SHOULDERS FROM KM 489.845 (NEW KM.58.125) AN,ROAD TRANSPORT AND HIGHWAYS,Karnataka,MoRTH,2018-03,325.86,,386.41,356.78,2018-10,2022-11,2022-11,100.0,ongoing_census,2024-06
N24001164,WIDENING TO 2 LANE WITH PAVED SHOULDERS FROM KM 0 TO 54 OF NH-50 UNDER EPC MODE IN THE STATE OF KARN,ROAD TRANSPORT AND HIGHWAYS,Karnataka,N.A.,2016-10,396.96,,396.96,329.58,2017-03,2022-07,2022-07,100.0,ongoing_census,2024-06
N24001165,WIDENING TO 2 LANE WITH PAVED SHOULDERS FROM KM 34.00 TO 70.900 OF NH-150 UNDER EPC MODE IN THE STAT,ROAD TRANSPORT AND HIGHWAYS,Karnataka,MoRTH,2016-11,314.9,,314.9,233.95,2017-03,2021-10,2021-10,100.0,ongoing_census,2024-06
N24001166,WIDENING TWO LANE WITH PAVED SHOULDERS FROM FROM KM.56.00 TO 106.00 OF NH-218 (218-KNT-2014-15-775),ROAD TRANSPORT AND HIGHWAYS,Karnataka,N.A.,2015-03,159.12,,159.12,127.72,2016-01,,2024-07,98.06,ongoing_census,2024-06
N24001168,ESTIMATE FOR WIDENING TWO LANE TO FOUR LANE FROM FROM KM.129.00 TO 144.00 OF NH-63 ANKOLA-GOOTY SECT,ROAD TRANSPORT AND HIGHWAYS,Karnataka,MoRTH,,171.6,,171.6,134.81,2018-05,2023-12,2023-12,100.0,ongoing_census,2024-06
N24001172,WIDENING TO TWO LANE WITH PAVED SHOULDER FROM KM 4.40 TO KM 56.00 OF NH-218 BIJAPURA-HUBLI SECTION U,ROAD TRANSPORT AND HIGHWAYS,Karnataka,MoRTH,2017-01,291.49,,291.49,238.77,2017-08,,2022-06,100.0,ongoing_census,2024-06
N24001173,CONSTRUCTION OF MAJOR BRIDGE AT KM 180.865 ACROSS RIVER KRISHNA ON NH-167 HAGARI ? JADERCELA SECTION,ROAD TRANSPORT AND HIGHWAYS,Karnataka,MoRTH,,157.32,188.0,187.61,62.31,2019-05,,2025-10,60.0,ongoing_census,2024-06
N24001387,WIDENING TO 2-LANE WIH PAVED SHOULDER FROM KM. 544.20 TO 594.00 (HOSAMANE CROSS TO PANDAVAPURA) SECT,ROAD TRANSPORT AND HIGHWAYS,Karnataka,N.A.,2017-01,264.34,,264.34,201.07,2017-09,2023-05,2023-05,100.0,ongoing_census,2024-06
N24001388,CONSTRUCTION OF MAJOR BRIDGE ACROSS SHARAVATHI BACKWATERS AND APPROCHES BETWEEN AMBARGODU AND KALASA,ROAD TRANSPORT AND HIGHWAYS,Karnataka,MoRTH,2019-03,423.15,,423.15,284.58,2019-12,2024-11,2024-11,82.0,ongoing_census,2024-06
N24001425,4L OF ADDAHOLE TO BANTWAL CROSS SECTION INCLUDING FLYOVER AT KALLADKA TOWN,ROAD TRANSPORT AND HIGHWAYS,Karnataka,NHAI,2021-03,1100.88,1100.88,1100.88,866.84,2021-11,2025-03,2025-03,62.0,ongoing_census,2024-06
N24001426,4L OF ADDAHOLE TO BANTWAL CROSS SECTION,ROAD TRANSPORT AND HIGHWAYS,Karnataka,NHAI,2021-03,317.9,317.9,317.9,330.28,2021-10,2024-08,2024-08,94.0,ongoing_census,2024-06
N24001449,DEVELOPMENT OF MULTIMODAL LOGISTICS PARK AT BANGALORE AND EXTERNAL CONNECTIVITY TO THE MULTI MODEL L,ROAD TRANSPORT AND HIGHWAYS,Karnataka,N.A.,2022-06,1769.7,,1769.7,,2025-03,,2025-03,0.0,ongoing_census,2024-06
N24001598,6L FROM SANKESHWAR BYPASS TO MH KNT BORDER FROM KM. 555.017 TO KM. 592.853 OF NH-48 (PKG II),ROAD TRANSPORT AND HIGHWAYS,Karnataka,NHAI,,1388.7,1388.7,1388.7,289.33,2025-04,2025-04,2025-04,39.4,ongoing_census,2024-06
N24001599,BELAKERI PORT TO KUMTA - SIRSI ROAD FROM KM 0.00 - KM 4.265 OF BELEKERI PORT ROAD LINK RD. AND KM 4.,ROAD TRANSPORT AND HIGHWAYS,Karnataka,NHAI,2018-03,440.16,,440.16,300.76,2022-12,2024-06,2024-06,63.75,ongoing_census,2024-06
N24001674,BANGALORE/TN BORDER TO HOSKOTE,ROAD TRANSPORT AND HIGHWAYS,Karnataka,N.A.) (N.A.,2023-02,1240.6,,1240.6,553.32,2025-02,,2025-02,42.3,ongoing_census,2024-06
N24001675,6L OF MH/KN BORDER (NIMBAL VILLAGE) TO KN/TS BORDER (SINGNODI VILLAGE) FROM KM. 162.5 TO KM. 203.100,ROAD TRANSPORT AND HIGHWAYS,Karnataka,N.A.,2022-11,1732.73,,1732.73,540.34,2025-05,,2025-05,93.06,ongoing_census,2024-06
N24001676,6L OF MH/KN BORDER (NIMBAL VILLAGE) TO KN/TS BORDER (SINGNODI VILLAGE) FROM KM. 26.000 TO KM. 97.000,ROAD TRANSPORT AND HIGHWAYS,Karnataka,NHAI,2022-12,2718.46,,2718.46,274.9,2025-06,,2025-06,28.96,ongoing_census,2024-06
N24001677,BALANCE WORK OF 2L PS FROM KM 30.800 TO 70.800 AND 2L WITH RIGID CARRIAGEWAY FROM 70.800 TO KM 84.12,ROAD TRANSPORT AND HIGHWAYS,Karnataka,May-24) (226.76,2022-11,226.76,226.76,226.76,70.45,2024-05,2024-05,2024-05,48.49,ongoing_census,2024-06
N24001679,6L FROM BELGAUM TO SANKESHWAR BYPASS FROM KM 515.000 TO KM 555.017 OF NH 48,ROAD TRANSPORT AND HIGHWAYS,Karnataka,NHAI,2022-10,1479.3,1479.3,1479.3,381.27,2025-04,2025-04,2025-04,49.85,ongoing_census,2024-06
N24001680,4L OF SANNUR TO BIKARNAKATTE SECTION FROM KARKALA TO MANGALORE,ROAD TRANSPORT AND HIGHWAYS,Karnataka,Jun-25,2021-03,1409.68,,1409.68,750.57,2024-10,2025-06,2025-06,41.01,ongoing_census,2024-06
N24001681,TUMKUR - NELAMANGALA(6L),ROAD TRANSPORT AND HIGHWAYS,Karnataka,NHAI,2022-08,2032.15,2032.15,2032.15,153.4,2025-08,2025-12,2025-12,41.0,ongoing_census,2024-06
N24001682,UPGRADATION 2/4 LANE NH CONNECTIVITY UNDER SAGARMALA SCHEME SH 2 HAVERI YEKAMBI SH 69 YEKAMBI KUMTA,ROAD TRANSPORT AND HIGHWAYS,Karnataka,NHAI,2022-03,294.62,,294.62,31.76,2024-03,2025-01,2025-01,12.8,ongoing_census,2024-06
N24001683,AURAD - BIDAR KM 0.00 TO KM 45.878,ROAD TRANSPORT AND HIGHWAYS,Karnataka,Dec-24) (N.A.,2021-09,912.37,,424.16,326.36,2023-04,2024-12,2024-12,96.93,ongoing_census,2024-06
N24001684,4L OF CHANNARAYAPATNA BYPASS AND HASSAN BYPASS WITH STRUCTURES IN DEVIHALLI -HASSAN SECTION,ROAD TRANSPORT AND HIGHWAYS,Karnataka,Sep-20) (602.09,,688.0,602.09,688.0,462.5,2023-01,2020-09,2025-03,74.69,ongoing_census,2024-06
N24001685,CONSTRUCTION OF 4 LANE BANGALORE - CHENNAI EXPRESSWAY FROM KM 53.500 TO KM 71.000 SECTION OF NE-7 (BA,ROAD TRANSPORT AND HIGHWAYS,Karnataka,NHAI,,1069.0,,1067.89,817.4,2024-01,2024-05,2024-06,99.43,ongoing_census,2024-06
N24001686,FOUR LANING OF BANAVARA TO BETTADAHALLI SECTION FROM KM. 119+790 (DESIGN KM. 121+900) TO KM. 166+100,ROAD TRANSPORT AND HIGHWAYS,Karnataka,NHAI,2021-03,1065.06,1444.5,1444.5,153.71,2023-03,2024-10,2024-10,88.29,ongoing_census,2024-06
N24001687,FOUR LANING OF BETTADAHALLI TO SRIRAMPURA SECTION FROM KM. 166+100 (DESIGN KM. 170+415) TO KM. 217+0,ROAD TRANSPORT AND HIGHWAYS,Karnataka,NHAI,2021-10,1331.77,2082.98,2082.98,304.94,2023-10,2025-03,2025-03,64.38,ongoing_census,2024-06
N24001688,CONSTRUCTION OF 4 LANE BANGALORE- CHENNAI EXPRESSWAY FROM KM 0.000 TO KM 26.400 NE-7(ALONG WITH 0.700,ROAD TRANSPORT AND HIGHWAYS,Karnataka,Mar-24,2020-10,3184.0,,2867.98,1151.3,2023-09,2024-03,2024-06,97.29,ongoing_census,2024-06
N24001689,CONSTRUCTION OF 4 LANE BANGALORE - CHENNAI EXPRESSWAY FROM KM 26.400 TO KM 53.500 SECTION OF NE-7 (M,ROAD TRANSPORT AND HIGHWAYS,Karnataka,NHAI,,1745.0,,1595.2,1245.11,2023-09,2024-03,2024-06,98.3,ongoing_census,2024-06
N24001690,CHALLAKERE TO HARIYUR SECTION FROM KM 358.500 TO KM 414.205 OF NH150 A,ROAD TRANSPORT AND HIGHWAYS,Karnataka,NHAI,2021-01,1167.52,1157.0,1167.52,945.07,2023-01,2023-12,2025-03,84.42,ongoing_census,2024-06
N24001691,FOUR LANING OF KARADI TO BANAVARA SECTION FROM KM. 66+540 (DESIGN KM. 65+195) TO KM. 119+790 (DESIGN,ROAD TRANSPORT AND HIGHWAYS,Karnataka,NHAI,2019-10,1225.24,1505.85,1505.85,71.6,2021-10,2024-10,2024-10,92.99,ongoing_census,2024-06
N24001936,BALANCE WORK OF CONTSRUCTION OF TWO/FOUR LANE WITH PAVED SHOULDER FROM KM. 54.370 TO KM. 101.400 (BI,ROAD TRANSPORT AND HIGHWAYS,Karnataka,Jul-24,,344.79,,344.79,10.0,2023-03,2024-07,2024-07,90.14,ongoing_census,2024-06
N24001937,BALANCE WORK OF REHABILITATION AND UPGRADING TO 2LANE/2LANE WITH PAVED SHOULDER CONFIGURATION AND ST,ROAD TRANSPORT AND HIGHWAYS,Karnataka,MoRTH,,398.48,,398.48,5.0,2024-02,2025-02,2025-02,50.0,ongoing_census,2024-06
N24001938,"CONSTRUCTION OF ELEVATED CORRIDOR FROM KM. 135.650 TO 136.300 ON 63, FROM KM. 249 TO KM. 250.050 ON",ROAD TRANSPORT AND HIGHWAYS,Karnataka,Jun-25,2021-06,298.0,,298.0,10.7,2024-06,2025-06,2025-06,52.0,ongoing_census,2024-06
N24001940,WIDENING TO 2 LANE WITH PAVED SHOULDERS FROM DESIGN KM 103.200 (EXISTING KM 103.200) TO DESIGN KM 11,ROAD TRANSPORT AND HIGHWAYS,Karnataka,MoRTH,2023-01,166.58,,166.58,3.54,2026-01,2025-09,2025-09,0.0,ongoing_census,2024-06
N24001941,WIDENING TO 4 LANE FROM KM. 133.00 TO 158.04 (DESIGN CHAINAGE KM. 130.88 TO 155.145) (SHIRUR CROSS T,ROAD TRANSPORT AND HIGHWAYS,Karnataka,Jan-25,2023-01,350.69,,350.69,10.0,2025-01,2025-01,2025-01,55.83,ongoing_census,2024-06
N24001943,WIDENING TO TWO LANE WITH PAVED SHOULDERS FROM KM. 33.13 TO KM. 40.23 AND KM. 52.00 TO KM. 71.00 (EX,ROAD TRANSPORT AND HIGHWAYS,Karnataka,MoRTH,2022-09,172.98,,172.98,6.48,2024-03,2025-01,2025-01,65.0,ongoing_census,2024-06
N24001944,WIDENING TO INTERMEDIATE/TWO LANE TO 2 LANE WITH PAVED SHOULDER FROM EXISTING CHANAGES KM 112.750 TO,ROAD TRANSPORT AND HIGHWAYS,Karnataka,MoRTH,,255.88,,255.88,60.99,2024-06,2024-07,2024-07,78.24,ongoing_census,2024-06
N24001945,WIDENING TO 2 LANE WITH PAVED SHOULDERS FROM KM 116.800 TO 149.070(DESIGN CHANGES) ON HOSADURGA HOL,ROAD TRANSPORT AND HIGHWAYS,Karnataka,MoRTH,2022-08,170.34,,170.34,4.25,2024-02,2024-12,2024-12,72.0,ongoing_census,2024-06
N24001946,"WIDENING TO 2 LANES WITH PAVED SHOULDERS FROM KM 24.400 TO 27.270, 40.500 TO 41.900, 84.300 TO 88.20",ROAD TRANSPORT AND HIGHWAYS,Karnataka,N.A.,2022-11,218.93,,218.93,10.0,2024-11,2024-11,2024-11,95.25,ongoing_census,2024-06
N24001947,WIDENING TO EXISTING 2 LANE WITH PAVED SHOULDER TO 4 LANE WITH PAVED SHOULDER FROM DESIGN KM 153.00,ROAD TRANSPORT AND HIGHWAYS,Karnataka,MoRTH,2023-02,177.94,,177.94,6.66,2025-02,2025-02,2025-02,47.0,ongoing_census,2024-06
N24001948,WIDENING TO 4 LANE FROM KM 51.60 TO 76.20 (HEBRI TO PARKALA) AND FROM KM 85.20 TO 88.90 (KARAVALI JU,ROAD TRANSPORT AND HIGHWAYS,Karnataka,N.A.,,355.72,,355.72,11.32,2024-10,2024-12,2024-12,60.0,ongoing_census,2024-06
N24001989,FOUR LANING OF LEFT OVER WORKS OF HOSPET BELLARY KARNATAKA/ AP BORDER FROM KM.280.080 TO KM. 375.450,ROAD TRANSPORT AND HIGHWAYS,Karnataka,NHAI,,830.28,,830.28,356.9,2025-05,,2025-05,39.3,ongoing_census,2024-06
N24001993,DEVELOPMENT OF 6 LANE ACCESS CONTROLLED GREENFIELD HIGHWAY FROM KM. 97.000 TO KM. 162.500 MARADGI S,ROAD TRANSPORT AND HIGHWAYS,Karnataka,N.A.,2022-12,1589.0,,1589.0,319.5,2025-10,,2025-10,35.8,ongoing_census,2024-06
N24001994,4/6L OF BANGALORE - PUNE SECTION OF BYPASS CONNECTING DHARWAD - HUBLI FROM KM. 403.80 TO KM. 433.20,ROAD TRANSPORT AND HIGHWAYS,Karnataka,NHAI,,1135.39,,1135.39,222.67,2023-03,,2025-09,41.81,ongoing_census,2024-06
N24002011,BALANCE WORK OF CONSTRUCTION OF TWO/FOUR LANE WITH PAVED SHOULDER FROM KM 422.000 TO 523.600 ( CHITR,ROAD TRANSPORT AND HIGHWAYS,Karnataka,MoRTH,,516.96,,516.96,19.93,2024-06,2024-12,2024-12,70.0,ongoing_census,2024-06
N24002012,WIDENING TO TWO LANE WITH PAVED SHOULDERS FROM KM 40.00 TO KM 75.00 (EXISTING CHAINAGES) OF MANGALOR,ROAD TRANSPORT AND HIGHWAYS,Karnataka,MoRTH,2023-03,718.52,,718.52,24.81,2025-03,2025-03,2025-03,23.0,ongoing_census,2024-06
N24002013,CONSTRUCTION OF TWO LANE WITH PAVED SHOULDER FROM KM.0 TO KM. 80 ON NH 548B (VIJAYAPURA-SANKESWAR SE,ROAD TRANSPORT AND HIGHWAYS,Karnataka,MoRTH,2021-03,766.64,,766.64,13.55,2022-02,2024-10,2024-10,74.85,ongoing_census,2024-06
N28000058,BANGALORE METRO RAIL PROJECT PHASE-2,URBAN DEVELOPMENT,Karnataka,BMRCL,2014-02,26405.14,,26405.14,20936.29,2021-02,,2025-03,89.0,ongoing_census,2024-06
N28000151,BANGALORE METRO RAIL PROJECT LIMITED. PHASE. 2A AND 2B,URBAN DEVELOPMENT,Karnataka,N.A.,2021-06,14788.1,,14788.1,2424.04,2026-06,,2026-06,30.0,ongoing_census,2024-06
N04000111,CALICUT AIRPORT - DEVELOPMENT OF ADDITIONAL RESA ON EITHER END ON RUNWAY 10-28 AT CALICUT AIRPORT,CIVIL AVIATION,Kerala,AAI,,323.98,,323.98,,2025-09,,2025-09,0.7,ongoing_census,2024-06
N28000075,CONSTRUCTION OF MEGA HOSTEL II FOR NIT CALICUT KERALA,DEPARTMENT OF HIGHER EDUCATION,Kerala,N.A.,,165.23,,165.23,135.78,2012-10,,2012-10,100.0,ongoing_census,2024-06
N28000140,"C/O PERMANENT CAMPUS OF IIT PALAKKAD PHASE IA AT PUDESSERY VILLAGE,KANJIKODE WEST, DISTRICT PALAKKA",DEPARTMENT OF HIGHER EDUCATION,Kerala,CPWD EDUCATION,2019-07,753.63,,753.63,412.37,2021-03,2023-03,2025-11,66.0,ongoing_census,2024-06
N28000112,C/O NEW HOSPITAL BLOCK FOR SREE CHITRA TIRUNAL INSTITIUTE OF MEDICAL SCIENCE AND TECHNOLOGY (SCTIMST,HEALTH AND FAMILY WELFARE,Kerala,CPWD FOR HEALTH,2017-09,150.29,,162.0,147.25,2020-03,2024-05,2024-08,98.75,ongoing_census,2024-06
N16000314,KOCHI SALEM LPG PIPELINE PROJECT,PETROLEUM,Kerala,KSPPL(JV),2015-12,1112.0,1507.24,1507.24,1157.07,2019-06,2024-02,2025-02,100.0,ongoing_census,2024-06
N16000508,REPLACEMENT AND EXTENSION OF JETTY PIPELINES AT KOCHI REFINERY,PETROLEUM,Kerala,N.A.,2023-03,621.87,,621.87,46.38,2026-03,,2026-03,39.0,ongoing_census,2024-06
N16000530,SETTING UP POLYPROPYLENE UNIT AT KOCHI REFINERY,PETROLEUM,Kerala,BPCL,,4460.0,,4460.0,6.09,2027-10,,2027-10,3.2,ongoing_census,2024-06
N22000399,TRIVANDRUM-KANYAKUMARI DOUBLING,RAILWAYS,Kerala,SR,2015-02,1431.9,3785.45,3785.45,3027.76,,2026-12,2026-12,30.0,ongoing_census,2024-06
N22000400,TURAVUR-AMBALAPUZHA DOUBLING (SR),RAILWAYS,Kerala,N.A.) (N.A.,2015-02,1000.0,,1416.49,1.63,,,2025-03,0.0,ongoing_census,2024-06
N22000619,ERNAKULAM-KUMBALAM - PATCH DOUBLING (7.71 KM),RAILWAYS,Kerala,SR,2010-12,600.82,595.39,595.39,270.03,2028-03,2026-07,2026-07,0.5,ongoing_census,2024-06
N22000620,KUMBALAM-THURAVUR - PATCH DOUBLING (15.59 KM),RAILWAYS,Kerala,Sep-26) (802.80,2011-12,812.85,802.8,802.8,258.21,2023-08,2026-09,2026-09,0.5,ongoing_census,2024-06
N24000566,4 LANNING OF MUKKOLA JUNCTION TO KERALA/ TAMIL NADU BORDER FROM KM 26.500 TO KM 43.000 OF NH-47 IN T,ROAD TRANSPORT AND HIGHWAYS,Kerala,NHAI,,804.97,571.45,571.45,723.59,2018-06,2024-05,2024-05,100.0,ongoing_census,2024-06
N24000704,4-LANNING OF THALSERRY -MAHE BYPASS,ROAD TRANSPORT AND HIGHWAYS,Kerala,NHAI,2017-09,1124.11,1567.73,1567.73,1520.33,2020-05,2023-11,2024-02,100.0,ongoing_census,2024-06
N24000784,6-LANING OF KOZHIKODE BYPASS (CALICUT BYPASS) (I.E. VENGALAM JN. TO RAMANATTUKARA JN.) SECTION OF NH,ROAD TRANSPORT AND HIGHWAYS,Kerala,NHAI,2018-02,1424.77,1862.77,1862.77,665.5,2023-02,2024-12,2024-12,72.16,ongoing_census,2024-06
N24001369,WIDENING TO 2 LANES WITH PAVED SHOULDERS FROM KM.87/000 TO 133/720 (NATTUKAL TO THANAU JN. IN PALAKK,ROAD TRANSPORT AND HIGHWAYS,Kerala,Mar-22) (296.53,2017-02,294.28,296.53,296.53,285.3,2017-08,2022-03,2024-08,98.0,ongoing_census,2024-06
N24001370,WIDENING TO 2-LANE WITH PAVED SHOULDERS FROM KM 119/017 TO KM 161/300 ON NH 85 (OLD NH 49),ROAD TRANSPORT AND HIGHWAYS,Kerala,MoRTH,2017-02,380.76,372.87,372.87,333.57,2017-09,2023-01,2024-08,99.0,ongoing_census,2024-06
N24001648,CONSTRUCTION OF 6 LANE ELEVATED CORRIDOR ALONG WITH DEVELOPMENT OF EXISTING 4 LANE ROAD AT GROUND LE,ROAD TRANSPORT AND HIGHWAYS,Kerala,N.A.,2022-08,2429.52,,2429.52,406.39,2026-01,,2026-01,26.48,ongoing_census,2024-06
N24001649,SIX LANING OF PARAVOOR(DESIGN KM. 417+000) TO KOTTUKULANGARA(DESIGN KM. 454+500) SECTION OF NEW NH-6,ROAD TRANSPORT AND HIGHWAYS,Kerala,NHAI,,3273.61,,3273.61,398.79,2025-02,2025-02,2025-02,37.6,ongoing_census,2024-06
N24001650,SIX LANING OF KADAMBATTUKONAM TO KAZHAKKOOTTAM SECTION OF NH- 66(OLD NH-47) FROM KM. 517+250 TO KM.54,ROAD TRANSPORT AND HIGHWAYS,Kerala,Aug-25,,3635.64,,3635.64,266.93,2025-01,2025-08,2025-08,34.61,ongoing_census,2024-06
N24001651,SIX LANING OF THURAVOOR (DESIGN KM. 378+612) TO PARAVOOR (DESIGN KM.417+000) SECTION OF NEW NH-66 (O,ROAD TRANSPORT AND HIGHWAYS,Kerala,NHAI,,2878.97,,2878.97,322.51,2024-09,2026-03,2024-09,24.5,ongoing_census,2024-06
N24001652,6L MINOR BRIDGE (PALOLI PALAM) AT KM. 203.160 and MAJOR BRIDGE (MORAD) AT KM. 204.895 AND ALLIED WOR,ROAD TRANSPORT AND HIGHWAYS,Kerala,NHAI,,210.37,214.36,214.36,198.1,2022-06,2024-02,2024-06,99.4,ongoing_census,2024-06
N24001653,SIX LANING FROM KODUNGALLUR TO EDAPALLY SECTION OF NH ?66 (OLD NH- 17) FROM DESIGN CHAINAGE 397+750 (,ROAD TRANSPORT AND HIGHWAYS,Kerala,NHAI,2021-11,3565.82,,3064.11,1817.56,2025-04,,2025-04,40.82,ongoing_census,2024-06
N24001654,SIX LANING OF START OF KOLLAM BYPASS (KM.486+000) KADAMBATTUKONAM (KM.517+250) SECTION OF NEW NH-66,ROAD TRANSPORT AND HIGHWAYS,Kerala,N.A.,2021-06,2641.37,,2641.37,370.74,2025-03,2025-02,2025-02,48.07,ongoing_census,2024-06
N24001655,SIX LANING FROM KAPPIRIKKAD TO THALIKULAM SECTION OF NH ? 66 (OLD NH-17) FROM DESIGN CH. 335+850 (EX,ROAD TRANSPORT AND HIGHWAYS,Kerala,NHAI,2021-06,3606.0,3946.56,3946.56,2969.86,2025-02,,2025-02,46.84,ongoing_census,2024-06
N24001656,SIX LANING FROM THALIKULAM TO KODUNGALLUR SECTION OF NH ? 66 (OLD NH-17) FROM DESIGN CH.369+015 (EX.,ROAD TRANSPORT AND HIGHWAYS,Kerala,N.A.,2021-06,2595.0,,4009.57,2916.74,2025-03,,2025-03,40.2,ongoing_census,2024-06
N24001657,SIX LANING OF KOTTUKULANGARA (DESIGN KM. 454+500) TO START OF KOLLAM BYPASS (DESIGN KM. 486+000) SEC,ROAD TRANSPORT AND HIGHWAYS,Kerala,NHAI,2021-06,2842.14,,2842.14,378.84,2024-10,2025-12,2025-12,53.2,ongoing_census,2024-06
N24001658,SIX LANING OF RAMANATTUKARA JUNCTION TO START OF VALANCHERY BYPASS SECTION OF NH-66 (OLD NH-17) FROM,ROAD TRANSPORT AND HIGHWAYS,Kerala,Mar-25,2021-01,4265.42,,4728.4,3234.02,2024-07,2025-03,2025-03,73.55,ongoing_census,2024-06
N24001659,SIX LANING FROM START OF VALANCHERY BYPASS TO KAPPIRIKKAD- SECTION OF NH-66(OLD NH-17) FROM DESIGN CH,ROAD TRANSPORT AND HIGHWAYS,Kerala,NHAI,2021-02,3375.31,3824.07,3824.07,2108.79,2024-07,2025-03,2025-03,80.01,ongoing_census,2024-06
N24001660,SIX LANING OF THALIPARAMBHA- MUZHAPILANGAD SECTION FROM KM 137.900 TO KM. 170.600 OF NH-17 (NEW NH,ROAD TRANSPORT AND HIGHWAYS,Kerala,NHAI,2020-08,2714.6,3319.41,2714.6,1853.96,2024-02,2021-11,2025-08,55.26,ongoing_census,2024-06
N24001661,6L OF AZHIYUR-VENGALAM FROM KM. 189.200 TO KM. 230.400 OF NH-66,ROAD TRANSPORT AND HIGHWAYS,Kerala,NHAI,2020-10,3219.47,3713.14,3713.14,2067.17,2024-04,2025-05,2025-05,42.93,ongoing_census,2024-06
N24001662,SIX LANING OF KT/KL BORDER (THALAPPDY) TO CHENGALA SECTION OF NH17 (NEW NH-66) FROM CH. 17.200 TO CH,ROAD TRANSPORT AND HIGHWAYS,Kerala,NHAI,2020-05,1981.07,2467.68,1981.07,1620.44,2024-05,2021-11,2024-12,72.9,ongoing_census,2024-06
N24001663,SIX LANING OF NEELESHWARAM TO THALIPARAMBHA SECTION FROM CH. 94+540 (EXISTING KM 96+450) TO CH. 134+,ROAD TRANSPORT AND HIGHWAYS,Kerala,NHAI,2020-06,3041.65,3799.76,3041.65,2232.4,2024-04,2021-10,2024-12,48.1,ongoing_census,2024-06
N24001664,SIX LANING OF CHENGALA TO NEELESHWARAM SECTION OF NH-17 (NEW NH-66) FROM CH. 56+200 (EXISTING KM 57+,ROAD TRANSPORT AND HIGHWAYS,Kerala,NHAI,2020-06,1746.45,2377.88,1746.45,1219.04,2024-04,2021-10,2024-12,54.89,ongoing_census,2024-06
N24002074,WIDENING/DEVELOPMENT OF EXISTING NH-85 FROM KM 0.000 TO KM 124.636 SECTION TO 2L/@L+PS SECTION IN TH,ROAD TRANSPORT AND HIGHWAYS,Kerala,NHAI,2022-08,1231.74,,1231.74,65.04,2025-06,,2025-06,15.4,ongoing_census,2024-06
N28000081,KOCHI METRO RAIL PROJECT (KMRCL),URBAN DEVELOPMENT,Kerala,Sep-20,2012-07,5181.79,,6218.14,6059.17,2017-07,2020-09,2020-09,100.0,ongoing_census,2024-06
N04000078,CONSTRUCTION OF TERMINAL BUILDING AND ASSOCIATED WORKS AT LEH AIRPORT,CIVIL AVIATION,Ladakh,AAI,2018-07,480.33,,640.0,341.37,2021-09,2024-10,2025-03,55.92,ongoing_census,2024-06
N24001343,KARGIL-ZANSKR PACKAGE-1 (NHIDCL),ROAD TRANSPORT AND HIGHWAYS,Ladakh,,2021-03,384.23,,384.23,79.53,2023-01,2024-12,2024-12,44.64,ongoing_census,2024-06
N24001344,KARGIL-ZANSKR PACKAGE-2,ROAD TRANSPORT AND HIGHWAYS,Ladakh,Nov-23) (N.A.,2021-03,404.89,,404.89,106.29,2023-01,2023-11,2025-02,43.9,ongoing_census,2024-06
N24001345,KARGIL-ZANSKR PACKAGE-3 (NHIDCL),ROAD TRANSPORT AND HIGHWAYS,Ladakh,N.A.,2020-08,381.01,,381.01,144.91,2023-01,2024-06,2024-11,55.41,ongoing_census,2024-06
N24001346,KARGIL-ZANSKR PACKAGE-6,ROAD TRANSPORT AND HIGHWAYS,Ladakh,Dec-23) (265.41,2021-01,239.81,265.41,239.81,145.12,2024-05,2023-12,2023-12,100.0,ongoing_census,2024-06
N24001347,KARGIL-ZANSKR PACKAGE-7,ROAD TRANSPORT AND HIGHWAYS,Ladakh,N.A.) (328.60,2021-01,308.86,328.6,308.86,163.62,2024-06,,2023-12,100.0,ongoing_census,2024-06
N24001348,KARGIL-ZANSKR PACKAGE-8 (NHIDCL),ROAD TRANSPORT AND HIGHWAYS,Ladakh,Aug-24) (N.A.,2021-03,398.37,,398.37,135.56,2023-01,2024-08,2024-11,59.15,ongoing_census,2024-06
N24001999,CONSTRUCTION OF REALIGNMENT BETWEEN PANDRASS- PASHKYUN (TOTAL LENGTH 27.10 KM) ON ROAD ZOZILA- KARGIL,ROAD TRANSPORT AND HIGHWAYS,Ladakh,BRO,2021-11,426.14,,426.14,27.99,2025-06,,2025-06,15.0,ongoing_census,2024-06
N04000087,UPGRADATION OF JABALPUR AIRPORT (AAI),CIVIL AVIATION,Madhya Pradesh,N.A.,2016-06,412.24,,412.24,399.13,2021-06,,2024-07,99.35,ongoing_census,2024-06
N04000098,DEVELOPMENT OF GWALIOR AIRPORT PHASE 01,CIVIL AVIATION,Madhya Pradesh,AAI,2021-10,446.12,,446.12,425.44,2023-08,2024-06,2024-07,99.6,ongoing_census,2024-06
N06000122,AMRITDHARA OC PROJECT (SECL),COAL,Madhya Pradesh,N.A.) (N.A.,2015-02,481.6,,481.6,3.4,2023-03,,2027-03,15.0,ongoing_census,2024-06
N06000124,RAJNAGAR OCP RPR (1.70 MTY) (SECL),COAL,Madhya Pradesh,Mar-26) (N.A.,2014-12,357.8,,357.8,88.19,2021-03,2026-03,2026-03,41.0,ongoing_census,2024-06
N06000125,KANCHAN OC EXPANSION (SECL),COAL,Madhya Pradesh,N.A.,2014-12,371.04,,371.04,128.87,2021-03,2026-03,2026-03,36.0,ongoing_census,2024-06
N06000134,BATURA HIGHWALL PROJECT (SECL),COAL,Madhya Pradesh,N.A.) (N.A.,2015-07,231.92,,231.92,2.75,2022-03,,2025-03,23.7,ongoing_census,2024-06
N06000148,AMADAND OPENCAST EXPANSION PROJECT,COAL,Madhya Pradesh,SECL,2016-03,869.44,,869.44,258.24,2021-03,2027-03,2027-03,64.0,ongoing_census,2024-06
N06000159,JAYANT EXPANSION OCP 10 TO 20 MTPA (NCL),COAL,Madhya Pradesh,N.A.) (N.A.,2017-05,1783.09,,1783.09,1390.64,2021-03,,2023-10,100.0,ongoing_census,2024-06
N06000162,DUDHICHUA EXPANSION OCP (10 TO 20 MTPA),COAL,Madhya Pradesh,NCL,,1255.17,,1255.17,1231.37,2022-03,,2024-08,96.5,ongoing_census,2024-06
N06000183,GANDHIGRAM UG MINE (WCL),COAL,Madhya Pradesh,N.A.,2019-08,414.16,,414.16,24.98,2026-03,,2026-03,28.0,ongoing_census,2024-06
N06000184,BLOCK-B EXPANSION OPENCAST PROJECT,COAL,Madhya Pradesh,NCL,2019-07,998.71,,998.71,351.85,2023-03,,2025-03,25.89,ongoing_census,2024-06
N06000196,NIGAHI EXPANSION OCP (15 TO 25 MTPA) (NCL),COAL,Madhya Pradesh,N.A.) (N.A.,2020-11,1729.68,,1729.68,614.83,2025-03,,2025-03,39.25,ongoing_census,2024-06
N06000207,BATURA WEST OC PROJECT (0.80 MTY),COAL,Madhya Pradesh,N.A.) (N.A.,2021-03,496.28,,496.28,,2028-03,,2029-03,2.0,ongoing_census,2024-06
N06000233,RAMPUR BATURA OC (4.0 MTY) (SECL),COAL,Madhya Pradesh,N.A.,2019-07,1248.93,,1248.93,452.17,2026-03,,2026-03,42.0,ongoing_census,2024-06
N06000250,TAWA III UG MINE (WCL),COAL,Madhya Pradesh,N.A.) (N.A.,2021-12,324.25,,324.25,12.32,2027-03,,2027-03,9.0,ongoing_census,2024-06
N06000257,AMALGAMATED DHANKASA JAMUNIA UG (1.84 MTY),COAL,Madhya Pradesh,WCL,,497.01,,497.01,160.98,2027-03,,2027-03,42.0,ongoing_census,2024-06
N06000260,VISHNUPURI UG TO OC (WCL),COAL,Madhya Pradesh,N.A.,2022-11,227.65,,227.65,7.02,2029-03,,2029-03,7.0,ongoing_census,2024-06
N06000265,URDHAN OC (WCL),COAL,Madhya Pradesh,N.A.) (N.A.,2022-07,228.42,,228.42,27.67,2031-03,,2031-03,9.0,ongoing_census,2024-06
N06000266,SHARDA UG (WCL),COAL,Madhya Pradesh,N.A.) (N.A.,2022-07,200.16,,200.16,34.4,2028-03,,2028-03,11.0,ongoing_census,2024-06
N16000417,CGD PROJECT AT REWA DISTRICT (IOCL),PETROLEUM,Madhya Pradesh,N.A.,2018-10,177.0,,177.0,109.76,2027-02,2028-09,2028-09,100.0,ongoing_census,2024-06
N16000472,CITY GAS DISTRIBUTION NETWORK PROJECT AT SATNA AND SHAHDOL,PETROLEUM,Madhya Pradesh,BPCL,2019-04,332.38,,332.38,99.49,2028-09,,2028-09,100.0,ongoing_census,2024-06
N16000501,SETTING UP OF 10 MW ELECTROLYSER FOR PRODUCING GREEN HYDROGEN,PETROLEUM,Madhya Pradesh,GAIL,2021-09,231.0,,211.0,105.6,2023-11,,2024-06,100.0,ongoing_census,2024-06
N16000518,ETHYLENE CRACKER PROJECT AT BINA REFINERY INCLUDING DOWNSTREAM PETROCHEMICAL PLANTS AND EXPANSION OF,PETROLEUM,Madhya Pradesh,BPCL,2023-05,43367.0,,43367.0,176.7,2028-05,,2028-05,4.8,ongoing_census,2024-06
N18000342,OMKARESHWAR FLOATING SOLAR POWER PROJECT (90 MW),POWER,Madhya Pradesh,N.A.,2022-11,646.17,,646.17,591.2,2024-04,,2024-07,92.0,ongoing_census,2024-06
N18000348,SHAJAPUR 325MW SOLAR PV PROJECT (NTPC),POWER,Madhya Pradesh,N.A.) (N.A.,2022-06,1530.49,,1530.49,590.76,2024-03,,2024-03,0.0,ongoing_census,2024-06
N22000120,RATLAM-MHOW-KHANDWA-AKOLA (GC),RAILWAYS,Madhya Pradesh,WR,2008-04,3503.69,5677.8,6203.51,3627.4,2022-03,2026-03,2026-03,78.0,ongoing_census,2024-06
N22000351,KATNI - SINGRAULI DOUBLING PROJECT (WCR),RAILWAYS,Madhya Pradesh,N.A.) (N.A.,2015-12,1763.93,,2445.3,2847.97,2020-03,,2024-10,99.0,ongoing_census,2024-06
N22000415,KATNI-BINA 3RD LINE (263 KM) (WCR),RAILWAYS,Madhya Pradesh,Jun-24) (N.A.,2016-06,2478.23,,2938.0,1279.35,2022-03,2024-06,2024-06,49.0,ongoing_census,2024-06
N22000416,KATNI GRADE SEPARATOR/BYE PASS (WCR),RAILWAYS,Madhya Pradesh,N.A.,2016-08,582.13,,1247.64,1080.04,2022-03,2024-09,2024-09,80.0,ongoing_census,2024-06
N22000485,ANUPPUR-KATNI (SECR),RAILWAYS,Madhya Pradesh,,2015-04,1370.0,1680.0,2311.02,1517.64,2021-12,2023-12,2024-12,74.0,ongoing_census,2024-06
N22000493,INDORE-DEWAS-UJJAIN (80 KMS),RAILWAYS,Madhya Pradesh,Mar-24) (603.69,2016-04,700.0,603.69,603.69,735.16,2020-06,2024-03,2024-03,100.0,ongoing_census,2024-06
N22000503,NIMACH BADI SADRI NEW LINE PROJECT (WR),RAILWAYS,Madhya Pradesh,N.A.) (N.A.,2017-04,495.18,,495.18,128.86,2022-03,,2026-03,1.0,ongoing_census,2024-06
N22000536,NIMACH-RATLAM (133 KM),RAILWAYS,Madhya Pradesh,WR,2021-10,910.0,1095.88,1095.88,629.53,2027-10,2025-03,2025-03,50.0,ongoing_census,2024-06
N22000552,POWARKHEDA - JUJHARPUR - SINGLE LINE FLYOVER IN UP DIRECTION (15.89 KM),RAILWAYS,Madhya Pradesh,WCR,2016-12,199.63,,199.63,,2024-03,,2024-03,0.0,ongoing_census,2024-06
N22000554,SATNA - REWA (50 KM) (WCR),RAILWAYS,Madhya Pradesh,N.A.,2015-11,500.0,,500.0,,2026-03,,2026-03,72.0,ongoing_census,2024-06
N22000588,BUDNI-BARKHERA - 3RD LINE (33 KM) (RVNL),RAILWAYS,Madhya Pradesh,Dec-23) (N.A.,2012-04,991.6,,2097.0,1775.59,2024-02,2023-12,2023-12,100.0,ongoing_census,2024-06
N22000601,INDORE BUDNI (INDORE JABALPUR),RAILWAYS,Madhya Pradesh,N.A.) (N.A.,2018-09,4340.0,,7393.75,1004.86,2030-09,,2030-09,12.0,ongoing_census,2024-06
220100314,"RAMGANJMUNDI-BHOPAL (NL),WCR",RAILWAYS,Madhya Pradesh,WCR,2001-04,424.6,3032.46,5125.16,2667.86,2021-03,2025-12,2025-12,68.0,ongoing_census,2024-06
N24000475,JABALPUR TO HIREN RIVER SECTION OF NH-12 IN MADHYA PRADESH KM 11/400 TO 66/400,ROAD TRANSPORT AND HIGHWAYS,Madhya Pradesh,MoRTH,,628.45,,628.45,531.11,2020-01,2021-06,2023-05,100.0,ongoing_census,2024-06
N24000513,UMARIYA TO SHAHDOL SECTION OF NH- 78 IN MADYA PRADESH KM 68/4 TO 142/200,ROAD TRANSPORT AND HIGHWAYS,Madhya Pradesh,MoRTH,,511.83,,511.83,485.18,2017-08,2023-12,2024-12,93.06,ongoing_census,2024-06
N24000709,BALANCE WORK FOR FOUR LANING OF ITARSI TO BETUL SECTION OF NH69 FROM KM 63.000 TO KM 137.00 (DESIGN,ROAD TRANSPORT AND HIGHWAYS,Madhya Pradesh,NHAI,,950.27,,786.43,622.39,2020-02,,2024-07,98.44,ongoing_census,2024-06
N24000870,UPGRADATION OF REWA-SIRMOUR ROAD TO 2L + PS,ROAD TRANSPORT AND HIGHWAYS,Madhya Pradesh,Dec-22,,162.56,,162.56,141.26,2018-03,2022-12,2022-12,100.0,ongoing_census,2024-06
N24000892,2L+PS OF THIKRI ANJAD SECTION OF NH- 347B (MoRTH),ROAD TRANSPORT AND HIGHWAYS,Madhya Pradesh,,,249.05,,249.05,221.19,2018-07,,2023-09,100.0,ongoing_census,2024-06
N24001151,BALANCE WORK FOR REHABILITATION AND UPGRADATION OF SATNA-BELA SECTION OF NH-75 FROM KM. 155.0 TO KM.,ROAD TRANSPORT AND HIGHWAYS,Madhya Pradesh,Mar-22,2017-11,392.33,,470.72,443.77,2018-03,2022-03,2024-01,100.0,ongoing_census,2024-06
N24001199,CONSTRUCTION OF EIGHT LANE ACCESS CONTROLLED EXPRESSWAY CARRIAGEWAY FROM BARDAWADI VILLAGE TO MANDSA,ROAD TRANSPORT AND HIGHWAYS,Madhya Pradesh,NHAI,2019-10,743.88,,743.89,832.0,2021-12,2022-11,2024-04,100.0,ongoing_census,2024-06
N24001212,CONSTRUCTION OF EIGHT LANE ACCESS CONTROLLED EXPRESSWAY CARRIAGEWAY FROM BANI VILLAGE TO BARDAWADI V,ROAD TRANSPORT AND HIGHWAYS,Madhya Pradesh,Dec-24,2017-12,656.98,,840.0,1103.0,2022-11,2024-12,2024-12,98.51,ongoing_census,2024-06
N24001213,CONSTRUCTION OF EIGHT LANE ACCESS CONTROLLED EXPRESSWAY CARRIAGEWAY FROM JODMI VILLAGE TO BANI VILLA,ROAD TRANSPORT AND HIGHWAYS,Madhya Pradesh,NHAI,2017-12,1094.97,,1094.97,1387.21,2022-02,2022-11,2024-02,100.0,ongoing_census,2024-06
N24001214,CONSTRUCTION OF EIGHT LANE ACCESS CONTROLLED EXPRESSWAY CARRIAGEWAY FROM RAJASTHAN/MP BORDER TO JODM,ROAD TRANSPORT AND HIGHWAYS,Madhya Pradesh,NHAI,2017-12,217.96,,884.0,2298.0,2022-12,2024-12,2024-12,99.21,ongoing_census,2024-06
N24001231,PACKAGE-21 CONSTRUCTION OF EIGHTLANE ACCESS- CONTROLLED EXPRESSWAY CARRIAGEWAY FROM KAMLIYA VILLAGE,ROAD TRANSPORT AND HIGHWAYS,Madhya Pradesh,NHAI,2019-02,990.97,,990.97,1283.46,2021-12,2022-09,2024-04,100.0,ongoing_census,2024-06
N24001232,PACKAGE-24 CONSTRUCTION OF EIGHTLANE ACCESS- CONTROLLED EXPRESSWAY CARRIAGEWAY FROM RANNI VILLAGE TO,ROAD TRANSPORT AND HIGHWAYS,Madhya Pradesh,N.A.,2019-02,847.0,,847.0,966.25,2022-03,2023-09,2024-04,100.0,ongoing_census,2024-06
N24001233,PACKAGE-23 CONSTRUCTION OF DELHI- VADODARA EIGHT LANE ACCESS- CONTROLLED EXPRESSWAY FROM BAWDI VILLAG,ROAD TRANSPORT AND HIGHWAYS,Madhya Pradesh,NHAI,2019-03,1047.0,,1047.0,1253.89,2020-05,2023-09,2024-04,100.0,ongoing_census,2024-06
N24001234,PACKAGE-25 CONSTRUCTION OF EIGHTLANE ACCESS- CONTROLLED EXPRESSWAY CARRIAGEWAY FROM MIYATI VILLAGE T,ROAD TRANSPORT AND HIGHWAYS,Madhya Pradesh,N.A.,2019-02,996.27,,996.27,1195.72,2022-03,2023-09,2024-04,100.0,ongoing_census,2024-06
N24001614,4LBERKHEDI TO GODPEHRA NH-44,ROAD TRANSPORT AND HIGHWAYS,Madhya Pradesh,N.A.) (N.A.,2022-02,524.84,,524.84,2124.3,2024-11,,2024-11,34.5,ongoing_census,2024-06
N24001615,4L OF SAGAR - MOHARI FROM KM.8 TO KM.50 (PKG-I),ROAD TRANSPORT AND HIGHWAYS,Madhya Pradesh,May-24,,790.78,,790.78,1287.37,2024-04,2024-05,2024-08,45.12,ongoing_census,2024-06
N24001616,2L PS OF SATNA - MAIHAR SECTION OF NH-135BG FROM KM 80.800 TO KM 120.125,ROAD TRANSPORT AND HIGHWAYS,Madhya Pradesh,NHAI,,428.04,,428.04,333.29,2023-10,,2024-05,98.95,ongoing_census,2024-06
N24001618,KATNI BYPASS FROM KM. 359.50 TO KM. 378.50 (NHAI),ROAD TRANSPORT AND HIGHWAYS,Madhya Pradesh,,,194.4,,194.4,163.23,2022-09,,2024-06,82.5,ongoing_census,2024-06
N24001756,4L OF UJJAIN TO BADNAWAR FROM KM 26.900 TO KM 96.00 OF NH-752D,ROAD TRANSPORT AND HIGHWAYS,Madhya Pradesh,NHAI,,1352.56,,1480.94,782.73,2024-10,,2024-10,83.11,ongoing_census,2024-06
N24001757,4L OF KHEDAKHAJURIYA TO SUHAGADI FROM KM. 41.400 TO KM. 89.200 OF NH- 148NG (PKG-II),ROAD TRANSPORT AND HIGHWAYS,Madhya Pradesh,N.A.,2020-01,876.37,,876.37,370.28,2024-10,,2024-06,99.0,ongoing_census,2024-06
N24001758,4L OF SUHAGADI TO BARDIYA AMRA FROM KM. 89.200 TO KM. 135.351 OF NH- 752D (PKG-III),ROAD TRANSPORT AND HIGHWAYS,Madhya Pradesh,NHAI,2020-01,823.05,,823.05,368.09,2024-10,,2024-06,97.18,ongoing_census,2024-06
N24001759,4L OF CHANDESARA TO KHEDAKHAJURIYA FROM KM. 0.000 TO (N.A.) 750 AND KM 0.000 TO KM 41.400 OF NH-752D,ROAD TRANSPORT AND HIGHWAYS,Madhya Pradesh,N.A.,2020-01,909.84,,909.84,384.11,2024-06,,2024-06,67.23,ongoing_census,2024-06
N24001761,4L OF HARDA - BETUL (PKG-II) FROM KM. 30.00 TO KM.81.00 [TEMAGAON TO CHICHOLI],ROAD TRANSPORT AND HIGHWAYS,Madhya Pradesh,NHAI,,520.28,,520.28,325.46,2025-02,,2025-02,82.84,ongoing_census,2024-06
N24001762,INDORE - HARDA (PKG-III) [NANASA TO PIDGAON SECTION FROM KM 95.000 TO KM 142.445],ROAD TRANSPORT AND HIGHWAYS,Madhya Pradesh,NHAI,,1146.22,,1146.22,484.93,2024-01,2024-12,2024-12,74.05,ongoing_census,2024-06
N24001763,4L OF HARDA - BETUL (PKG-I) FROM KM.0 TO KM.30 [HARDA - TEMAGAON],ROAD TRANSPORT AND HIGHWAYS,Madhya Pradesh,N.A.,,774.16,,893.08,464.27,2023-09,2024-07,2024-07,99.92,ongoing_census,2024-06
N24001764,4L OF HARDA - BETUL (PKG-III) FROM KM. 81.00 TO KM.121.248 [CHICHOLI - BETUL],ROAD TRANSPORT AND HIGHWAYS,Madhya Pradesh,NHAI,,814.04,,947.29,468.75,2023-09,2024-07,2024-07,99.9,ongoing_census,2024-06
N24001765,"ADDITIONAL WORKS (2VUPS, MR-10 JUNCTION FLYOVER AND UNDERPASS) IN SIX LANE INDORE-DEWAS SECTION OF N",ROAD TRANSPORT AND HIGHWAYS,Madhya Pradesh,NHAI,2022-08,207.77,,207.77,36.27,2024-07,,2024-07,24.36,ongoing_census,2024-06
N24001766,INDORE - HARDA (PKG-I) [INDORE TO RAGHAV GARH FROM KM. 0.25 TO KM. 26.903],ROAD TRANSPORT AND HIGHWAYS,Madhya Pradesh,NHAI,2022-01,1011.29,,1011.29,134.41,2024-10,,2024-10,67.02,ongoing_census,2024-06
N24001767,4L OF INDORE - BOREGAON (PKG-III) [BALWARA TO DHANGAON] FROM KM. 42.260 TO KM. 82.660 OF NH347BG AND,ROAD TRANSPORT AND HIGHWAYS,Madhya Pradesh,N.A.,2021-01,1001.69,,1001.69,429.93,2024-04,,2024-04,76.0,ongoing_census,2024-06
N24001768,BALANCE WORK OF 4L OF INDORE- GUJARAT/MP BORDER FROM KM 106.210 TO KM 115.250 (START AND END POINT OF,ROAD TRANSPORT AND HIGHWAYS,Madhya Pradesh,NHAI,2019-08,323.51,,323.51,48.2,2023-04,,2023-11,100.0,ongoing_census,2024-06
N24001769,DHANGAON - BORGAON SECTION (KM 81.000 TO KM 139.000) [INDORE - EDLABAD PKG IV],ROAD TRANSPORT AND HIGHWAYS,Madhya Pradesh,Jun-24,2018-11,831.0,,831.0,840.3,2023-08,2024-06,2024-06,99.8,ongoing_census,2024-06
N24001770,4L OF OBEDULLGANJ - BUDNI SECTION FROM KM. 8.400 TO KM. 20.700 IN RATANPANI WILDLIFE AREA OF NH - 69,ROAD TRANSPORT AND HIGHWAYS,Madhya Pradesh,NHAI,2022-02,417.51,,417.51,188.43,2024-03,2024-12,2024-12,64.64,ongoing_census,2024-06
N24001921,2- LANE WITH PAVED SHOULDERS OF HINOTIYA TO MEHULWA FROM DESIGN KM 27+000 9OF EXISTING SH-19 KM 26+5,ROAD TRANSPORT AND HIGHWAYS,Madhya Pradesh,N.A.) (592.03,2021-08,581.65,592.03,581.65,99.04,2025-09,,2025-09,17.83,ongoing_census,2024-06
N24001962,"CONSTRUCTION OF MIHONA BYPASS, LAHAR BYPASS, DABOH BYPASS and BHANDER BYPASS (TOTAL LENGTH 20.60 KM)",ROAD TRANSPORT AND HIGHWAYS,Madhya Pradesh,MoRTH,2022-03,179.19,,179.19,75.91,2024-12,,2024-12,49.97,ongoing_census,2024-06
N24001963,UPGRADATION OF NASRULLAGANI-REHTI- BUDHNI SCCTION TO 2-LANE WITH PAVED SHOULDER FROM KM 0+150 TO KM,ROAD TRANSPORT AND HIGHWAYS,Madhya Pradesh,MoRTH,2021-12,305.12,,305.12,73.56,2024-10,,2025-03,17.0,ongoing_census,2024-06
N24001964,UPGRADATION and WIDENING OF JHARKHEDA- BERASIA - DHOLKHEDI FROM DESIGN KM 0+000 TO KM 87+900 (DESIGN,ROAD TRANSPORT AND HIGHWAYS,Madhya Pradesh,MoRTH,2022-03,365.21,,365.21,139.69,2025-05,,2025-05,64.0,ongoing_census,2024-06
N24001965,"REHABILITATION AND UPGRADATION OF KURWAI?MUNGAOLI?CHANDERI ROAD SECTION OF NH-346, FROM DESIGN CHAIN",ROAD TRANSPORT AND HIGHWAYS,Madhya Pradesh,N.A.,,386.49,,386.49,88.34,2025-02,,2025-02,20.0,ongoing_census,2024-06
N24001966,BALANCE WORK FOR REHABILITATION AND UP-GRADATION OF SIDHI-SINGRAULI FROM KM 82.400 TO KM 187.993 SEC,ROAD TRANSPORT AND HIGHWAYS,Madhya Pradesh,MoRTH,2020-12,529.44,,529.44,160.96,2023-04,2023-05,2024-12,45.69,ongoing_census,2024-06
N24001967,4L GREENFIELD RUDHI TO DESHGAON N/04015/06003/MP,ROAD TRANSPORT AND HIGHWAYS,Madhya Pradesh,PKG V OF BETUL-KHANDWA/DESHGAON) - (N.A.) (N.A.,2018-11,521.21,,521.21,52.23,2025-10,,2025-10,10.7,ongoing_census,2024-06
N24002018,REHABILITATION AND UPGRADATION TO 2-LANE WITH PAVED SHOULDER CONFIGURATION OF JIRAPUR-SUSNER- MP-RJ B,ROAD TRANSPORT AND HIGHWAYS,Madhya Pradesh,MoRTH,,239.72,232.22,232.22,110.11,2025-03,,2025-03,51.0,ongoing_census,2024-06
N24002019,UPGRADATION OF DINDORI-SAGARTOLA- KABICHABUTRA (MP-CG BORDER) SECTION OF NH -45 FROM KM 0+00(DESIGN),ROAD TRANSPORT AND HIGHWAYS,Madhya Pradesh,MoRTH,2022-01,329.14,319.09,319.09,98.49,2025-09,,2025-09,23.5,ongoing_census,2024-06
N24002020,"CONSTRUCTION OF KAITHI-PADARIA KALA BYPASS, PATNA-TAMOLI BYPASS, JASO BYPASS , NAGOD BYPASS (TOTAL L",ROAD TRANSPORT AND HIGHWAYS,Madhya Pradesh,MoRTH,2022-03,158.36,158.0,158.36,34.58,2025-10,,2025-10,2.0,ongoing_census,2024-06
N24002067,BALANCE WORK OF 4L OF NAURADEHI SANCTUARY DE-SCOPED STRETCH OF HIRAN RIVER TO SINDOOR RIVER FROM KM.,ROAD TRANSPORT AND HIGHWAYS,Madhya Pradesh,NHAI,2021-01,178.18,,178.18,161.64,2023-07,,2024-12,80.82,ongoing_census,2024-06
N24002068,CONSTRUCTION OF 4-LANE FROM BARELA TO MANEGAON SECTION OF NH- 30 FROM DESIGN CH. 2.900 TO DESIGN CH.,ROAD TRANSPORT AND HIGHWAYS,Madhya Pradesh,NHAI,2022-12,652.33,,652.33,183.64,2025-03,,2025-03,38.43,ongoing_census,2024-06
N24002069,CONSTRUCTION OF ADDITIONAL 3 LANE WITH PAVED SHOULDER (DESIGN LENGTH 8.87 KM) AS REALIGNMENT OF BAKA,ROAD TRANSPORT AND HIGHWAYS,Madhya Pradesh,N.A.,2022-07,209.29,,209.29,103.06,2024-12,,2024-12,78.05,ongoing_census,2024-06
N24002070,INDORE - EDLABAD (PKG-II) [TEJAJINAGAR TO BALWARA],ROAD TRANSPORT AND HIGHWAYS,Madhya Pradesh,NHAI,2022-01,1162.8,,1162.8,421.64,2025-01,,2025-01,67.02,ongoing_census,2024-06
N24002077,CONSTRUCTION OF (I) 4-LANE HIGHWAY FROM VIDISHA TO HINOTIYA FROM KM. 0.000 TO KM. 27.000 (LENGTH=27,ROAD TRANSPORT AND HIGHWAYS,Madhya Pradesh,N.A.,2022-09,1000.63,,1000.63,94.24,2025-12,,2025-12,6.39,ongoing_census,2024-06
N38000001,CENTRE FOR DISABILITY SPORTS (CPWD),SOCIAL JUSTICE,Madhya Pradesh,,2019-02,170.99,,170.99,73.8,2024-03,,2024-03,74.0,ongoing_census,2024-06
N28000124,BHOPAL METRO RAIL (MPMRCL),URBAN DEVELOPMENT,Madhya Pradesh,Dec-26,2018-11,6941.4,,6941.4,2132.47,2023-02,2026-12,2026-12,26.62,ongoing_census,2024-06
N28000125,INDORE METRO RAIL (MPMRCL),URBAN DEVELOPMENT,Madhya Pradesh,Dec-26) (N.A.,2018-11,7500.8,,7500.8,2881.37,2023-02,2026-12,2026-12,41.52,ongoing_census,2024-06
N04000079,"CONSTRUCTION OF NEW INTEGRATED TERMINAL BUILDING, RECONSTRUCTION OF OLD TERMINAL BUILDING, MODIFICAT",CIVIL AVIATION,Maharashtra,AAI,2017-03,475.39,,520.0,504.63,2021-04,,2023-12,100.0,ongoing_census,2024-06
N04000096,"EXTENSION OF RUNWAY WITH BLAST PAD, RESA, TAXIWAY, APRON, GSE AREA, ISOLATION BAY, NEW DOMESTIC TERM",CIVIL AVIATION,Maharashtra,AAI,2017-06,255.68,,265.0,262.55,2020-12,,2024-04,100.0,ongoing_census,2024-06
N06000132,AMALGAMATED YEKONA-I YEKONA-II (WCL),COAL,Maharashtra,N.A.,2015-08,727.28,,727.28,534.87,2025-03,,2025-03,86.0,ongoing_census,2024-06
N06000179,UKNI DEEP OC (WCL),COAL,Maharashtra,Mar-25) (N.A.,2018-11,318.14,,318.14,253.27,2021-03,2025-03,2025-03,91.0,ongoing_census,2024-06
N06000180,BELLORA-NAIGAON DEEP OC (WCL),COAL,Maharashtra,N.A.,2018-11,252.71,,252.71,122.94,2021-03,2025-03,2025-03,56.0,ongoing_census,2024-06
N06000205,GHONSA EXPANSION DEEP OC (WCL),COAL,Maharashtra,N.A.) (N.A.,2021-03,241.72,,241.72,59.3,2028-03,,2028-03,6.0,ongoing_census,2024-06
N06000206,SASTI EXPANSION OC,COAL,Maharashtra,N.A.) (N.A.,2020-08,371.59,,371.59,105.64,2026-03,,2026-03,24.0,ongoing_census,2024-06
N06000209,DHUPTALA OC(SASTI UG TO OC) (WCL),COAL,Maharashtra,N.A.,2019-02,720.87,,720.87,179.54,2028-03,,2028-03,33.0,ongoing_census,2024-06
N06000219,ADASA UG TO OC (1.50 MTY) (WCL),COAL,Maharashtra,Mar-25) (N.A.,2018-11,333.43,,333.43,223.17,2024-03,2025-03,2025-03,78.0,ongoing_census,2024-06
N06000222,DINESH (MAKARDHOKDA-III) OC (8.0 MTY) (WCL),COAL,Maharashtra,N.A.) (N.A.,2020-02,1184.33,,1184.33,849.44,2027-03,,2027-03,48.0,ongoing_census,2024-06
N06000226,AMALGAMATED INDER-KAMPTEE DEEP OC (3.20 MTY),COAL,Maharashtra,WCL,2018-09,313.34,,313.34,205.45,2024-03,2025-03,2025-03,87.0,ongoing_census,2024-06
N06000231,MUNGOLI NIRGUDA EXTENSION (DEEP) OC (WCL),COAL,Maharashtra,N.A.,2020-11,826.8,,826.8,518.85,2026-03,,2026-03,52.0,ongoing_census,2024-06
N06000251,SAONER UG MINE I EXPANSION (WCL),COAL,Maharashtra,N.A.) (N.A.,2022-01,253.51,,253.51,111.68,2028-03,,2028-03,27.0,ongoing_census,2024-06
N06000252,SINGHORI DEEP OC (WCL),COAL,Maharashtra,N.A.) (N.A.,2022-05,421.84,,421.84,115.89,2029-03,,2029-03,16.0,ongoing_census,2024-06
N06000253,MAKARDHOKDA I EXPANSION OC (WCL),COAL,Maharashtra,N.A.) (N.A.,2022-06,497.06,,497.06,144.88,2026-03,,2026-03,12.0,ongoing_census,2024-06
N06000254,BHATADI EXPANSION OC,COAL,Maharashtra,N.A.) (N.A.,2020-02,729.86,,729.86,159.12,2028-03,,2028-03,17.0,ongoing_census,2024-06
N06000255,NEW MAJARI UG TO OC (3.0 MTY) (WCL),COAL,Maharashtra,N.A.,2019-05,496.38,,496.38,143.72,2027-03,,2027-03,27.0,ongoing_census,2024-06
N06000256,BHANEGAON OC (1.15MTY) (WCL),COAL,Maharashtra,N.A.) (N.A.,2022-09,494.6,,494.6,99.87,2028-03,,2028-03,7.0,ongoing_census,2024-06
N06000263,RPR PAUNI II EXPANSION OC (WCL),COAL,Maharashtra,N.A.) (N.A.,2023-03,464.45,,464.45,178.76,2027-03,,2027-03,0.0,ongoing_census,2024-06
N06000264,GOKUL EXPANSION OC (WCL),COAL,Maharashtra,N.A.) (N.A.,2021-04,456.95,,456.95,148.57,2026-03,,2026-03,7.0,ongoing_census,2024-06
N06000267,KOLGAON EXPANSION (DEEP) OC (WCL),COAL,Maharashtra,N.A.,2023-01,206.19,,206.19,7.75,2027-03,,2027-03,5.0,ongoing_census,2024-06
N06000268,RPR GAURI PAUNI EXPANSION OC (WCL),COAL,Maharashtra,N.A.) (N.A.,2023-03,497.23,,497.23,40.5,2031-03,,2031-03,0.0,ongoing_census,2024-06
N06000271,AMALGAMATED GAURI PAUNI EXPANSION OC (WCL),COAL,Maharashtra,,2024-03,1428.25,,1428.25,203.03,2030-03,,2030-03,17.0,ongoing_census,2024-06
N28000117,"CONSTRUCTION OF IITB RESEARCH PARK AT IIT BOMBAY, POWAI, MUMBAI",DEPARTMENT OF HIGHER EDUCATION,Maharashtra,CPWD EDUCATION,2018-01,223.37,275.0,230.0,141.16,2020-07,2023-11,2024-02,100.0,ongoing_census,2024-06
N16000213,LIFE EXTENSION OF WALL PLATFORMS OF MUMBAI HIGH AND HEERA FIELDS,PETROLEUM,Maharashtra,ONGC,2015-12,3190.69,3375.9,3375.9,2961.86,2018-04,2023-12,2026-05,87.6,ongoing_census,2024-06
N16000358,MUMBAI HIGH NORTH REDEVELOPMENT PHASE-IV,PETROLEUM,Maharashtra,ONGC,2019-04,3228.8,3976.67,3976.67,3909.31,2022-03,2024-06,2025-02,98.3,ongoing_census,2024-06
N16000430,SETTING UP 500KTPA PROPANE DEHYDROGENATION INTEGRATED WITH POLYPROPYLENE UNIT ALONG WITH OFFSITE AND,PETROLEUM,Maharashtra,GAIL,2019-05,8797.0,11256.0,11256.0,4338.63,2025-04,2025-10,2025-10,69.5,ongoing_census,2024-06
N16000436,PIPELINE REPLACEMENT PROJECT - VII (ONGC),PETROLEUM,Maharashtra,Jan-25) (N.A.,,3183.58,,3645.23,2996.09,2024-05,2025-01,2025-01,98.9,ongoing_census,2024-06
N16000442,DEBOTTLENECKING AND AUGMENTATION OF CRYOGENIC FACILITIES AT URAN LPG IMPORT TERMINAL,PETROLEUM,Maharashtra,BPCL,2021-04,1164.69,,1164.69,578.25,2024-06,,2025-04,45.6,ongoing_census,2024-06
N16000446,EXPANSION OF CRYOGENICS GROUP BY SETTING UP NEW MANUFACTURING FACILITY,PETROLEUM,Maharashtra,May-24,,378.0,,378.0,120.07,2023-10,2024-05,2024-05,39.08,ongoing_census,2024-06
N16000452,CONSTRUCTION OF LUBE OIL BLENDING AND FILLING PLANT AT RASAYANI,PETROLEUM,Maharashtra,BPCL,2022-05,423.39,,423.39,181.26,2024-03,,2024-09,60.0,ongoing_census,2024-06
N16000456,ATF PIPELINE FROM JAWAHARLAL NEHRU PORT TRUST (JNPT) TO NAVI MUMBAI INTERNATIONAL AIRPORT (NMIA),PETROLEUM,Maharashtra,N.A.,2022-09,165.0,,165.0,37.84,2025-08,,2025-08,46.27,ongoing_census,2024-06
N16000470,DAMAN UPSIDE DEVELOPMENT PROJECT (DUDP) IN TAPTI DAMAN BLOCK,PETROLEUM,Maharashtra,ONGC,2022-06,4144.41,5726.03,5726.03,1.21,2025-10,,2026-02,1.2,ongoing_census,2024-06
N16000487,"CGD PROJECT AT BEED, JALGAON AND JALNA DISTRICTS",PETROLEUM,Maharashtra,IOCL,2022-03,865.0,,865.0,39.99,2030-03,,2031-09,1.3,ongoing_census,2024-06
N16000503,ANDHERI RESIDENTIAL TOWERS MUMBAI (IOCL),PETROLEUM,Maharashtra,N.A.) (N.A.,2017-06,281.35,,281.35,76.57,2025-05,,2025-05,36.8,ongoing_census,2024-06
N16000504,CONSTRUCTION OF ADDITIONAL TANKAGES AND ALLIED FACILITIES AT JNPT TERMINAL,PETROLEUM,Maharashtra,IOCL,2022-04,341.43,,341.43,178.16,2024-10,2026-08,2026-08,20.6,ongoing_census,2024-06
N16000507,INSTALLATION OF INDEPENDENT DE- AROMATIZED SOLVENTS PRODUCTION FACILITIES AT MUMBAI REFINERY,PETROLEUM,Maharashtra,BPCL,2023-03,405.0,,405.0,45.88,2025-07,,2025-07,38.8,ongoing_census,2024-06
N16000515,PART REPLACEMENT PIPELINE PROJECT,PETROLEUM,Maharashtra,PRPP) (Dec-24) (N.A.,2022-11,1219.48,,1145.1,,2024-05,2024-12,2024-12,28.3,ongoing_census,2024-06
N16000516,HPOIL GAS PVT LTD (HPOIL(JV)),PETROLEUM,Maharashtra,N.A.,2018-03,334.0,,334.0,0.93,2025-05,,2025-05,83.05,ongoing_census,2024-06
N16000519,POL AND LOBS INSTALLATIONS WITH RECEIPT PIPELINES AT RASAYANI,PETROLEUM,Maharashtra,BPCL,2023-05,2585.0,,2585.0,87.06,2026-05,,2026-05,13.2,ongoing_census,2024-06
N16000526,MHN TCPP PGC BGC PROJECT (MTPBP) (ONGC),PETROLEUM,Maharashtra,N.A.,2024-02,2329.45,,2354.23,52.42,2026-05,,2026-05,11.0,ongoing_census,2024-06
N18000335,BIKANER SOLAR POWER PROJECT,POWER,Maharashtra,N.A.) (532.00,2022-04,5491.89,532.0,5491.89,2654.01,2024-05,,2025-03,62.0,ongoing_census,2024-06
N18000377,TS FOR EVACUATION OF 7GW RE INJECTION AT KHAVDA PS UNDER PHASE- IV PART E4,POWER,Maharashtra,PGCIL,2023-11,224.0,,224.0,,2025-07,,2025-07,0.0,ongoing_census,2024-06
N22000092,MUMBAI URBAN TRANSPORT PROJECT PHASE-II,RAILWAYS,Maharashtra,N.A.,2008-04,5300.0,,918.53,284.75,2014-03,,2024-03,77.3,ongoing_census,2024-06
N22000231,WARDHA-NANDED MAHARASHTRA (CR),RAILWAYS,Maharashtra,N.A.) (N.A.,2008-04,3168.29,,3445.48,2394.71,2023-03,,2026-12,47.0,ongoing_census,2024-06
N22000233,KALYAN-KASARA 3RD LINE (CR),RAILWAYS,Maharashtra,N.A.) (N.A.,2011-04,792.89,,792.89,700.54,2021-03,,2025-12,50.0,ongoing_census,2024-06
N22000250,WARDHA-SEWAGRAM NGP 3RD LINE,RAILWAYS,Maharashtra,N.A.) (N.A.,2012-04,540.02,,540.02,547.33,2022-03,,2025-03,72.0,ongoing_census,2024-06
N22000356,WARDHA-BALHARSHAH - 3RD LINE (132 KM) (CR),RAILWAYS,Maharashtra,N.A.,2015-02,1272.19,,1384.72,1021.24,2022-03,,2025-03,67.0,ongoing_census,2024-06
N22000358,ITARSI-NAGPUR (BAL.) - 3RD LINE (267 KM) (CR),RAILWAYS,Maharashtra,,2015-02,2449.91,,2449.91,1254.93,2023-03,,2027-03,42.0,ongoing_census,2024-06
N22000359,PUNE-MIRAJ-LONDA (467 KM),RAILWAYS,Maharashtra,CR,2015-02,3627.47,3627.0,6463.49,3737.52,2024-03,,2024-06,84.0,ongoing_census,2024-06
N22000360,DAUND - MANMAD (236 KM) (CR),RAILWAYS,Maharashtra,N.A.) (N.A.,2016-02,1876.0,,2081.27,2056.27,2023-03,,2024-12,86.0,ongoing_census,2024-06
N22000361,MANMAD - JALGAON - 3RD LINE (160 KM),RAILWAYS,Maharashtra,N.A.) (N.A.,2016-02,1035.16,,1035.16,1219.08,2022-03,,2024-12,75.0,ongoing_census,2024-06
N22000362,WARDHA - NAGPUR - 4TH LINE (76 KM) (CR),RAILWAYS,Maharashtra,N.A.,2016-02,637.95,,637.95,717.11,2023-03,,2025-03,70.0,ongoing_census,2024-06
N22000420,RAJNANDGAON - NAGPUR - 3RD LINE (SECR),RAILWAYS,Maharashtra,SECR,2016-09,1908.51,2753.05,3544.25,2642.42,2023-03,2023-12,2024-12,78.0,ongoing_census,2024-06
N22000434,MUMBAI CENTRAL VIRAR VADODARA AHMEDABAAD TRAIN PROTECTION SYSTEM 500 RKM,RAILWAYS,Maharashtra,WR,2010-03,265.88,,311.36,,,,2024-03,0.0,ongoing_census,2024-06
N22000435,VIRAR SURAT ROAD OVER BRIDGE IN LIEU OF LEVEL CROSSING NOS 42 46A 48 52 55 102 106 108 130 AND 137 A,RAILWAYS,Maharashtra,WR,,217.38,,393.62,142.48,,,2024-03,0.0,ongoing_census,2024-06
N22000480,WADSA-GADHCHIROLI NEW LINE (52.36 KM) (SECR),RAILWAYS,Maharashtra,N.A.,2018-06,229.0,,1886.05,433.93,2021-12,,2026-12,20.0,ongoing_census,2024-06
N22000511,PACHORA-JAMNER WITH EXTENSION UPTO MALKAPUR NG TO BG,RAILWAYS,Maharashtra,CR,2022-08,955.0,,955.39,56.34,2027-08,,2027-03,0.0,ongoing_census,2024-06
N22000513,SOLAPUR-TULJAPUR-OSMANABAD,RAILWAYS,Maharashtra,UMBRELLA WORK) (N.A.,2019-01,904.92,,904.92,954.11,2028-03,,2027-03,5.0,ongoing_census,2024-06
N22000514,DHULE (BORVIHIR)-NARDANA,RAILWAYS,Maharashtra,UMBRELLA WORK) (N.A.) (N.A.,2019-01,492.76,,492.76,149.6,2026-03,,2026-12,5.0,ongoing_census,2024-06
N22000515,KALYAN-MURBAD VIA ULHASNAGAR,RAILWAYS,Maharashtra,UMBRELLA WORK) (N.A.) (N.A.,2023-02,836.12,,836.12,5.28,2027-03,,2026-03,0.0,ongoing_census,2024-06
N22000615,BARAMATI - LONAND (CR),RAILWAYS,Maharashtra,N.A.) (N.A.,1999-02,736.44,,736.44,518.52,2027-03,,2026-03,50.0,ongoing_census,2024-06
N22000627,MUMBAI URBAN TRANSPORT PROJECT IIIA,RAILWAYS,Maharashtra,MRVC,2019-04,33690.0,,33690.0,846.83,2025-03,,2027-12,0.0,ongoing_census,2024-06
N22000629,NAGPUR- NAGBHIR RAILWAY LINE GAUGE CONVERSION PROJECT,RAILWAYS,Maharashtra,MRIDC,2019-10,1400.0,,1400.0,,2024-06,,2024-06,74.0,ongoing_census,2024-06
220100181,AHMEDNAGAR-PARLI VAIJNATH(NL) CR (CR),RAILWAYS,Maharashtra,N.A.) (N.A.,,2271.5,,4805.17,4072.18,2021-03,,2025-12,84.0,ongoing_census,2024-06
N24000332,REHABILITATION AND UPGRADATION OF END OF AHMEDNAGAR BYPASS TO KHARWANDI KASAR SECTION OF NH-222 FROM,ROAD TRANSPORT AND HIGHWAYS,Maharashtra,N.A.,,225.81,,225.81,167.96,,,,96.0,ongoing_census,2024-06
N24000442,"CONSTRUCTION OF FLYOVER AT KM.544.650 INCLUDING ROB ,SERVICE ROADS ,FOOTPATH FOR RCC DRAINS ON URBAN",ROAD TRANSPORT AND HIGHWAYS,Maharashtra,NHAI,2015-12,649.5,,649.5,567.02,2019-03,2023-11,2024-08,85.98,ongoing_census,2024-06
N24000558,NAGPUR RING ROAD PACKAGE-1 (NHAI),ROAD TRANSPORT AND HIGHWAYS,Maharashtra,N.A.,2016-03,546.0,,546.0,526.26,2019-07,2023-07,2024-08,100.0,ongoing_census,2024-06
N24000560,NAGPUR RING ROAD PACKAGE-2 (NHAI),ROAD TRANSPORT AND HIGHWAYS,Maharashtra,Mar-24) (N.A.,2016-03,591.66,,591.66,575.54,2019-07,2024-03,2024-09,90.07,ongoing_census,2024-06
N24000584,4-LANNING OF NH17 AND NEW NO. NH66 FROM KM 161/600 TO 205/400 UNDER HYBRID ANNUITY MODE,ROAD TRANSPORT AND HIGHWAYS,Maharashtra,MoRTH,2016-03,1142.62,1907.03,1142.62,1056.08,,,2023-12,95.17,ongoing_census,2024-06
N24000585,4-LANNING OF NH17 AND NEW NO. NH66 FROM KM 241/300 TO 281/300 UNDER HYBRID ANNUITY MODE,ROAD TRANSPORT AND HIGHWAYS,Maharashtra,MoRTH,2016-03,1101.58,,1101.58,608.53,,,,65.22,ongoing_census,2024-06
N24000628,4-LANNING OF TARSOD-FAGNE(FROM KM 422.700-510.00),ROAD TRANSPORT AND HIGHWAYS,Maharashtra,NHAI,,1064.88,,1021.0,958.51,2021-07,2023-12,2024-03,84.76,ongoing_census,2024-06
N24000630,4-LANNING OF KODEBAD-DHAMTARI SECTION OF NH-43 (FROM KM. 43.400 TO KM. 82.209) IN THE STATE OF CHHAT,ROAD TRANSPORT AND HIGHWAYS,Maharashtra,NHAI,2016-11,446.17,,356.62,353.96,2019-03,,2024-04,99.9,ongoing_census,2024-06
N24000655,CONSTRUCTION OF NEW 4-LANE BRIDGE ACROSS VARSOVA CREEK AND ITS APPROACHES WITH INTERCHANGE IN THE ST,ROAD TRANSPORT AND HIGHWAYS,Maharashtra,Dec-24,2017-03,247.02,,157.49,83.16,2020-03,2024-12,2024-12,97.39,ongoing_census,2024-06
N24000656,4-LANNING OF BODHRE-DHULE SECTION(KM 390.000 TO 452.800),ROAD TRANSPORT AND HIGHWAYS,Maharashtra,NHAI,2017-03,744.64,,1007.0,380.66,2020-03,2022-07,2024-07,74.89,ongoing_census,2024-06
N24000659,4-LANNING OF WARANGA-MAHAGAON SECTION(KM 253.7000 TO 320.580),ROAD TRANSPORT AND HIGHWAYS,Maharashtra,NHAI,2017-03,1059.73,1071.0,1071.0,878.19,2017-03,2021-05,2024-10,82.04,ongoing_census,2024-06
N24000851,CONSTRUCTION OF 8 LANING OF EXISTING 4 LANE VADAPE TO THANE FROM KM 539.202 TO KM 563.000 SECTION OF,ROAD TRANSPORT AND HIGHWAYS,Maharashtra,NHAI,2018-03,1162.92,1182.87,1182.87,371.48,2021-07,,2024-09,51.4,ongoing_census,2024-06
N24001002,SARSAM TO KOTHARI (MoRTH),ROAD TRANSPORT AND HIGHWAYS,Maharashtra,N.A.,2016-02,545.64,,545.64,232.64,2019-07,,2023-12,93.68,ongoing_census,2024-06
N24001003,AKOLA TO AKOT (MoRTH),ROAD TRANSPORT AND HIGHWAYS,Maharashtra,N.A.) (N.A.,2017-01,313.95,,313.95,270.26,2019-06,,2023-12,99.0,ongoing_census,2024-06
N24001013,DIGRAS DARWAH KARANJA,ROAD TRANSPORT AND HIGHWAYS,Maharashtra,N.A.) (391.00,2017-01,391.06,391.0,391.06,287.6,2019-06,,2023-12,92.76,ongoing_census,2024-06
N24001017,DAHEGAON TO KUHI,ROAD TRANSPORT AND HIGHWAYS,Maharashtra,N.A.) (229.00,2017-01,228.89,229.0,228.89,154.82,2019-06,,2023-12,99.0,ongoing_census,2024-06
N24001018,BHANDARA TO GHOTITOK,ROAD TRANSPORT AND HIGHWAYS,Maharashtra,N.A.) (393.00,2017-01,392.83,393.0,392.83,274.75,2019-06,,2019-06,100.0,ongoing_census,2024-06
N24001021,AMDI TO SAONER,ROAD TRANSPORT AND HIGHWAYS,Maharashtra,N.A.) (397.00,2017-01,396.91,397.0,396.91,289.79,2019-06,,2023-12,98.69,ongoing_census,2024-06
N24001022,WADI TO ASOLA,ROAD TRANSPORT AND HIGHWAYS,Maharashtra,N.A.) (364.00,2017-01,363.82,364.0,363.82,154.65,2019-09,,2023-12,93.15,ongoing_census,2024-06
N24001026,WAKAN PALI KHOPOLI,ROAD TRANSPORT AND HIGHWAYS,Maharashtra,N.A.) (N.A.,2017-01,376.19,,376.19,118.74,2019-05,,2023-10,99.15,ongoing_census,2024-06
N24001027,SHAHPUR PATGAON SECTION I (MoRTH),ROAD TRANSPORT AND HIGHWAYS,Maharashtra,N.A.,2018-01,150.79,,150.79,81.14,2019-12,,2024-03,70.66,ongoing_census,2024-06
N24001029,AHMADPUR TO PIMPLA (MoRTH),ROAD TRANSPORT AND HIGHWAYS,Maharashtra,N.A.) (N.A.,2017-01,422.38,,422.38,269.59,2019-08,,2023-12,83.0,ongoing_census,2024-06
N24001030,PIMPLA TO MANJARSUMBHA (MoRTH),ROAD TRANSPORT AND HIGHWAYS,Maharashtra,N.A.,2017-01,595.77,,595.77,357.73,2019-08,,2023-12,89.6,ongoing_census,2024-06
N24001035,MANSAR TO SALAIKHURD (MoRTH),ROAD TRANSPORT AND HIGHWAYS,Maharashtra,N.A.) (N.A.,2018-01,418.36,,418.36,263.13,2019-12,,2023-11,98.86,ongoing_census,2024-06
N24001039,JINTUR TO PARBHANI,ROAD TRANSPORT AND HIGHWAYS,Maharashtra,N.A.) (N.A.,2017-01,356.66,,356.66,209.48,,,2023-12,80.48,ongoing_census,2024-06
N24001040,JAHIRABAD TO LATUR (MoRTH),ROAD TRANSPORT AND HIGHWAYS,Maharashtra,N.A.) (N.A.,2017-01,461.96,,461.96,329.59,2019-11,,2023-11,99.0,ongoing_census,2024-06
N24001041,SHIROD SHAHPURER TO NANDED (MoRTH),ROAD TRANSPORT AND HIGHWAYS,Maharashtra,N.A.) (N.A.,2017-01,211.34,,211.34,136.33,2019-07,,2023-12,99.9,ongoing_census,2024-06
N24001042,SALAIKHURD TO TIRORA,ROAD TRANSPORT AND HIGHWAYS,Maharashtra,N.A.) (415.25,2018-01,415.25,415.25,415.25,274.02,2019-12,,2023-12,97.99,ongoing_census,2024-06
N24001043,NILAJPHATA TO BHANDARA,ROAD TRANSPORT AND HIGHWAYS,Maharashtra,N.A.) (421.00,2018-01,420.63,421.0,420.63,219.4,2020-05,,2023-12,71.25,ongoing_census,2024-06
N24001046,RALEGAON TO RAMTIRTH (MoRTH),ROAD TRANSPORT AND HIGHWAYS,Maharashtra,N.A.) (N.A.,2017-01,210.81,,210.81,210.81,2019-07,,2023-08,96.5,ongoing_census,2024-06
N24001048,MEHKAR TO AJISPUR (MoRTH),ROAD TRANSPORT AND HIGHWAYS,Maharashtra,N.A.) (N.A.,2017-01,232.77,,232.77,151.6,2019-07,,2023-08,100.0,ongoing_census,2024-06
N24001050,VITA TO NAGAJ,ROAD TRANSPORT AND HIGHWAYS,Maharashtra,N.A.) (305.00,2018-03,304.58,305.0,304.58,154.68,2019-12,,2023-12,68.39,ongoing_census,2024-06
N24001057,KARAD PATAN CHIPLUN GUHAGAR,ROAD TRANSPORT AND HIGHWAYS,Maharashtra,N.A.) (407.00,2017-02,407.19,407.0,407.19,323.02,2019-06,,2023-10,89.97,ongoing_census,2024-06
N24001058,KARWANDI TO RAJURI,ROAD TRANSPORT AND HIGHWAYS,Maharashtra,N.A.) (277.00,2018-03,276.95,277.0,276.95,160.94,2019-12,,2024-03,92.06,ongoing_census,2024-06
N24001060,PALPHATA TO PHULAMBARI,ROAD TRANSPORT AND HIGHWAYS,Maharashtra,N.A.) (227.00,2018-03,227.19,227.0,227.19,141.92,2019-12,,2023-12,95.0,ongoing_census,2024-06
N24001061,CHIKALI TO DHAD,ROAD TRANSPORT AND HIGHWAYS,Maharashtra,N.A.) (189.00,2018-03,189.46,189.0,189.46,133.07,2019-12,,2024-03,97.76,ongoing_census,2024-06
N24001062,DHAD BHOKARDAN TO BHOKARDHAN SILLOD,ROAD TRANSPORT AND HIGHWAYS,Maharashtra,MoRTH,2018-03,336.21,336.0,336.21,236.11,2019-12,,2024-03,99.82,ongoing_census,2024-06
N24001065,PARBHANI TO GANGKHED,ROAD TRANSPORT AND HIGHWAYS,Maharashtra,N.A.) (238.00,2018-03,238.19,238.0,238.19,194.54,2019-12,,2023-10,99.0,ongoing_census,2024-06
N24001069,NANDED TO JALKOT,ROAD TRANSPORT AND HIGHWAYS,Maharashtra,N.A.) (457.00,2017-12,456.93,457.0,456.93,278.22,2019-09,,2019-09,0.0,ongoing_census,2024-06
N24001073,KOTHARI TO DHANORA,ROAD TRANSPORT AND HIGHWAYS,Maharashtra,N.A.) (301.00,2018-09,301.38,301.0,301.38,240.32,2020-08,,2020-08,96.32,ongoing_census,2024-06
N24001075,OSMANNAGAR TO KUNDRAL,ROAD TRANSPORT AND HIGHWAYS,Maharashtra,N.A.) (344.00,2017-09,344.25,344.0,344.25,194.72,2020-08,,2023-12,95.63,ongoing_census,2024-06
N24001078,PUNE TO MALE VILLAGE (MoRTH),ROAD TRANSPORT AND HIGHWAYS,Maharashtra,N.A.) (N.A.,2018-03,228.31,,228.31,100.97,2019-12,,2023-12,93.83,ongoing_census,2024-06
N24001079,ARDHAPUR TO HIMAYATNAGAR,ROAD TRANSPORT AND HIGHWAYS,Maharashtra,N.A.) (426.00,2017-12,426.06,426.0,426.06,271.4,2020-06,,2023-12,96.25,ongoing_census,2024-06
N24001080,MALE VILLAGE TO PUNE RAIGARH DISTRICT BORDER,ROAD TRANSPORT AND HIGHWAYS,Maharashtra,MoRTH,2018-03,256.15,,256.15,126.62,2019-12,,2023-10,98.0,ongoing_census,2024-06
N24001081,HIMAYATNAGAR TO PHULSAWANGI,ROAD TRANSPORT AND HIGHWAYS,Maharashtra,N.A.) (295.00,2018-03,294.87,295.0,294.87,183.17,2019-12,,2023-12,89.99,ongoing_census,2024-06
N24001082,PUNE RAIGARH DISTRICT BORDER TO MANGAON,ROAD TRANSPORT AND HIGHWAYS,Maharashtra,MoRTH,,223.46,,223.46,123.46,2019-12,,2023-12,100.0,ongoing_census,2024-06
N24001090,KOLDE TO KHETIYA,ROAD TRANSPORT AND HIGHWAYS,Maharashtra,N.A.) (N.A.,2017-01,509.18,,509.18,283.13,2019-07,,2023-12,94.81,ongoing_census,2024-06
N24001092,SATARA TO MHASWAD (MoRTH),ROAD TRANSPORT AND HIGHWAYS,Maharashtra,N.A.,2017-01,653.46,,653.46,369.62,2019-07,,2023-12,76.76,ongoing_census,2024-06
N24001095,SATARA MURVAD PILLOV PANDHARPUR (MoRTH),ROAD TRANSPORT AND HIGHWAYS,Maharashtra,N.A.) (N.A.,2017-01,388.44,,388.44,240.05,,,2024-06,88.16,ongoing_census,2024-06
N24001097,SELDOH TO PANVAR,ROAD TRANSPORT AND HIGHWAYS,Maharashtra,N.A.) (404.00,2018-07,404.33,404.0,404.33,140.65,2020-05,,2020-05,0.0,ongoing_census,2024-06
N24001099,MHASWAD TO TEMBHURNI (MoRTH),ROAD TRANSPORT AND HIGHWAYS,Maharashtra,N.A.) (N.A.,2017-01,488.6,,488.6,279.42,2019-07,,2023-12,76.5,ongoing_census,2024-06
N24001101,KURUDWADI TO PANDHARPUR,ROAD TRANSPORT AND HIGHWAYS,Maharashtra,N.A.) (N.A.,2017-01,307.63,,307.63,232.57,2019-07,,2023-11,96.27,ongoing_census,2024-06
N24001102,PANDHARPUR TO SANGOLA (MoRTH),ROAD TRANSPORT AND HIGHWAYS,Maharashtra,N.A.,2017-07,218.38,,218.38,182.63,2019-07,,2023-12,99.78,ongoing_census,2024-06
N24001105,CHIMUR TO WARORA (MoRTH),ROAD TRANSPORT AND HIGHWAYS,Maharashtra,N.A.) (N.A.,2016-11,467.7,,467.7,235.04,2019-03,,2019-03,100.0,ongoing_census,2024-06
N24001106,PEN TO KHOPOLI,ROAD TRANSPORT AND HIGHWAYS,Maharashtra,N.A.) (302.00,2018-03,301.39,302.0,301.39,170.12,2018-03,,2024-01,82.07,ongoing_census,2024-06
N24001107,PANCHARAL TO MANDANGHAR,ROAD TRANSPORT AND HIGHWAYS,Maharashtra,N.A.) (302.00,2018-07,381.08,302.0,381.08,45.66,2020-05,,2020-05,0.0,ongoing_census,2024-06
N24001111,KOLHA TO NASRATPUR,ROAD TRANSPORT AND HIGHWAYS,Maharashtra,N.A.) (282.00,2016-04,281.78,282.0,281.78,77.83,2019-04,,2024-08,0.0,ongoing_census,2024-06
N24001112,NASRATPUR TO BARASGAON,ROAD TRANSPORT AND HIGHWAYS,Maharashtra,N.A.) (407.00,2016-07,406.54,407.0,406.54,274.3,2019-09,,2024-03,80.7,ongoing_census,2024-06
N24001113,BARASGAON TO RAHATEE,ROAD TRANSPORT AND HIGHWAYS,Maharashtra,N.A.) (290.00,2016-07,289.11,290.0,289.11,232.56,2018-09,,2023-12,99.0,ongoing_census,2024-06
N24001114,INDAPUR TO VADPALE,ROAD TRANSPORT AND HIGHWAYS,Maharashtra,MoRTH,2017-01,1202.52,1656.94,1202.52,1450.82,2019-12,,2024-03,61.42,ongoing_census,2024-06
N24001122,PAITHAN TO SHIRUR (MoRTH),ROAD TRANSPORT AND HIGHWAYS,Maharashtra,N.A.) (N.A.,2017-03,341.8,,341.8,226.19,2019-06,,2024-03,78.6,ongoing_census,2024-06
N24001123,SHIRUR TO KHARDA,ROAD TRANSPORT AND HIGHWAYS,Maharashtra,N.A.) (N.A.,2017-02,381.77,,381.77,199.48,2019-06,,2023-12,83.93,ongoing_census,2024-06
N24001124,AURANGABAD TO SILLOD,ROAD TRANSPORT AND HIGHWAYS,Maharashtra,N.A.) (541.93,2017-02,456.32,541.93,456.32,355.54,2019-06,,2023-12,94.07,ongoing_census,2024-06
N24001125,SILLOD TO FARDAPUR,ROAD TRANSPORT AND HIGHWAYS,Maharashtra,N.A.) (432.98,2017-02,337.46,432.98,337.46,335.3,2019-06,,2023-12,91.56,ongoing_census,2024-06
N24001126,FARDAPUR TO JALGAON (MoRTH),ROAD TRANSPORT AND HIGHWAYS,Maharashtra,N.A.) (N.A.,2017-02,456.45,,456.45,427.43,2019-06,,2019-06,89.88,ongoing_census,2024-06
N24001127,KUMBHARI PHTA TO DEULGAON RAJA,ROAD TRANSPORT AND HIGHWAYS,Maharashtra,N.A.) (N.A.,2017-02,406.51,,406.51,340.26,2019-06,,2024-02,86.45,ongoing_census,2024-06
N24001132,BHOGAN KHURD TO KASHEDI,ROAD TRANSPORT AND HIGHWAYS,Maharashtra,N.A.) (743.00,2017-09,743.21,743.0,743.21,911.64,2021-06,,2023-12,88.69,ongoing_census,2024-06
N24001134,KANTE TO WAKED,ROAD TRANSPORT AND HIGHWAYS,Maharashtra,MoRTH,2016-03,1230.02,1230.0,1230.02,791.8,2019-11,,2024-12,0.0,ongoing_census,2024-06
N24001138,PARLI PIMPLA DAHIGUDA,ROAD TRANSPORT AND HIGHWAYS,Maharashtra,N.A.) (206.00,2017-02,205.72,206.0,205.72,85.71,2019-06,,2023-08,100.0,ongoing_census,2024-06
N24001150,WARDHA TO ARVI (MoRTH),ROAD TRANSPORT AND HIGHWAYS,Maharashtra,N.A.) (N.A.,2018-02,313.58,,313.58,230.41,2020-04,,2023-12,96.0,ongoing_census,2024-06
N24001377,MOHOL TO WAKHARI PACKAGE1 SANT DNYANESHWAR MAHARAJ PALKHI MARG SECTION OF NH965,ROAD TRANSPORT AND HIGHWAYS,Maharashtra,NHAI,2019-02,731.89,731.99,731.99,684.03,2022-01,2023-08,2023-08,0.5,ongoing_census,2024-06
N24001378,WAKHARI TO KHUDUS PACKAGE2 SANT DNYANESHWAR MAHARAJ PALKHI MARG SECTION OF NH965,ROAD TRANSPORT AND HIGHWAYS,Maharashtra,Jun-23) (372.46,2019-02,362.46,372.46,372.46,346.15,2022-01,2023-06,2023-06,0.0,ongoing_census,2024-06
N24001379,KHUDUS TO DHARAMPURI PACKAGE 3 SANT DNYANESHWAR MAHARAJ PALKHI MARG SECTION OF NH965,ROAD TRANSPORT AND HIGHWAYS,Maharashtra,NHAI,,594.75,594.75,613.75,585.2,2022-01,2023-08,2023-08,3.0,ongoing_census,2024-06
N24001448,UPGRADATION OF ADHALGAON-JAMKHED SECTION OF NH-548 D FROM KM 132/600 TO KM 195/375 TO TWO LANE WITH,ROAD TRANSPORT AND HIGHWAYS,Maharashtra,MoRTH,2021-11,223.35,,223.35,209.36,2022-02,,2022-02,0.0,ongoing_census,2024-06
N24001468,REPANPALLI TO SIRONCHA,ROAD TRANSPORT AND HIGHWAYS,Maharashtra,N.A.) (N.A.,2022-03,282.07,,282.07,34.65,2022-06,,2024-06,16.17,ongoing_census,2024-06
N24001485,INTEGRATED STRUCTURE WITH DEVELOPMENT OF OTHER ALLIED STRUCTURES ON BOTH SIDES OF CHANDNI CHOWK JUNC,ROAD TRANSPORT AND HIGHWAYS,Maharashtra,Jul-24,2019-02,397.6,,397.6,374.85,2022-02,2024-07,2024-07,100.0,ongoing_census,2024-06
N24001486,TUNNEL AT KHAMBATAKI GHAT SECTION AND ITS APPROACHES FROM EXISTING KM. 771.730 TO EXISTING KM. 782.0,ROAD TRANSPORT AND HIGHWAYS,Maharashtra,NHAI,2019-02,493.0,,493.0,374.15,2022-02,2024-11,2024-11,70.51,ongoing_census,2024-06
N24001488,DHARAMPURI-LONAND FROM KM. 117.00 TO 166.40 (PKG-IV) ON MOHOL-ALANDI SECTION,ROAD TRANSPORT AND HIGHWAYS,Maharashtra,Oct-24,2021-09,618.45,,618.45,581.4,2023-09,2024-10,2024-10,89.1,ongoing_census,2024-06
N24001489,4L OF EXISTING 2/4L STRETCH FROM LONAND TO DIVE GHAT (KM 166.400 TO KM 220.900 ) OF MOHOL ? ALANDI S,ROAD TRANSPORT AND HIGHWAYS,Maharashtra,NHAI,2022-05,519.93,,519.93,381.36,2024-05,2024-10,2024-10,72.79,ongoing_census,2024-06
N24001493,6L OF KAGAL-SATARA SECTION FROM KM 658.000 TO KM 725.000 OF NH-48 (PKG-II),ROAD TRANSPORT AND HIGHWAYS,Maharashtra,N.A.,,1749.86,,1749.86,1181.0,2024-12,,2024-12,52.0,ongoing_census,2024-06
N24001495,4L OF RATNAGIRI - KOLHAPUR SECTION OF NH-166 FROM KM 0.000 TO KM 19.769 AND KM 31.000 TO KM 67.140 (,ROAD TRANSPORT AND HIGHWAYS,Maharashtra,NHAI,2022-11,930.0,,930.0,525.26,2024-11,,2024-11,56.5,ongoing_census,2024-06
N24001501,PATAS-VASUNDE PHATA - BARAMATI BYPASS,ROAD TRANSPORT AND HIGHWAYS,Maharashtra,NHAI,2021-09,531.86,532.41,532.41,520.71,2023-09,2023-07,2023-07,0.5,ongoing_census,2024-06
N24001502,4L OF BARAMATI TO INDAPUR (PKG-II) FROM KM. 41.400 TO KM. 84.550 OF NH- 965G (SAINT TUKARAM MARG),ROAD TRANSPORT AND HIGHWAYS,Maharashtra,NHAI,2021-09,624.45,580.15,580.15,398.06,2023-09,2024-03,2024-12,2.0,ongoing_census,2024-06
N24001503,4L OF INDAPUR TO TONDLE (PKG-III) FROM KM.84.550 TO KM. 131.00 OF NH- 965G (SAINT TUKARAM MARG),ROAD TRANSPORT AND HIGHWAYS,Maharashtra,Mar-24) (666.21,2021-09,667.66,666.21,666.21,471.34,2023-09,2024-03,2024-08,9.0,ongoing_census,2024-06
N24001504,VADODARA MUMBAI EXPRESSWAY (PHASE II - PKG XI) [KM. 77.000 TO KM. 103.400] (GANJAD - TALSARI),ROAD TRANSPORT AND HIGHWAYS,Maharashtra,NHAI,2022-05,1260.0,,1260.0,463.45,2024-05,2025-01,2025-01,78.69,ongoing_census,2024-06
N24001505,VADODARA MUMBAI EXPRESSWAY (PHASE II - PKG XII) [KM. 50.700 TO KM. 77.000] (MASVAN - GANJAD),ROAD TRANSPORT AND HIGHWAYS,Maharashtra,Oct-24,2022-03,1549.02,,1549.02,526.31,2024-03,2024-10,2024-10,50.57,ongoing_census,2024-06
N24001506,VADODARA MUMBAI EXPRESSWAY (PHASE II - PKG XIII) [KM. 26.582 TO KM. 50.700] (SHIRSAD - MASVAN),ROAD TRANSPORT AND HIGHWAYS,Maharashtra,NHAI,2022-02,2747.0,,2747.0,929.38,2024-02,2025-06,2025-06,60.69,ongoing_census,2024-06
N24001507,VADODARA MUMBAI EXPRESSWAY (PHASE II - PKG XIV) [KM. 3.000 TO KM. 20.200 OF SPUR] (SHIRSAD - AKLOLI),ROAD TRANSPORT AND HIGHWAYS,Maharashtra,Aug-25,2022-11,1124.0,,1124.0,299.43,2024-05,2025-08,2025-08,43.5,ongoing_census,2024-06
N24001508,VADODARA MUMBAI EXPRESSWAY (PHASE II - PKG XVI) [KM. 43.000 TO KM. 69.800 OF SPUR] (AMNE - BHOJ),ROAD TRANSPORT AND HIGHWAYS,Maharashtra,NHAI,2022-11,1450.0,,1450.0,545.51,2024-10,,2024-10,61.1,ongoing_census,2024-06
N24001521,VADODARA MUMBAI EXPRESSWAY (PHASE II - PKG XV) [KM. 20.200 TO KM. 43.000 OF SPUR] (AKLOLI - AMNE),ROAD TRANSPORT AND HIGHWAYS,Maharashtra,NHAI,2022-11,990.0,,990.0,243.83,2024-10,2024-05,2025-04,46.35,ongoing_census,2024-06
N24001546,6L OF KAGAL-SATARA SECTION FROM KM 592.240 TO KM 658.000 OF NH-48 (PKG-I),ROAD TRANSPORT AND HIGHWAYS,Maharashtra,NHAI,,1025.2,,1025.2,641.13,2025-01,,2025-01,35.19,ongoing_census,2024-06
N24001607,BALANCE WORKS OF 4L PANVEL- INDAPUR SECTION OF NH-66 (OLD NH-17) FROM KM 42.300 (KASU) TO KM 84.600 (,ROAD TRANSPORT AND HIGHWAYS,Maharashtra,N.A.,2022-10,332.0,,332.0,185.25,2024-05,,2024-05,42.44,ongoing_census,2024-06
N24001608,VADODARA MUMBAI EXPRESSWAY (PHASE II - PKG XVII) [KM. 69.800 TO KM. 79.783 OF SPUR] (BHOJ - MORBE),ROAD TRANSPORT AND HIGHWAYS,Maharashtra,NHAI,2021-09,2208.68,,2208.68,357.45,2025-07,,2025-07,41.01,ongoing_census,2024-06
N24001609,BALANCE WORK OF 4 LANING OF PANVEL TO INDAPUR SECTION OF NH-66(OLD NH- 17) FROM KM 0.000 (PANVEL) TO,ROAD TRANSPORT AND HIGHWAYS,Maharashtra,Dec-24,2023-01,151.26,,151.26,103.24,2023-12,2024-12,2024-12,63.39,ongoing_census,2024-06
N24001610,4L OF EXISTING 2/4L STRETCH FROM LONAND TO DIVE GHAT (KM 166.400 TO KM 220.900 ) OF MOHOL ? ALANDI S,ROAD TRANSPORT AND HIGHWAYS,Maharashtra,NHAI,2022-01,1833.73,,1833.73,381.36,2024-05,2024-10,2024-10,72.79,ongoing_census,2024-06
N24001795,FOUR LANING OF AURANGABAD-PAITHAN SECTION OF NH-752E ON EPC MODE IN THE STATE OF MAHARASHTRA .,ROAD TRANSPORT AND HIGHWAYS,Maharashtra,N.A.,2022-10,490.4,,289.0,210.13,2024-07,,2024-08,67.0,ongoing_census,2024-06
N24001796,4L OF RAJURA-KORPANA-ADILABAD ROAD UPTO M.S. BORDER FROM KM 32.910 TO KM 89.090 OF NH-353B,ROAD TRANSPORT AND HIGHWAYS,Maharashtra,NHAI,2022-03,1013.33,1013.33,1111.33,326.8,2024-10,2024-10,2024-10,54.9,ongoing_census,2024-06
N24001797,6L OF WAINGANGA BRIDGE - BHANDARA SECTION FROM KM 485.000 TO KM 499.800,ROAD TRANSPORT AND HIGHWAYS,Maharashtra,INCLUDING BHANDARA BYPASS) (N.A.) (N.A.,2021-10,815.77,,815.77,595.83,2024-01,,2024-12,89.07,ongoing_census,2024-06
N24001798,4L MITIGATION MEASURE STRUCTURES ON CH/MH BORDER TO WAINGANGA BRIDGE SECTION OF NH-53,ROAD TRANSPORT AND HIGHWAYS,Maharashtra,NHAI,2021-02,540.21,,540.21,406.81,2023-11,,2024-08,93.98,ongoing_census,2024-06
N24001799,4L OF NAGPUR-KATOL SECTION FROM KM. 13.00 TO KM. 62.900 OF NH-353J,ROAD TRANSPORT AND HIGHWAYS,Maharashtra,N.A.,2021-02,1166.96,,1251.0,1011.47,2023-10,,2024-12,78.72,ongoing_census,2024-06
N24001803,4L OF AKOLA - MEDSHI FROM KM. 0.00 TO KM. 47.70 OF NH-161 INCLUDING BYPASSES AT PATUR AND MEDSHI,ROAD TRANSPORT AND HIGHWAYS,Maharashtra,NHAI,,1393.95,1393.95,576.0,527.13,2022-11,2023-09,2023-09,86.0,ongoing_census,2024-06
N24001804,BAL. WORKS OF FAGNE (KM. 510.000) TO MAHARASHTRA/GUJARAT BORDER (KM. 650.794),ROAD TRANSPORT AND HIGHWAYS,Maharashtra,Jun-24,,1654.07,,980.0,835.19,2022-09,2024-06,2024-06,91.76,ongoing_census,2024-06
N24001805,4L OF AUSA-CHAKUR SECTION FROM KM 55.835 TO KM 114.345 OF NH-361,ROAD TRANSPORT AND HIGHWAYS,Maharashtra,NHAI,,1169.04,,1693.95,841.84,2021-03,2023-06,2024-04,99.2,ongoing_census,2024-06
N24001806,CHAKUR LOHA SECTION OF NH-361 FROM KM 114.600 TO KM 187.80,ROAD TRANSPORT AND HIGHWAYS,Maharashtra,Jun-23,,1241.38,,2122.64,965.1,2023-03,2023-06,2024-04,96.5,ongoing_census,2024-06
N24001807,MEDSHI (KM 47.700) TO WASHIM (KM 92.200) OF NH-161 IN MAHARASHTRA,ROAD TRANSPORT AND HIGHWAYS,Maharashtra,NHAI,2018-02,1061.29,1061.29,683.1,685.97,2021-10,2023-05,2023-05,97.0,ongoing_census,2024-06
N24001834,4L OF RATNAGIRI - KOLHAPUR SECTION FROM KM 67.140 TO KM 112.340 OF NH- 166 (PKG ? II),ROAD TRANSPORT AND HIGHWAYS,Maharashtra,NHAI,2023-05,839.0,,839.0,372.57,2025-05,,2025-05,33.5,ongoing_census,2024-06
N24001835,4L OF RATNAGIRI - KOLHAPUR SECTION FROM KM 112.340 TO KM 145.300 OF NH- 166 (PKG?III),ROAD TRANSPORT AND HIGHWAYS,Maharashtra,NHAI,2023-05,986.0,,986.0,336.65,2025-05,,2025-05,34.34,ongoing_census,2024-06
N24001880,REHABILITATION AND UP-GRADATION TO 4 LANE ROAD WITH PAVED SHOULDER CONFIGURATION OF SECTION FROM UND,ROAD TRANSPORT AND HIGHWAYS,Maharashtra,N.A.,,778.18,,778.18,135.78,2025-07,,2025-07,27.35,ongoing_census,2024-06
N24001881,REHABLITATION AND UPGRADATION OF AMBOLI JUNCTION (DESIGN CH. 71+530) TO AJARA (DESIGN CH.100+835) SE,ROAD TRANSPORT AND HIGHWAYS,Maharashtra,MoRTH,,574.0,,574.0,574.0,2024-11,,2024-11,0.0,ongoing_census,2024-06
N24001882,CONSTRUCTION OF NEW FOUR LANE BYPASS TO PARBHANI CITY (PARWA TO ASOLA) KM 463/265 TO KM 481/180 (DES,ROAD TRANSPORT AND HIGHWAYS,Maharashtra,N.A.,2022-03,496.64,,496.64,,2024-10,,2024-10,8.0,ongoing_census,2024-06
N24001883,CONSTRUCTION OF 4 LANE FLYOVER AT NAGPUR RTO CHOWK TO NAGPUR UNIVERSITY CAMPUS FROM CH 2/250 TO 5/10,ROAD TRANSPORT AND HIGHWAYS,Maharashtra,MoRTH,,478.83,,478.83,233.48,2024-03,,2024-04,65.0,ongoing_census,2024-06
N24001884,REHABILITATION AND UPGRADATION OF SATANA TO MANGRUL (CHANDWAD) SECTION OF NH752 G DESIGN CH: KM 64.0,ROAD TRANSPORT AND HIGHWAYS,Maharashtra,N.A.,,428.8,,428.8,54.11,2025-05,,2025-05,30.69,ongoing_census,2024-06
N24001885,REHABILITATION AND UP-GRADATION OF JINTUR- SHIRAD SHAHAPUR SECTION KM 258.300 TO KM 306.300 [DESIGN,ROAD TRANSPORT AND HIGHWAYS,Maharashtra,MoRTH,,414.81,,414.81,,2024-12,,2024-12,0.0,ongoing_census,2024-06
N24001886,DEVELOPMENT/WIDENING OF TALEGAON ? CHAKAN ? SHIKRAPUR ? NHAVARA SECTION OF NH 548DG (NHAVARA TO CHOU,ROAD TRANSPORT AND HIGHWAYS,Maharashtra,MoRTH,2022-10,304.68,,304.68,97.09,2024-08,,2024-08,58.78,ongoing_census,2024-06
N24001887,REHABILITATION AND UPGRADATION OF BHOKARDAN TO KUMBHARI FATA DESIGN CH. (KM 13+500 TO 17+00) AND RAJ,ROAD TRANSPORT AND HIGHWAYS,Maharashtra,MoRTH,,291.37,,291.37,102.94,2024-06,,2024-06,78.44,ongoing_census,2024-06
N24001888,"UP-GRADATION OF TIRORA-GONDIA, STATE HIGHWAY FROM EXISTING KM 163+213 (ON SH-335, TIRORA) TO KM 191+",ROAD TRANSPORT AND HIGHWAYS,Maharashtra,N.A.,2021-08,288.14,,288.14,63.01,2023-04,,2024-05,46.31,ongoing_census,2024-06
N24001889,2 LANE + PS PIMPLNER TO SATANA - [DESIGN CHAINAGE KM 21.427 TO 64.00 ] OF NH-752G],ROAD TRANSPORT AND HIGHWAYS,Maharashtra,MoRTH,,277.81,,277.81,148.68,2021-07,,2023-12,90.0,ongoing_census,2024-06
N24001890,REHABILITATION AND UPGRADATION OF PARLI TO SIRSALA SECTION OF NH-361F (KM 136+700 TO 115+000) (LENGT,ROAD TRANSPORT AND HIGHWAYS,Maharashtra,N.A.,,261.82,,261.82,70.59,2024-12,,2024-12,46.0,ongoing_census,2024-06
N24001891,BALANCE WORK OF REHABILITATION AND UP-GRADATION TO NH-166F FROM MAHAD JUNCTION (AT KM 123/400 ON NH-,ROAD TRANSPORT AND HIGHWAYS,Maharashtra,MoRTH,,256.54,,256.54,80.1,2023-11,,2024-03,59.66,ongoing_census,2024-06
N24001892,REHABILITATION AND UPGRADATION OF SHIRAPUR JUNCTION TO SHIVAJI CHOWK (DESIGN CHAINAGE KM. 130+00 TO,ROAD TRANSPORT AND HIGHWAYS,Maharashtra,N.A.,,245.61,,245.61,43.39,2024-12,,2024-12,32.5,ongoing_census,2024-06
N24001893,SHEWALI (SAKRI) - NANDURBAR (MoRTH),ROAD TRANSPORT AND HIGHWAYS,Maharashtra,N.A.) (N.A.,2022-09,232.59,,232.59,97.7,2024-04,,2024-07,77.64,ongoing_census,2024-06
N24001894,2 LANE + PS ASTHAMODE - TIVATYAL [DESIGN CH. KM 24.300 - 62.00] [KM 134.98- 172.95 OF NH-63],ROAD TRANSPORT AND HIGHWAYS,Maharashtra,MoRTH,2019-09,228.82,,228.82,144.54,2021-07,,2023-12,95.44,ongoing_census,2024-06
N24001895,REHABILATION AND UPGRADATION TO TWO LANES WITH PAVED SHOULDER CONFIGURATION FROM WATUR TO CHARTHANA,ROAD TRANSPORT AND HIGHWAYS,Maharashtra,MoRTH,,228.01,,228.01,103.01,2023-09,,2023-12,99.0,ongoing_census,2024-06
N24001896,UPGRADATIOBN AND REHABILITATION OF SECTION OF NH 361 F FROM PARLI (00/000) TO GANGAKHED (30/400) TO,ROAD TRANSPORT AND HIGHWAYS,Maharashtra,N.A.,,224.44,,224.44,75.34,2023-09,,2024-04,45.63,ongoing_census,2024-06
N24001902,REHABILITATION AND UP-GRADATION OF SABALKHED TO ASHTI SECTION FROM KM 37+900 TO KM 55+100 AND CHINCH,ROAD TRANSPORT AND HIGHWAYS,Maharashtra,MoRTH,,213.32,,213.32,20.0,2024-09,,2024-09,34.0,ongoing_census,2024-06
N24001903,REHABILITATION AND UP-GRADATION OF MUDKHED TO NANDED SECTION FROM KM. 372+000 TO KM 388+400 OF NH 16,ROAD TRANSPORT AND HIGHWAYS,Maharashtra,N.A.,,206.54,,206.54,21.36,2025-04,,2025-04,10.0,ongoing_census,2024-06
N24001904,KOPARGAON TO SAVALI VIHIR SECTION,ROAD TRANSPORT AND HIGHWAYS,Maharashtra,N.A.) (N.A.,2022-09,195.38,,195.38,29.59,2024-07,,2024-07,19.76,ongoing_census,2024-06
N24001905,"CONSTRUCTION OF MAJOR BRIDGE ACROSS MANJRA RIVER NEAR YESGI VILLAGE @ KM, 166/500 ON NH 63 TQ BILOLI",ROAD TRANSPORT AND HIGHWAYS,Maharashtra,N.A.,2021-10,188.69,,188.69,111.26,2023-08,,2023-12,95.8,ongoing_census,2024-06
N24001906,UP-GRADATION TO 4 LANING OF DAULTABAD T-POINT TO MALIWADA [FROM DESIGN KM.0.000 TO KM 4.000] AND UPG,ROAD TRANSPORT AND HIGHWAYS,Maharashtra,MoRTH,2022-08,185.59,,185.59,63.56,2024-03,,2024-03,48.0,ongoing_census,2024-06
N24001907,"CONSTRUCTION OF SIX LANE FLYOVER AT KATRAJ JUNCTION AT KM, 3/880 OF NH 548-DD (VADGAON - KATRAJ - KO",ROAD TRANSPORT AND HIGHWAYS,Maharashtra,MoRTH,2021-06,169.15,,169.15,36.94,2024-02,,2024-03,35.96,ongoing_census,2024-06
N24001908,UPGRADATION OF EXHISTING 2 LANE FLEXIBLE PAVEMENT TO 2 LANE PAVED SHOULDERS RIGID PAVEMENT FROM DESI,ROAD TRANSPORT AND HIGHWAYS,Maharashtra,MoRTH,2021-12,167.97,,167.97,35.28,2024-05,,2024-05,36.76,ongoing_census,2024-06
N24001909,"STRENGTHING AND WIDINING OF EXISTING CARRIAGEWAY TO 10 M IN KM, 156/160 TO 229/160 (TEMBHURNI - KUSL",ROAD TRANSPORT AND HIGHWAYS,Maharashtra,N.A.,2021-11,157.72,,157.72,55.38,2024-06,,2024-06,90.41,ongoing_census,2024-06
N24001910,REHABILITATION AND UPGRADATION OF JAMKHED TO SAUTADA SECTION OF NH548 D (FROM KM 195.375 TO KM 208.7,ROAD TRANSPORT AND HIGHWAYS,Maharashtra,MoRTH,,157.62,,157.62,13.86,2024-07,,2024-07,17.03,ongoing_census,2024-06
N24001911,PANGAON TO DHARMAPURI AND PARALI TO INJEGAON 2L+PS,ROAD TRANSPORT AND HIGHWAYS,Maharashtra,N.A.,2018-03,152.03,,152.03,81.35,2024-07,,2023-12,97.57,ongoing_census,2024-06
N24002071,4L OF INDORA CHOWK TO PACHPAOLI AND AGRASEN CHOWK - ASHOKA CHOWK,ROAD TRANSPORT AND HIGHWAYS,Maharashtra,NHAI,2023-03,998.27,,998.27,76.66,2026-06,,2026-06,10.5,ongoing_census,2024-06
N24002072,IMPROVEMENT OF EXISTING ALIGNMENT OF PANDHARPUR TOWN PART BYPASSED SECTION FROM WAKHARI TO LORD VITT,ROAD TRANSPORT AND HIGHWAYS,Maharashtra,N.A.) (150.21,2022-07,150.21,150.21,150.21,10.39,2025-10,,2025-10,15.1,ongoing_census,2024-06
N24002137,STRENGTHENING OF 6-LANE PIMPALGAON-NASHIK-GONDE (KM. 380 - KM. 440) SECTION OF NH-3 IN MAHARASHTRA U,ROAD TRANSPORT AND HIGHWAYS,Maharashtra,NHAI,2024-02,175.0,,175.0,,2025-03,,2025-03,3.0,ongoing_census,2024-06
N28000086,MUMBAI METRO LINE 3 (COLABA-BANDRA- SEEPZ) (MMRCL),URBAN DEVELOPMENT,Maharashtra,,2013-07,23136.0,,37276.0,23687.33,2020-03,,2023-12,87.2,ongoing_census,2024-06
N28000121,PUNE METRO RAIL PROJECT (PHASE 1),URBAN DEVELOPMENT,Maharashtra,MMRC,2016-12,11420.0,13656.22,13656.22,12230.51,2021-11,2024-08,2024-08,99.7,ongoing_census,2024-06
N28000155,NAGPUR METRO RAIL PROJECT PHASE II (NMRCL),URBAN DEVELOPMENT,Maharashtra,N.A.,,6708.0,,6708.0,171.22,2027-12,,2027-12,8.5,ongoing_census,2024-06
N28000157,PCMC NIGDI PROJECT EXTENSION OF CORRIDOR 1 OF PUNE METRO PHASE 1,URBAN DEVELOPMENT,Maharashtra,MMRC,,910.18,,910.18,,2027-01,,2027-01,1.25,ongoing_census,2024-06
N30000001,PROTECTION OF MAJULI ISLAND FROM FLOOD AND EROSION OF RIVER BRAHMAPUTRA,WATER RESOURCES,Maharashtra,BPB,2017-03,233.57,,233.57,217.42,2019-12,2024-08,2023-12,0.0,ongoing_census,2024-06
N04000100,"CONSTRUCTION OF NEW INTEGRATED TERMINAL BUILDING, CONTROL TOWER CUM TECHNICAL BLOCK, APRON, LINK TAX",CIVIL AVIATION,Manipur,AAI,2021-11,499.0,,499.0,95.59,2024-07,2025-03,2025-03,31.48,ongoing_census,2024-06
220100288,JIRIBAM TO IMPHAL (TUPUI)(NL)(NEFR),RAILWAYS,Manipur,NFR,2003-04,4454.17,12274.06,19602.68,14579.53,2011-03,2026-12,2026-12,79.0,ongoing_census,2024-06
N24001270,2-LANING OF CHURACHANDPUR TUIVAI SECTION OF NH-102B (PKG- 2A),ROAD TRANSPORT AND HIGHWAYS,Manipur,N.A.,2020-03,292.24,,292.24,127.86,2022-06,2023-12,2024-12,85.33,ongoing_census,2024-06
N24001271,2-LANING OF CHURACHANDPUR TUIVAI SECTION OF NH-102B (PKG- 2B),ROAD TRANSPORT AND HIGHWAYS,Manipur,NHIDCL,2020-06,365.53,,365.53,156.31,2022-08,,2024-12,77.36,ongoing_census,2024-06
N24001272,2-LANING OF CHURACHANDPUR TUIVAI SECTION OF NH-102B (PKG- 4A),ROAD TRANSPORT AND HIGHWAYS,Manipur,NHIDCL,2020-03,167.95,204.12,167.95,88.05,2022-06,,2024-12,69.89,ongoing_census,2024-06
N24001273,2-LANING OF CHURACHANDPUR TUIVAI SECTION OF NH-102B (PKG- 4B),ROAD TRANSPORT AND HIGHWAYS,Manipur,NHIDCL,2020-07,177.76,,177.76,89.67,2022-08,,2024-12,80.53,ongoing_census,2024-06
N24001274,IMPROVEMENT/UPGRADATION OF EXISTING 2-LANE TO 4-LANE DIVIDED HIGHWAY FROM TAPHOU KUKI TO DAILI SECTI,ROAD TRANSPORT AND HIGHWAYS,Manipur,N.A.,2020-08,379.39,,379.39,189.78,2022-04,,2025-08,45.88,ongoing_census,2024-06
N24001275,IMPROVEMENT/UPGRADATION OF EXISTING 2-LANE TO 4-LANE DIVIDED HIGHWAY FROM DAILI TO KURAOPOKPI SECTIO,ROAD TRANSPORT AND HIGHWAYS,Manipur,NHIDCL,2020-08,268.98,,268.98,22.08,2022-04,,2025-12,0.0,ongoing_census,2024-06
N24001276,IMPROVEMENT/UPGRADATION OF EXISTING 2-LANE TO 4-LANE DIVIDED HIGHWAY FROM KURAOPOKPI TO SEKMAI SECTI,ROAD TRANSPORT AND HIGHWAYS,Manipur,N.A.,2020-08,228.97,,228.97,,2022-04,,2025-12,0.0,ongoing_census,2024-06
N24001349,MARIAM - PEREN PKG-1A (NHIDCL),ROAD TRANSPORT AND HIGHWAYS,Manipur,N.A.) (N.A.,2021-02,226.32,,226.32,82.9,2022-12,,2025-02,59.07,ongoing_census,2024-06
N24001350,MARIAM - PEREN (PKG 1B) (NHIDCL),ROAD TRANSPORT AND HIGHWAYS,Manipur,N.A.) (N.A.,2021-02,188.36,,188.36,115.84,2022-12,,2024-09,92.36,ongoing_census,2024-06
N24001351,MARIAM - PEREN PKG-2B (NHIDCL),ROAD TRANSPORT AND HIGHWAYS,Manipur,N.A.) (N.A.,2021-02,232.26,,232.26,156.93,2022-12,,2024-03,100.0,ongoing_census,2024-06
N24001352,IMPHAL ? MOREH PACKAGE- 3,ROAD TRANSPORT AND HIGHWAYS,Manipur,N.A.) (N.A.,2021-03,259.31,,259.31,144.94,2022-12,,2024-08,99.7,ongoing_census,2024-06
N24001353,IMPHAL - KHONGSANG PKG-2 (NHIDCL),ROAD TRANSPORT AND HIGHWAYS,Manipur,Nov-23) (N.A.,2021-03,195.14,,195.14,59.99,2022-12,2023-11,2025-02,49.8,ongoing_census,2024-06
N24001354,TAMENGLONG - MAHUR PKG-3 (NHIDCL),ROAD TRANSPORT AND HIGHWAYS,Manipur,N.A.) (N.A.,2021-03,234.08,,234.08,139.45,2022-12,,2024-12,90.15,ongoing_census,2024-06
N24001398,MARIAM - PEREN (PKG 2A) (NHIDCL),ROAD TRANSPORT AND HIGHWAYS,Manipur,N.A.,2021-07,204.58,,204.58,126.78,2023-03,,2023-03,100.0,ongoing_census,2024-06
N24001399,IMPHAL ? MOREH (PACKAGE 4) (NHIDCL),ROAD TRANSPORT AND HIGHWAYS,Manipur,N.A.) (N.A.,2021-03,277.99,,277.99,146.35,2023-01,,2024-05,100.0,ongoing_census,2024-06
N24001400,SENAPATI- IMPHAL PKG-5B (NHIDCL),ROAD TRANSPORT AND HIGHWAYS,Manipur,N.A.) (N.A.,2021-03,211.7,,211.7,28.99,2023-01,,2025-08,26.67,ongoing_census,2024-06
N24001401,IMPHAL - KHONGSANG PKG-3 (NHIDCL),ROAD TRANSPORT AND HIGHWAYS,Manipur,Feb-24) (N.A.,2021-07,467.0,,467.0,181.65,2023-03,2024-02,2024-12,74.0,ongoing_census,2024-06
N24001402,TAMENGLONG - MAHUR PKG-1 (NHIDCL),ROAD TRANSPORT AND HIGHWAYS,Manipur,Oct-23) (N.A.,2021-07,185.8,,185.8,112.31,2023-03,2023-10,2024-10,92.65,ongoing_census,2024-06
N24001403,TAMENGLONG - MAHUR PKG-2 (NHIDCL),ROAD TRANSPORT AND HIGHWAYS,Manipur,N.A.,2021-07,483.87,,483.87,278.89,2023-03,2024-05,2024-12,91.03,ongoing_census,2024-06
N24001404,TAMENGLONG - MAHUR PKG-4 (NHIDCL),ROAD TRANSPORT AND HIGHWAYS,Manipur,Sep-23) (N.A.,2021-07,198.77,,198.77,100.53,2023-03,2023-09,2024-10,85.12,ongoing_census,2024-06
N24001405,CHURACHANPUR TUIVAI PKG-3 (NHIDCL),ROAD TRANSPORT AND HIGHWAYS,Manipur,Feb-24) (N.A.,2021-07,673.27,,673.27,339.37,2023-10,2024-02,2025-06,72.16,ongoing_census,2024-06
N24001436,TAMENGLONG - MAHUR PKG-5 (NHIDCL),ROAD TRANSPORT AND HIGHWAYS,Manipur,Dec-23) (N.A.,2021-08,477.86,,477.86,227.05,2023-05,2023-12,2024-12,80.1,ongoing_census,2024-06
N24001437,TAMENGLONG - MAHUR PKG-6 (NHIDCL),ROAD TRANSPORT AND HIGHWAYS,Manipur,N.A.,2021-09,311.18,,311.18,171.57,2023-05,2023-10,2025-01,72.5,ongoing_census,2024-06
N24001439,MARAM - PEREN PKG-3 (NHIDCL),ROAD TRANSPORT AND HIGHWAYS,Manipur,N.A.) (N.A.,2021-08,467.41,,467.41,232.43,2023-05,,2024-10,90.03,ongoing_census,2024-06
N24001453,IMPHAL - KHONGSANG PKG-4 (NHIDCL),ROAD TRANSPORT AND HIGHWAYS,Manipur,N.A.) (N.A.,2021-08,579.63,,579.63,127.47,2023-12,,2025-02,51.62,ongoing_census,2024-06
N24001473,CONSTRUCTION OF 2-LANING WITH HARD SHOULDER ROAD OF UKHRUL - TOLOI - TADUBI SECTION OF NH-102A FROM,ROAD TRANSPORT AND HIGHWAYS,Manipur,NHIDCL,2021-09,310.76,,310.76,110.92,2024-02,,2025-04,74.16,ongoing_census,2024-06
N24001538,IMPHAL - KHONGSANG PKG-5,ROAD TRANSPORT AND HIGHWAYS,Manipur,N.A.) (N.A.,2021-12,410.68,,410.68,102.2,2024-05,,2025-03,50.78,ongoing_census,2024-06
N24001539,IMPHAL - KHONGSANG PKG-6 (NHIDCL),ROAD TRANSPORT AND HIGHWAYS,Manipur,N.A.,2021-12,504.76,,504.76,95.59,2025-02,,2025-11,40.68,ongoing_census,2024-06
N24001540,AKASH BRIDGE - JESSAMI SECTION PKG-2 (NHIDCL),ROAD TRANSPORT AND HIGHWAYS,Manipur,N.A.) (N.A.,,152.11,,152.11,50.01,2025-02,,2025-02,67.57,ongoing_census,2024-06
N24001974,CONSTRUCTION OF 2-LANING WITH HARD SHOULDER ROAD OF UKHRUL - TOLOI - TADUBI SECTION OF NH-102A FROM,ROAD TRANSPORT AND HIGHWAYS,Manipur,NHIDCL,2021-09,315.56,,315.56,53.46,2025-01,,2025-01,43.27,ongoing_census,2024-06
N24002028,LMPHAL TO JIRIBAM PKG-7,ROAD TRANSPORT AND HIGHWAYS,Manipur,N.A.) (N.A.,2023-01,760.16,,760.16,63.8,2025-12,,2025-12,27.18,ongoing_census,2024-06
N24002131,UKHRUL TOLOI TADUBI PKG-2 (NHIDCL),ROAD TRANSPORT AND HIGHWAYS,Manipur,N.A.,2023-03,578.98,,578.98,38.52,2026-02,,2026-02,18.05,ongoing_census,2024-06
N42000001,CONSTRUCTION AND DEVELOPMENT OF NATINAL INSTITUTE OF TECHNOLOGY MEGHALAYA PERMANENT CAMPUS AT SOHRA,DEPARTMENT OF HIGHER EDUCATION,Meghalaya,RITES OF HIGHER,,484.32,429.7,429.7,269.55,2014-09,2024-07,2024-07,71.8,ongoing_census,2024-06
N12000103,"CONSTRUCTION OF INTERNATIONAL CENTRE FOR PERFORMING ARTS AND CULTURE,SHILONG IN MEGALAYA UNDER NLCPR",DONER,Meghalaya,N.A.,2014-04,151.33,,151.33,148.33,2017-09,,2017-09,98.5,ongoing_census,2024-06
N22000205,NEW BG LINE FROM BYRNIHAT TO SHILLONG,RAILWAYS,Meghalaya,NFR,2010-04,906.46,1202.33,8324.28,269.8,2021-03,,2021-03,2.0,ongoing_census,2024-06
N24000771,WIDENING TO 2-LANE WITH GEOMETRIC IMPROVEMENTS OF TURA DALU ROAD UNDER JICA FUNDING FROM KM 85.000 T,ROAD TRANSPORT AND HIGHWAYS,Meghalaya,Jul-23) (610.09,2017-04,553.51,610.09,553.51,339.78,2021-09,2023-07,2024-12,66.52,ongoing_census,2024-06
N24000903,IMPROVEMENT/WIDENING TO 2-LANE WITH EARTHEN SHOULDERS FROM RANIKOR TO NONGJRI EXISTING CHAINAGE FROM,ROAD TRANSPORT AND HIGHWAYS,Meghalaya,NHIDCL,2019-03,306.28,,306.28,233.31,2022-03,2023-12,2023-12,100.0,ongoing_census,2024-06
N24001313,IMPROVEMENT/WIDENING TO 2-L WITH PAVED SHOULDER FROM (DESIGN KM 0.00 TO KM 10.670) / 4-LANING FROM (,ROAD TRANSPORT AND HIGHWAYS,Meghalaya,NHIDCL,2020-11,351.12,,351.12,210.36,2023-12,2025-10,2025-10,19.55,ongoing_census,2024-06
N24001314,IMPROVEMENT/WIDENING TO 2-LANE WITH PAVED SHOULDER FROM (DESIGN KM 10.670 TO KM 37.550) BETWEEN SHIL,ROAD TRANSPORT AND HIGHWAYS,Meghalaya,NHIDCL,2020-11,525.68,,525.68,368.59,2023-12,,2026-08,5.9,ongoing_census,2024-06
N24001334,IMPROVEMENT/WIDENING TO 2-LANE WITH PAVED SHOULDER FROM (DESIGN KM 45.760 TO KM 63.530) BETWEEN SHIL,ROAD TRANSPORT AND HIGHWAYS,Meghalaya,N.A.,2020-11,445.51,,445.51,191.35,2023-12,,2026-04,0.6,ongoing_census,2024-06
N24001335,IMPROVEMENT/WIDENING TO 2-LANE WITH PAVED SHOULDER / 4-LANING FROM (DESIGN KM 63.530 TO KM 71.520) B,ROAD TRANSPORT AND HIGHWAYS,Meghalaya,NHIDCL,2020-11,284.21,,284.21,45.46,2023-12,,2026-11,0.0,ongoing_census,2024-06
N24001339,RANIKOR-MAHESHKHOLA- BAGHMARA,ROAD TRANSPORT AND HIGHWAYS,Meghalaya,RMB) PKG-4 (KANAI-RONGARA) (Jun-24) (146.92,2020-10,157.86,146.92,157.86,142.64,2022-04,2024-06,2024-12,97.49,ongoing_census,2024-06
N24001360,RANIKOR-MAHESHKHOLA- BAGHMARA,ROAD TRANSPORT AND HIGHWAYS,Meghalaya,RMB) PKG-3 (Jun-24) (N.A.,2021-03,260.21,,260.21,195.81,2022-12,2024-06,2024-11,86.38,ongoing_census,2024-06
N24001441,REHABILITATION AND UPGRADATION OF NONGSTOIN TO WAHKAJI SECTION OF PROJECT ROAD KM 0.000 TO KM 43.06,ROAD TRANSPORT AND HIGHWAYS,Meghalaya,Aug-24,,302.88,,302.88,209.13,2022-02,2024-08,2024-08,90.76,ongoing_census,2024-06
N24001474,REHABITITATION AND UP GRADATION OF NONGSTOIN-RAMBRAI-KYRSHAI ROAD UP TO MEGHALAYA-ASSAM BORDER FROM,ROAD TRANSPORT AND HIGHWAYS,Meghalaya,NHIDCL,,359.86,,359.86,215.06,2024-05,,2024-12,77.5,ongoing_census,2024-06
N24001541,RANIKOR- MAHESHKHOLA- BAGHMARA PKG-2,ROAD TRANSPORT AND HIGHWAYS,Meghalaya,NHIDCL,2021-11,283.5,,283.5,195.48,2024-06,,2024-12,70.19,ongoing_census,2024-06
N22000100,"BHAIRABI SAIRONG, NL, NEFR (NFR)",RAILWAYS,Mizoram,,2008-04,2393.47,5021.45,8605.0,7361.87,2014-03,,2025-07,93.0,ongoing_census,2024-06
N24000857,WIDENING AND UP-GRADATION TO 2- LANE WITH PAVED SHOULDER CONFIGURATION AND GEOMETRIC IMPROVEMENTS FRO,ROAD TRANSPORT AND HIGHWAYS,Mizoram,Mar-24) (785.65,,519.09,785.65,785.65,644.3,2023-04,2024-03,2024-11,88.0,ongoing_census,2024-06
N24000858,WIDENING AND UP-GRADATION TO 2- LANE WITH PAVED SHOULDER CONFIGURATION AND GEOMETRIC IMPROVEMENTS FRO,ROAD TRANSPORT AND HIGHWAYS,Mizoram,NHIDCL,,640.07,990.88,1286.35,1189.51,2023-07,2024-05,2024-07,99.0,ongoing_census,2024-06
N24000859,WIDENING AND UP-GRADATION TO 2- LANE WITH PAVED SHOULDER CONFIGURATION AND GEOMETRIC IMPROVEMENTS FRO,ROAD TRANSPORT AND HIGHWAYS,Mizoram,Mar-24) (988.23,,642.96,988.23,988.23,723.15,2023-06,2024-03,2024-03,99.5,ongoing_census,2024-06
N24000861,WIDENING AND UP-GRADATION TO 2- LANE WITH PAVED SHOULDER CONFIGURATION AND GEOMETRIC IMPROVEMENTS FRO,ROAD TRANSPORT AND HIGHWAYS,Mizoram,NHIDCL,,473.18,688.25,688.25,508.98,2023-04,2023-11,2024-12,83.5,ongoing_census,2024-06
N24000862,WIDENING AND UP-GRADATION TO 2- LANE WITH PAVED SHOULDER CONFIGURATION AND GEOMETRIC IMPROVEMENTS FRO,ROAD TRANSPORT AND HIGHWAYS,Mizoram,Oct-23) (789.05,,537.82,789.05,789.05,740.81,2023-04,2023-10,2024-12,90.0,ongoing_census,2024-06
N24000863,WIDENING AND UP-GRADATION TO 2- LANE WITH PAVED SHOULDER CONFIGURATION AND GEOMETRIC IMPROVEMENTS FRO,ROAD TRANSPORT AND HIGHWAYS,Mizoram,NHIDCL,,518.53,906.76,906.76,777.33,2023-06,2024-02,2024-12,87.0,ongoing_census,2024-06
N24000864,WIDENING AND UP-GRADATION TO 2- LANE WITH PAVED SHOULDER CONFIGURATION AND GEOMETRIC IMPROVEMENTS FRO,ROAD TRANSPORT AND HIGHWAYS,Mizoram,NHIDCL,,404.29,750.32,750.32,575.5,2024-04,2024-07,2024-12,82.0,ongoing_census,2024-06
N24000865,WIDENING AND UP-GRADATION TO 2- LANE WITH PAVED SHOULDER CONFIGURATION AND GEOMETRIC IMPROVEMENTS FRO,ROAD TRANSPORT AND HIGHWAYS,Mizoram,NHIDCL,,428.11,746.39,746.39,567.8,2023-09,2024-05,2024-12,87.0,ongoing_census,2024-06
N24001277,CONSTRUCTION OF CHHIATHLANG - SERCHHIP BYPASS (PKG-1) ON AIZAWL- TUIPANG SECTION OF NH-54,ROAD TRANSPORT AND HIGHWAYS,Mizoram,NHIDCL,,275.02,247.25,247.25,231.19,2022-10,2024-04,2024-06,99.73,ongoing_census,2024-06
N24001278,CONSTRUCTION OF TWO LANE WITH PAVED SHOULDER OF SELLING-DULTE SECTION OF NH-06 (PKG-I),ROAD TRANSPORT AND HIGHWAYS,Mizoram,NHIDCL,2020-03,206.88,219.33,219.33,200.75,2022-07,2024-01,2024-06,95.0,ongoing_census,2024-06
N24001281,CONSTRUCTION OF TWO LANE WITH PAVED SHOULDER OF SELLING-DULTE SECTION OF NH-06 (PKG-III),ROAD TRANSPORT AND HIGHWAYS,Mizoram,NHIDCL,2020-03,292.24,331.17,331.17,279.04,2022-07,2024-03,2024-06,88.0,ongoing_census,2024-06
N24001283,CONSTRUCTION OF TWO LANE WITH PAVED SHOULDER OF SELLING-DULTE SECTION OF NH-06 (PKG-IV),ROAD TRANSPORT AND HIGHWAYS,Mizoram,NHIDCL,2020-03,281.78,253.41,253.41,237.91,2022-07,2024-01,2024-01,100.0,ongoing_census,2024-06
N24001355,DULTE- KWALKULH - CHAMPAI PKG.1,ROAD TRANSPORT AND HIGHWAYS,Mizoram,Mar-24) (374.39,2021-03,374.39,374.39,374.39,291.91,2022-12,2024-03,2024-03,100.0,ongoing_census,2024-06
N24001356,DULTE- KWALKULH - CHAMPAI PKG.2,ROAD TRANSPORT AND HIGHWAYS,Mizoram,Apr-24) (233.25,2021-03,233.25,233.25,233.25,175.27,2022-12,2024-04,2024-04,100.0,ongoing_census,2024-06
N24001357,DULTE- KWALKULH - CHAMPAI PKG.3,ROAD TRANSPORT AND HIGHWAYS,Mizoram,Jan-24) (674.71,2021-03,674.71,674.71,674.71,589.25,2023-06,2024-01,2024-01,100.0,ongoing_census,2024-06
N24001358,TLABUNG - LUNGLEI PKG-A (NHIDCL),ROAD TRANSPORT AND HIGHWAYS,Mizoram,Dec-24) (698.45,2021-03,698.44,698.45,698.45,371.84,2022-12,2024-12,2025-12,39.0,ongoing_census,2024-06
N24001359,TLABUNG - LUNGLEI PKG-B,ROAD TRANSPORT AND HIGHWAYS,Mizoram,Dec-24) (740.58,2021-03,740.58,740.58,740.58,268.65,2023-01,2024-12,2025-12,39.0,ongoing_census,2024-06
N24001440,KEIFANG - TUVAI PKG-1,ROAD TRANSPORT AND HIGHWAYS,Mizoram,Jun-24) (492.94,2021-09,492.94,492.94,492.94,353.98,2023-05,2024-06,2025-01,84.0,ongoing_census,2024-06
N24001975,UP-GRADATION TO 2-LANE WITH PAVED SHOULDERS OF NGOPA - PAWLRANG SECTION OF NH 102B OF AIZAWL - IMPHA,ROAD TRANSPORT AND HIGHWAYS,Mizoram,NHIDCL,2021-09,523.78,,523.78,199.94,2025-02,,2026-02,30.0,ongoing_census,2024-06
N24002027,KEIFANG - TUVAI PKG-3 (NHIDCL),ROAD TRANSPORT AND HIGHWAYS,Mizoram,N.A.) (N.A.,2021-12,500.88,,500.88,107.21,2025-02,,2026-05,26.0,ongoing_census,2024-06
N06000154,NILJAI EXPANSION (DEEP) OC (3.5 MTY),COAL,Multi State,Mar-25) (319.76,2016-08,319.76,319.76,319.76,281.4,2022-03,2025-03,2025-03,98.0,ongoing_census,2024-06
N06000157,DURGAPUR EXTENSION (DEEP) OC (3.0 MTY) (WCL),COAL,Multi State,Mar-25,,328.0,,328.0,321.43,2021-03,2025-03,2025-03,96.0,ongoing_census,2024-06
N06000192,BINA KAKRI AMALGAMATION OCP 14 MTPA,COAL,Multi State,NCL,2020-08,836.42,,836.42,623.84,2024-03,,2025-03,53.2,ongoing_census,2024-06
N40000001,NATIONAL INDUSTRIAL CORRIDOR PROJECT,DPIIT,Multi State,DMIC FOR DPIIT,2011-09,20084.0,20084.0,20084.0,9718.22,2027-03,2027-03,2027-03,50.99,ongoing_census,2024-06
N16000285,KOCHI-KOOTTANAD-BANGALORE- MANGALORE PIPELINE PHASE-II,PETROLEUM,Multi State,GAIL,2009-06,2915.0,5909.0,5909.0,3889.52,2012-12,2024-11,2024-11,89.3,ongoing_census,2024-06
N16000388,SRIKAKULAM ANGUL PIPELINE PROJECT (GAIL),PETROLEUM,Multi State,N.A.,2019-09,2658.34,,2658.34,1925.58,2022-07,2024-09,2024-09,90.3,ongoing_census,2024-06
N16000391,DHAMRA HALDIA PIPELINE PROJECT (GAIL),PETROLEUM,Multi State,Mar-25) (N.A.,2020-03,1030.65,,1030.65,756.77,2022-11,2025-03,2025-03,83.4,ongoing_census,2024-06
N16000398,MUMBAI NAGPUR JHARSUGUDA PIPELINE PROJECT,PETROLEUM,Multi State,GAIL,2020-06,7844.25,,7844.25,5560.34,2023-05,2024-10,2024-10,87.5,ongoing_census,2024-06
N16000426,CGD PROJECT AT NAWADA AND KODERMA DISTRICTS,PETROLEUM,Multi State,IOCL,2019-06,169.0,,169.0,69.3,2029-12,2030-03,2030-03,17.8,ongoing_census,2024-06
N16000427,"CGD PROJECT AT SHEIKHPURA, JAMUI AND DEOGHAR DISTRICTS",PETROLEUM,Multi State,IOCL,2019-06,303.0,,303.0,195.24,2028-02,2029-08,2029-08,100.0,ongoing_census,2024-06
N16000439,NORTH EAST GAS GRID,PETROLEUM,Multi State,IGGL,2020-11,9265.0,9265.0,9265.0,5406.46,2024-03,2025-03,2025-03,81.7,ongoing_census,2024-06
N18000184,ESTABLISHMENT OF FIBER OPTIC COMMUNICATION SYSTEM IN NR UNDER FIBER OPTIC EXPANSION PROJECT (ADDITIO,POWER,Multi State,PGCIL,2015-03,197.4,,197.4,161.89,2018-03,,2024-09,96.0,ongoing_census,2024-06
N18000244,EASTERN REGION STRENTHENING SCHEME XVII( PART B),POWER,Multi State,PGCIL,2017-02,235.53,,243.74,170.26,2019-06,,2023-08,0.0,ongoing_census,2024-06
N18000249,COMPREHENSIVE SCHEME FOR THE STRENGHTENING OF THE TRANSMISSION AND DISTRIBUTION SYSTEM IN A P,POWER,Multi State,PGCIL,2014-12,4754.42,,9129.32,6453.4,2018-12,,2025-03,76.8,ongoing_census,2024-06
N18000250,NORTH EASTERN REGION POWER SYSTEM IMPROVEMENT PROJECT (NERPSIP) FOR SIX (6) STATES,POWER,Multi State,N.A.,2014-12,5111.33,,6700.0,4895.05,2018-12,,2024-12,94.8,ongoing_census,2024-06
N18000264,HVDC BIPOLE LINK BETWEEN WR AND SR -NORTH TRICHUR - SCHEME -II AC SYSTEM STRENGTHENING AT PUGALUR EN,POWER,Multi State,PGCIL,,1931.39,,2635.55,1973.12,2020-02,,2024-09,100.0,ongoing_census,2024-06
N18000316,NORTH EASTERN REGION STRENGTHENING SCHEME-XII,POWER,Multi State,N.A.,2021-05,576.42,,576.42,416.96,2023-03,,2024-08,98.0,ongoing_census,2024-06
N18000317,RELIABLE COMMUNICATION SCHEME NORTHERN REGION,POWER,Multi State,PGCIL,2018-11,241.38,,241.38,243.75,2021-11,,2024-06,100.0,ongoing_census,2024-06
N18000328,TS FOR EVACUATION OF POWER FROM PAKALDUL HEP IN CHENAB VALLEY HEPS - LTA SYSTEM,POWER,Multi State,N.A.,2022-02,318.12,,318.12,135.75,2025-04,,2025-04,82.0,ongoing_census,2024-06
N18000329,AUGMENTATION OF TRANSFORMATION CAPACITY IN SOUTHERN REGION.,POWER,Multi State,PGCIL,2022-03,176.22,,176.22,95.43,2023-03,,2024-03,100.0,ongoing_census,2024-06
N18000330,TRANSMISSION SYSTEM STRENGTHENING FOR SRINAGAR-LEH TRANSMISSION SYSTEM,POWER,Multi State,PGCIL,2022-03,288.71,,288.71,66.79,2024-12,,2024-12,37.0,ongoing_census,2024-06
N18000331,TRANSMISSION SYSTEM STRENGTHENING SCHEME FOR EVACUATION OF POWER FROM SOLAR ENERGY ZONES IN RAJASTHA,POWER,Multi State,PGCIL,2022-02,359.47,,359.47,175.17,2023-09,,2024-12,54.0,ongoing_census,2024-06
N18000332,TRANSMISSION SYSTEM STRENGTHENING SCHEME FOR EVACUATION OF POWER FROM SOLAR ENERGY ZONES IN RAJASTHA,POWER,Multi State,PGCIL,2022-05,1666.0,,1666.0,1189.62,2023-11,,2024-12,79.0,ongoing_census,2024-06
N18000337,TRANSMISSION NETWORK EXPANSION IN GUJARAT TO INCREASE ATC FROM ISTS: PART B,POWER,Multi State,PGCIL,,4546.26,,4546.26,1964.25,2023-06,,2024-12,56.0,ongoing_census,2024-06
N18000338,TRANSMISSION NETWORK EXPANSION IN GUJARAT TO INCREASE ATC FROM ISTS: PART C,POWER,Multi State,PGCIL,,186.19,,186.19,15.31,2025-03,,2025-03,23.0,ongoing_census,2024-06
N18000339,RELIABLE COMMUNICATION SCHEME SOUTHERN REGION,POWER,Multi State,PGCIL,2018-11,173.94,,173.94,130.76,2021-11,,2023-06,100.0,ongoing_census,2024-06
N18000341,POWERGRID NEEMUCH TRANSMISSION SYSTEM LIMITED,POWER,Multi State,PGCIL,2022-08,863.99,,863.99,547.13,2024-02,,2024-03,100.0,ongoing_census,2024-06
N18000343,SYSTEM STRENGTHENING SCHEME FOR EASTERN AND NORTH EASTERN REGION,POWER,Multi State,PGCIL,,307.87,,307.87,53.31,2025-10,,2025-10,50.0,ongoing_census,2024-06
N18000352,TRANSMISSION SYSTEM FOR KURNOOL WIND ENERGY ZONE SOLAR ENERGY ZONE (AP) PART-A PART B,POWER,Multi State,PGCIL,2023-03,3546.94,,3546.94,834.14,2024-11,,2024-11,32.0,ongoing_census,2024-06
N18000353,ER WR TRANSMISSION LIMITED,POWER,Multi State,N.A.) (N.A.,2023-03,281.16,,281.16,16.14,2025-03,,2025-03,23.0,ongoing_census,2024-06
N22000134,CHHAPRA-BALLIA UP,RAILWAYS,Multi State,N.A.) (954.00,2013-03,295.0,954.0,954.0,963.18,2019-01,,2025-02,92.0,ongoing_census,2024-06
N22000138,CHOTTAUDEPUR-DHAR(NL),RAILWAYS,Multi State,WR,2007-04,1347.26,1793.63,1793.63,1414.28,2022-03,2026-12,2026-12,58.0,ongoing_census,2024-06
N22000139,"DAHOD-INDORE VIA SARDARPUR, JHABUA AND DHAR (NL)",RAILWAYS,Multi State,WR,2007-04,1640.04,1873.1,2873.11,1876.45,2022-03,2028-02,2028-02,58.0,ongoing_census,2024-06
N22000148,GWALIOR-SEOPURKALA WITH EXTENSION TO KOTA (GC),RAILWAYS,Multi State,NCR,2011-04,2912.96,,3845.6,1024.32,2022-03,,2024-12,0.0,ongoing_census,2024-06
N22000158,DHOLPUR-SIRMUTTRA WITH EXTENSION TO GANGAPURCITY AND MOHARI- TANTPUR AND TANPUR-BANSI PAHARPUR,RAILWAYS,Multi State,NCR,2010-04,2030.5,746.83,746.83,53.74,,2026-12,2026-12,17.0,ongoing_census,2024-06
N22000183,NEW BONGAIGAON-RANGIA-KAMAKGHYA DOUBLING,RAILWAYS,Multi State,N.A.,2013-04,1798.0,,2832.35,2807.77,2019-03,,2024-08,85.0,ongoing_census,2024-06
N22000206,NEW BG LINE FROM BALURGHAT TO HILLY NFR,RAILWAYS,Multi State,NFR,2010-04,242.22,,1208.73,386.64,2020-03,,2027-03,5.0,ongoing_census,2024-06
N22000207,NEW BG LINE FROM JAGBANI TO BIRATNAGAR,RAILWAYS,Multi State,NFR,2010-04,241.52,,401.65,343.3,,,2023-03,85.42,ongoing_census,2024-06
N22000208,MURKONGSELEK-PASIGHAT NL,RAILWAYS,Multi State,N.A.) (N.A.,2011-04,414.84,,1265.16,525.85,2020-03,,2025-03,28.0,ongoing_census,2024-06
N22000215,MADURAI-TUTICORIN VIA ARUPPUKKOTTAI,RAILWAYS,Multi State,Dec-27,2011-04,120.7,,2053.39,342.12,2019-03,2027-12,2027-12,14.0,ongoing_census,2024-06
N22000219,PIRPAINTI-JASIDIH (ER),RAILWAYS,Multi State,Mar-28) (N.A.,2013-04,915.98,,2137.81,791.05,2022-03,2028-03,2028-03,45.0,ongoing_census,2024-06
N22000261,KAZIPET-VIJAYAWADA 3RD LINE WITH ELECTRIFICATION,RAILWAYS,Multi State,SCR,2012-04,1856.95,,1952.68,1186.03,2023-03,,2025-03,0.0,ongoing_census,2024-06
N22000274,DEOBAND (MUZAFFARNAGAR)- ROORKEE NL (NR),RAILWAYS,Multi State,N.A.,2007-04,336.91,,791.39,572.99,,,2024-02,40.0,ongoing_census,2024-06
N22000279,RAYADURGA-TUMKUR NL (SWR),RAILWAYS,Multi State,,2007-04,2062.3,2495.59,2495.59,1381.73,,,2027-02,60.0,ongoing_census,2024-06
N22000301,MONIGRAM- NIMTITA (ER),RAILWAYS,Multi State,N.A.,2012-04,250.93,,259.23,603.03,,,2024-02,100.0,ongoing_census,2024-06
N22000326,PHULERA - DIGANA DOUBLING (NWR),RAILWAYS,Multi State,Apr-24) (N.A.,2015-05,600.0,,701.81,718.14,2020-03,2024-04,2024-04,100.0,ongoing_census,2024-06
N22000333,HOTGI-KUDGI-GADAG,RAILWAYS,Multi State,SWR,2015-03,1614.59,1877.81,2458.87,2297.64,2019-03,,2025-06,88.0,ongoing_census,2024-06
N22000367,KAZIPET-BALHRSHA (SCR),RAILWAYS,Multi State,N.A.) (N.A.,2015-04,2063.03,,2909.0,2503.54,2021-03,,2025-01,0.0,ongoing_census,2024-06
N22000463,MUMBAI AHMEDABAD HIGH SPEED RAIL PROJECT,RAILWAYS,Multi State,NHSRCL,,108000.0,,108000.0,61272.82,2023-12,,2027-08,44.0,ongoing_census,2024-06
N22000464,WESTERN DEDICATED FREIGHT CORRIDOR,RAILWAYS,Multi State,DFCC,2007-11,16592.0,51101.0,51101.0,47476.0,2020-03,,2020-03,81.0,ongoing_census,2024-06
N22000467,CHANDIGARH-BADDI (NR),RAILWAYS,Multi State,N.A.) (N.A.,2007-04,328.14,,1540.14,482.67,2023-03,,2025-06,10.0,ongoing_census,2024-06
N22000506,NARAYANGARH TO BHADRAK 3RD LINE (155 KM),RAILWAYS,Multi State,SER,2019-03,1866.31,,1866.31,1530.84,2023-05,,2025-12,50.0,ongoing_census,2024-06
220100188,"NANGALDAM-TALWARA(NL),NR",RAILWAYS,Multi State,NR,1981-03,450.0,2018.0,2017.96,1190.75,2012-07,2024-11,2024-11,85.0,ongoing_census,2024-06
220100205,"MUNEERABAD- MAHABOOBNAGAR(NL),SCR",RAILWAYS,Multi State,SCR,1997-04,1723.0,1.0,3381.68,2532.19,2000-03,2023-02,2023-02,100.0,ongoing_census,2024-06
220100232,"LALITPUR-SATNA-REWA-SINGRULI NL, (WCR)",RAILWAYS,Multi State,NCR) (N.A.,,247.66,,8248.5,2500.34,2008-05,,2025-03,67.0,ongoing_census,2024-06
N24000182,VARANASI-AURANGABAD KM.786 TO KM.978.40,ROAD TRANSPORT AND HIGHWAYS,Multi State,NHAI,2011-09,2848.0,,3241.56,3901.66,2014-03,,2024-09,85.01,ongoing_census,2024-06
N24001628,4/6L OF SPUR TO HARIDWAR 49.000,ROAD TRANSPORT AND HIGHWAYS,Multi State,GREENFIELD) FROM KM. 0.000 TO KM. (N.A.) (N.A.,2021-11,2155.95,,2155.95,1026.0,2025-02,,2025-02,40.79,ongoing_census,2024-06
N24001629,6L WITH ACCESS CONTROL PROVISION SAHARANPUR BYPASS TO GANESHPUR SECTION FROM 13.89 KM TO 41.820 KM O,ROAD TRANSPORT AND HIGHWAYS,Multi State,NHAI,2022-04,796.65,,796.65,198.93,2024-11,,2024-11,47.77,ongoing_census,2024-06
N25000072,JAL MARG VIKAS PROJECT,SHIPPING AND PORTS,Multi State,IWAI,2018-01,5369.18,4633.81,5061.15,3004.09,2023-03,2025-12,2025-12,59.39,ongoing_census,2024-06
N26000101,NETWORK FOR SPECTRUM,TELECOMMUNI CATIONS,Multi State,DOT,2012-03,13334.0,34953.45,34953.45,22626.69,2015-07,2023-09,2024-08,97.6,ongoing_census,2024-06
N26000114,PHASE-I OF CONSOLIDATION OF EXISTING CDR DATA CENTERS AND NIB- P3 DATA CENTERS WITH STATE OF THE ART,TELECOMMUNI CATIONS,Multi State,Nov-21) (461.42,2020-03,461.42,461.42,461.42,159.98,2021-06,2021-11,2024-10,75.0,ongoing_census,2024-06
N26000115,SUPER EDGE ROUTERS FOR BSNL INTERNET PROTOCOL - MULTI PROTOCOL LEBEL SWITCHING (IPMPLS) NETWORK and,TELECOMMUNI CATIONS,Multi State,BSNL,2023-03,185.27,,239.6,146.93,2024-03,2024-07,2024-07,100.0,ongoing_census,2024-06
N26000116,MPLS-IP BASED ACCESS AND AGGREGATION NETWORK (MAAN) IN BSNL ALONG WITH TEST AND MEASURING EQUIPMENT,TELECOMMUNI CATIONS,Multi State,BSNL,2023-05,645.13,,645.13,129.5,2024-08,,2024-08,43.26,ongoing_census,2024-06
N26000117,PLANNIN ENGINEERING SUPPLY INTEGARTION and ANNUAL MAINTENANCE OF,TELECOMMUNI CATIONS,Multi State,BSNL,2023-06,24544.55,,24556.35,2106.58,2025-06,,2025-06,17.01,ongoing_census,2024-06
N26000118,OPTICAL TRANSPORT NETWORK (OTN) PH-4 IN BSNL,TELECOMMUNI CATIONS,Multi State,BSNL,2024-02,810.99,,810.99,,2025-08,,2025-08,0.0,ongoing_census,2024-06
N28000134,DELHI GHAZIABAD MEERUT RRTS CORRIDOR,URBAN DEVELOPMENT,Multi State,NCRTC,2019-03,30274.0,,30274.0,21667.12,2025-06,,2025-06,78.7,ongoing_census,2024-06
N16000529,"AUGMENTATION OF DIMAPUR DEPOT, DIMAPUR",PETROLEUM,Nagaland,N.A.,2023-08,227.62,,227.62,,2027-11,,2027-11,2.0,ongoing_census,2024-06
N22000124,NEW LINE FROM DIMAPUR TO ZUBZA(KOHIMA) NATIONAL PROJECT,RAILWAYS,Nagaland,NEFR,2006-04,2326.52,6663.0,6663.0,3498.12,2015-03,,2029-12,52.0,ongoing_census,2024-06
N24000686,FOUR LANING OF DIMAPUR KOHIMA ROAD FROM DESIGN KM 123.840 TO KM 138.775 (EXISTING KM 124.100 TO KM 1,ROAD TRANSPORT AND HIGHWAYS,Nagaland,Nov-22) (489.01,2016-03,373.07,489.01,387.0,382.5,2019-09,2022-11,2024-07,99.81,ongoing_census,2024-06
N24000687,FOUR LANING OF DIMAPUR KOHIMA ROAD FROM DESIGN KM 138.775 TO KM 152.490 (EXISTING KM 140.000 TO KM 1,ROAD TRANSPORT AND HIGHWAYS,Nagaland,NHIDCL,2016-03,396.52,486.19,396.52,329.67,2019-08,2022-11,2023-12,100.0,ongoing_census,2024-06
N24000688,FOUR LANING OF EXISTING DIMAPUR KOHIMA ROAD FROM DESIGN KM 152.490 TO KM 166.700 (EXISTING KM 156.00,ROAD TRANSPORT AND HIGHWAYS,Nagaland,NHIDCL,2016-03,429.52,562.98,429.52,279.04,2022-08,2025-09,2025-09,81.48,ongoing_census,2024-06
N24000752,(I) CONSTRUCTION OF FOUR/SIX LANING FROM KM 132.375 TO KM 158.058 (TOTAL NEW ALIGNMENT LENGTH OF 20.,ROAD TRANSPORT AND HIGHWAYS,Nagaland,NHIDCL,2017-02,387.0,391.02,391.02,387.5,2020-09,2023-02,2024-08,99.32,ongoing_census,2024-06
N24000753,(II) CONSTRUCTION OF DIMAPUR BYPASS PAVEMENT ON EPC BASIS FROM EXISTING,ROAD TRANSPORT AND HIGHWAYS,Nagaland,ASSAM PORTION) OF 4/6 LANE (Jun-23) (698.81,2018-03,500.09,698.81,698.81,365.22,2022-11,2023-06,2024-10,93.44,ongoing_census,2024-06
N24000756,CONSTRUCTION OF TWO LANE WITH HARD SHOULDERS OF CHAKABAMA- ZUNHEBOTO ROAD FROM EXISTING KM 52.370 TO,ROAD TRANSPORT AND HIGHWAYS,Nagaland,NHIDCL,2018-03,285.68,,285.68,174.28,2022-09,2023-01,2024-07,98.04,ongoing_census,2024-06
N24000763,CONSTRUCTION OF TWO LANE WITH HARD SHOULDERS OF MERANGKONG- TAMLU-MON ROAD FROM EXISTING KM 20.456 TO,ROAD TRANSPORT AND HIGHWAYS,Nagaland,N.A.,2018-03,215.79,,215.79,100.83,2021-12,2022-08,2025-08,17.34,ongoing_census,2024-06
N24000764,CONSTRUCTION OF TWO LANE WITH HARD SHOULDERS OF MERANGKONG- TAMLU-MON ROAD FROM EXISTING KM 41.065 TO,ROAD TRANSPORT AND HIGHWAYS,Nagaland,NHIDCL,2018-03,272.89,,272.89,137.63,2022-10,2022-10,2023-10,100.0,ongoing_census,2024-06
N24000765,CONSTRUCTION OF TWO LANE WITH HARD SHOULDERS OF MERANGKONG- TAMLU-MON ROAD FROM EXISTING KM 60.345 TO,ROAD TRANSPORT AND HIGHWAYS,Nagaland,N.A.,2018-03,323.98,,323.98,78.61,2018-09,2023-06,2025-09,14.34,ongoing_census,2024-06
N24001179,CONSTRUCTION OF 2 LANE WITH PAVED SHOULDER FROM KM. 168 TO 183.783 (YESEMYONG TO UNGER) ON MOKOKCHUN,ROAD TRANSPORT AND HIGHWAYS,Nagaland,MoRTH,2017-03,217.35,,217.35,214.18,2020-11,2023-02,2023-02,100.0,ongoing_census,2024-06
N24001180,WIDENING OF EXISTING SINGLE/INTERMEDIATE LANE ROAD TO 2 LANE ROAD FROM KM. 83.00 TO KM 101.00 ON NH-,ROAD TRANSPORT AND HIGHWAYS,Nagaland,Jan-23,2019-03,237.51,,237.51,201.2,2022-12,2023-01,2023-01,100.0,ongoing_census,2024-06
N24001255,CONSTRUCTION OF 2-LANE WITH PAVED SHOULDER OF KOHIMA-BYPASS ROAD FROM DESIGN KM10.500 TO 21.00KM [D,ROAD TRANSPORT AND HIGHWAYS,Nagaland,NHIDCL,2020-09,277.44,,277.44,159.7,2022-10,2024-04,2024-09,62.14,ongoing_census,2024-06
N24001258,CONSTRUCTION OF 2-LANE WITH PAVED SHOULDER OF KOHIMA-BYPASS ROAD FROM DSIGN KM32.0 TO KM43.454 [DES,ROAD TRANSPORT AND HIGHWAYS,Nagaland,NHIDCL,2020-08,202.36,,202.36,70.06,2022-04,2023-04,2025-02,26.9,ongoing_census,2024-06
N24001259,UPGRADATION OF EXISTING ROAD TO 2- LANE WITH PAVED SHOULDER FROM KOHIMA TO MAO FROM KM 185.540 TO KM,ROAD TRANSPORT AND HIGHWAYS,Nagaland,NHIDCL,,315.63,,315.63,89.35,2022-04,2024-05,2025-02,70.58,ongoing_census,2024-06
N24001280,2 LANING OF KOHIMA - JESSAMI SECTION,ROAD TRANSPORT AND HIGHWAYS,Nagaland,N.A.,2020-03,320.97,,320.97,182.21,2022-06,2023-03,2023-09,100.0,ongoing_census,2024-06
N24001282,2 LANING OF KOHIMA - JESSAMI SECTION,ROAD TRANSPORT AND HIGHWAYS,Nagaland,PACKAGE II) (N.A.) (N.A.,2020-03,355.79,,355.79,109.24,2022-06,,2026-01,0.0,ongoing_census,2024-06
N24001284,2 LANING OF KOHIMA - JESSAMI SECTION,ROAD TRANSPORT AND HIGHWAYS,Nagaland,PACKAGE III,2020-03,361.53,365.42,365.42,189.26,2022-06,2023-06,2024-06,96.28,ongoing_census,2024-06
N24001285,2 LANING OF KOHIMA - JESSAMI SECTION,ROAD TRANSPORT AND HIGHWAYS,Nagaland,PACKAGE IV) (Mar-23) (N.A.,2020-03,330.78,,330.78,204.26,2021-12,2023-03,2023-03,100.0,ongoing_census,2024-06
N24001286,2-LANING OF CHANGTONGYA TO LONGLENG ROAD OF NH-702 (PKG-I),ROAD TRANSPORT AND HIGHWAYS,Nagaland,NHIDCL,2020-03,278.95,,278.95,166.29,2022-06,2022-10,2023-06,100.0,ongoing_census,2024-06
N24001287,2 LANING OF KOHIMA - JESSAMI SECTION,ROAD TRANSPORT AND HIGHWAYS,Nagaland,N.A.,2020-04,330.8,,330.8,94.23,2021-12,2025-11,2025-11,50.67,ongoing_census,2024-06
N24001389,CHANGTONGYA TO LONGLENG ROAD PKG-2,ROAD TRANSPORT AND HIGHWAYS,Nagaland,NHIDCL,2020-03,206.53,,206.53,113.29,2022-06,2022-09,2025-01,76.93,ongoing_census,2024-06
N24001406,PEREN-DIMAPUR SECTION PKG-2 (NHIDCL),ROAD TRANSPORT AND HIGHWAYS,Nagaland,Sep-25) (N.A.,2021-07,258.52,,258.52,59.4,2023-03,2025-09,2025-09,54.44,ongoing_census,2024-06
N24001407,PEREN-DIMAPUR PKG-5 (NHIDCL),ROAD TRANSPORT AND HIGHWAYS,Nagaland,N.A.) (N.A.,2021-02,207.33,,207.33,,2023-03,,2023-03,0.0,ongoing_census,2024-06
N24001438,MERANGKONG-TAMLU-MON (MTM) PKG-5 (NHIDCL),ROAD TRANSPORT AND HIGHWAYS,Nagaland,N.A.,2021-07,161.73,,161.73,39.34,2023-12,,2025-09,20.41,ongoing_census,2024-06
N24001465,WIDENING OF EXISTING SINGLE LANE / INTERMEDIATE LANE ROAD TO 2 LANE FROM KM 101 TO KM 125 OF NH 61 I,ROAD TRANSPORT AND HIGHWAYS,Nagaland,MoRTH,,252.19,,252.19,0.28,2024-09,2026-06,2026-06,0.0,ongoing_census,2024-06
N24001466,WIDENING TO EXISTING SINGLE LANE /INTERMEDIATE LANE TO 2 LANE FROM KM185.00 TO KM 220.00 OF NH-61 (N,ROAD TRANSPORT AND HIGHWAYS,Nagaland,Mar-25,2021-03,297.24,,297.24,99.44,2024-07,2025-03,2025-03,54.85,ongoing_census,2024-06
N24001467,WIDENING TO EXISTING SINGRE/INTERMEDIATE RANE TO 2 LANE FROM KM 135 TO KM 147 AND FROM KM 156.00 TO,ROAD TRANSPORT AND HIGHWAYS,Nagaland,MoRTH,2021-03,226.44,,226.44,103.45,2024-02,2025-02,2025-02,73.0,ongoing_census,2024-06
N24001475,CONSTRUCTION OF 2 LANE WITH HARD SHOULDER FROM DESIGN CHAINAGE KM 283.000 TO KM 325.440 (5- LEGGED J,ROAD TRANSPORT AND HIGHWAYS,Nagaland,NHIDCL,2022-03,605.36,,605.36,194.37,2024-12,,2024-12,72.43,ongoing_census,2024-06
N24001855,WIDENING OF EXISTING SINGLE LANE ROAD TO INTERMEDIATE LANE ROAD FROM MOKOKCHUNG TO CHARE VIA DIKHU I,ROAD TRANSPORT AND HIGHWAYS,Nagaland,MoRTH,2021-02,192.93,,192.93,41.89,2025-06,2025-06,2025-06,45.54,ongoing_census,2024-06
N24001912,PEREN-DIMAPUR PKG-3,ROAD TRANSPORT AND HIGHWAYS,Nagaland,N.A.) (199.02,2021-02,177.77,199.02,199.02,7.98,2025-06,,2025-06,13.9,ongoing_census,2024-06
N24001976,WIDENING TO 2 LANE WITH HARD SHOULDER OF AKEGWO-AVANGKHU SECTION OF NH-202K FOR PACKAGE-I (DESIGN CH,ROAD TRANSPORT AND HIGHWAYS,Nagaland,NHIDCL,2022-12,430.24,,430.24,25.39,2026-02,,2026-02,15.78,ongoing_census,2024-06
N24001977,WIDENING TO 2 LANE WITH HARD SHOULDER OF AKEGWO-AVANGKHU SECTION OF NH-202K FOR PACKAGE-II (DESIGN C,ROAD TRANSPORT AND HIGHWAYS,Nagaland,N.A.,2022-12,442.54,,442.54,7.11,2026-02,,2026-02,8.55,ongoing_census,2024-06
N24001978,WIDENING TO 2 LANE WITH HARD SHOULDER OF AKEGWO-AVANGKHU SECTION OF NH-202K FOR PACKAGE-III (DESIGN,ROAD TRANSPORT AND HIGHWAYS,Nagaland,NHIDCL,2022-12,497.18,,497.18,43.78,2026-02,,2026-02,22.66,ongoing_census,2024-06
N06000112,BASUNDHARA (WEST) OC EXTN(7.00 MTY) (MCL),COAL,Odisha,N.A.,2014-05,479.15,,479.15,264.67,2019-03,,2027-03,62.0,ongoing_census,2024-06
N06000113,SIARMAL OCP (40.00MTY) (MCL),COAL,Odisha,N.A.) (N.A.,2021-02,5194.96,,3386.76,3386.76,2029-03,,2029-03,42.5,ongoing_census,2024-06
N06000117,GARJANBAHAL OCP (MCL),COAL,Odisha,N.A.) (N.A.,2014-11,1375.38,,1375.38,819.66,2021-03,,2026-03,58.0,ongoing_census,2024-06
N06000167,INTEGRATED LAKHANPUR-BELPAHAR- LILARI OCP,COAL,Odisha,MCL,2018-05,2434.75,,2434.75,1772.99,2027-03,,2027-03,51.0,ongoing_census,2024-06
N06000171,REORGANISATION OF BHARATPUR OCP EXPANSION,COAL,Odisha,MCL,,2838.87,,2838.87,1568.5,2029-03,,2029-03,44.0,ongoing_census,2024-06
N06000189,TALABIRA II AND III OCP (NLC),COAL,Odisha,N.A.) (N.A.,2017-07,2401.07,,2401.07,1264.53,2027-01,,2027-01,51.4,ongoing_census,2024-06
N06000203,NAINI COAL MINE (SCCL),COAL,Odisha,N.A.) (N.A.,2020-03,494.3,,494.3,491.33,2024-03,,2026-03,35.0,ongoing_census,2024-06
N06000227,BHUBANESWARI EXPANSION OCP (MCL),COAL,Odisha,N.A.) (N.A.,2024-03,6321.73,,3145.45,1068.0,2031-03,,2031-03,18.0,ongoing_census,2024-06
N06000229,GOPALJI-KANIHA OCP (MCL),COAL,Odisha,N.A.) (N.A.,2022-04,6107.87,,8416.19,1566.44,2028-03,,2028-03,16.5,ongoing_census,2024-06
N06000230,BALARAM EXPANSION OCP,COAL,Odisha,N.A.) (N.A.,2020-08,3504.21,,3504.21,896.62,2029-03,,2029-03,49.0,ongoing_census,2024-06
N06000248,KULDA EXPANSION OCP- 15 MTY (MCL),COAL,Odisha,N.A.,2014-06,348.16,,348.16,195.63,2018-03,,2026-03,62.0,ongoing_census,2024-06
N06000249,SUBHADRA OCP (MCL),COAL,Odisha,Mar-29) (N.A.,2021-05,1693.81,,1693.81,1129.52,2029-03,2029-03,2029-03,39.0,ongoing_census,2024-06
N06000261,RPR OF HINGULA -II EXPANSION PH-III (MCL),COAL,Odisha,N.A.) (N.A.,2022-12,2264.68,,2264.68,999.94,2029-03,,2029-03,39.0,ongoing_census,2024-06
N06000270,NLC TALABIRA THERMAL POWER PROJECT (PHASE-1: 3 X 800 MW),COAL,Odisha,NLC,2024-01,27213.0,,27213.0,952.29,2029-05,,2029-05,1.51,ongoing_census,2024-06
N28000126,INDIAN INSTITUTE OF SCIENCE EDUCATION AND RESEARCH BERHAMPUR,DEPARTMENT OF HIGHER EDUCATION,Odisha,CPWD EDUCATION,2019-01,790.79,,790.79,647.77,2022-03,,2024-11,92.0,ongoing_census,2024-06
N10000010,5TH STREAM ALUMINA REFINERY EXPANSION PROJECT,MINES,Odisha,NALCO,2014-12,4103.0,5677.4,5677.4,3066.4,2021-04,2025-09,2025-09,64.97,ongoing_census,2024-06
N10000011,UTKAL D AND E COAL BLOCK,MINES,Odisha,Nov-23) (667.23,2016-05,534.0,667.23,1021.97,749.83,2020-01,2023-11,2024-03,73.0,ongoing_census,2024-06
N10000012,CONVERSION OF FLAT BOTTOM SETTLERS AND WASHERS WITH A SINGLE TRAIN OF HRDS AND DCWS IN STREAMS 1 AND,MINES,Odisha,Sep-25) (581.00,2015-12,355.0,581.0,581.0,108.93,2020-11,2025-09,2025-09,12.6,ongoing_census,2024-06
N10000013,SOURCING OF BAUXITE ARRANGEMENT FOR 5TH STREAM ALUMINA REFINERY FROM SOUTH BLOCK MINING LEASE OF PAN,MINES,Odisha,NALCO,2017-11,483.0,483.0,483.0,323.22,2021-04,2025-05,2025-05,83.49,ongoing_census,2024-06
N10000016,POTTANGI BAUXITE MINES,MINES,Odisha,NALCO,2018-05,1437.0,1381.0,1381.0,639.16,2024-12,2025-03,2025-05,46.0,ongoing_census,2024-06
N10000017,CONSTRUCTION OF RED MUD POND - II AT NALCO DAMANJODI ODISHA,MINES,Odisha,NALCO,,225.79,44.87,270.66,5.0,2023-03,2024-05,2024-05,100.0,ongoing_census,2024-06
N16000289,CITY GAS DISTRIBUTION (CGD) NETWORK BHUBANESHWAR,PETROLEUM,Odisha,GAIL,2017-07,243.53,,243.53,217.42,2022-07,,2024-03,100.0,ongoing_census,2024-06
N16000328,"CITY GAS DISTRIBUTION (CGD) NETWORK, CUTTACK",PETROLEUM,Odisha,N.A.,2017-07,182.2,,182.2,144.55,2022-07,,2024-03,100.0,ongoing_census,2024-06
N16000361,ADDITIONAL STORAGE TANKS AT PARADIP,PETROLEUM,Odisha,IOCL,2018-11,462.3,543.0,543.0,447.39,2021-09,2024-12,2024-12,93.8,ongoing_census,2024-06
N16000362,Fuel Quality Upgradation Project at Paradip Refinery (IOCL),PETROLEUM,Odisha,,2019-05,3361.0,,3361.0,2659.07,2021-08,2024-12,2024-12,97.4,ongoing_census,2024-06
N16000368,INSTALLATION OF STANDBY SRU TRAIN OF 525 TPD ALONGWITH INCINERATOR AT PARADIP REFINERY,PETROLEUM,Odisha,IOCL,2019-06,427.1,427.1,427.1,282.79,2022-09,2024-12,2024-12,92.3,ongoing_census,2024-06
N16000374,"Setting up of Integated 2G and 1G Bio-Ethanol Refinery at Bargarh, Odisha (BPCL)",PETROLEUM,Odisha,Jun-23,2019-08,1607.0,,1607.0,1085.97,2022-08,2023-06,2024-03,100.0,ongoing_census,2024-06
N16000396,INTEGRATED PARA XYLENE (PX) AND PURIFIED TEREPHTHALIC ACID (PTA) PROJECT AT PARADIP REFINERY,PETROLEUM,Odisha,IOCL,2020-07,13805.0,,13805.0,6243.47,2024-01,2025-04,2025-04,83.4,ongoing_census,2024-06
N18000351,EASTERN REGION EXPANSION SCHEME XXIX (PGCIL),POWER,Odisha,N.A.,2023-03,524.04,,524.04,292.97,2025-11,,2025-11,48.0,ongoing_census,2024-06
N18000364,TALCHER THERMAL POWER PROJECT STAGE III(2X660 MW),POWER,Odisha,NTPC,2022-08,11844.0,,11844.0,1405.09,2027-05,,2027-05,8.4,ongoing_census,2024-06
N22000316,BHADRAK - NERGUNDI 3RD LINE,RAILWAYS,Odisha,ECOR,2013-03,843.04,1284.39,1284.39,1022.95,2020-10,,2025-02,75.0,ongoing_census,2024-06
N22000376,JAGADALPUR-KORAPUT DOUBLING (ECOR),RAILWAYS,Odisha,N.A.,2015-04,1547.38,,1547.38,1156.33,2022-03,,2022-03,87.0,ongoing_census,2024-06
N22000379,KORAPUT - SINGAPUR ROAD DOUBLING (ECOR),RAILWAYS,Odisha,,2015-04,2361.74,2361.74,2361.74,1441.19,2022-03,2026-03,2026-03,65.0,ongoing_census,2024-06
N22000380,JARAPADA - BUDHAPANK WITH FLY OVER AT TALCHER ROAD 3RD AND 4TH LINE,RAILWAYS,Odisha,ECOR,,701.61,,810.02,179.43,2018-11,,2025-03,25.0,ongoing_census,2024-06
N22000381,BUDHAPANK - SALEGAON VIA RAJATGARH 3RD AND 4TH LINE.,RAILWAYS,Odisha,ECOR,2015-04,1172.92,2087.43,2087.43,1487.84,2018-12,,2025-02,65.0,ongoing_census,2024-06
N22000409,VIZIANAGARAM -SAMABALPUR 3RD LINE (RVNL),RAILWAYS,Odisha,N.A.,,2335.67,,4803.16,4620.71,2024-12,,2026-12,72.0,ongoing_census,2024-06
N22000412,BANASPANI- JAKHPURA - DOUBLING (RVNL),RAILWAYS,Odisha,Dec-23) (N.A.,2009-03,942.95,,2133.54,1918.7,2019-03,2023-12,2023-12,100.0,ongoing_census,2024-06
N22000418,EXECUTION OF RAIL CONNECTIVITY PROJECT FOR COAL TRANSPORTATION IN ODISHA FOR MCRL,RAILWAYS,Odisha,IRCON,2016-04,5200.0,,5200.0,,2020-03,,2025-12,17.4,ongoing_census,2024-06
N22000516,JEYPORE MALKANGIRI NEW LINE (ECOR),RAILWAYS,Odisha,N.A.) (N.A.,2018-02,642.69,,642.69,154.32,2033-07,,2033-07,0.1,ongoing_census,2024-06
N22000517,JEYPORE NABARANGPUR NEWLINE,RAILWAYS,Odisha,N.A.) (N.A.,2017-07,499.99,,747.91,,2028-07,,2028-07,0.0,ongoing_census,2024-06
N22000518,TALCHER - ANGUL NEW LINE WITH Y CONNECTION AT TALCHER,RAILWAYS,Odisha,N.A.) (495.00,2018-07,278.96,495.0,494.62,,2026-12,,2026-12,0.0,ongoing_census,2024-06
N22000519,KODINGAMALI BAUXITE MINES TO SINGARAM RAILWAY STATION,RAILWAYS,Odisha,ECOR,2022-08,190.9,,190.9,10.0,2027-08,,2027-08,0.0,ongoing_census,2024-06
N22000520,GANDHAMARDAN IRON ORE MINES TO GOALDIH STATION,RAILWAYS,Odisha,ECOR,,189.93,,189.93,,2027-09,,2027-09,0.0,ongoing_census,2024-06
N22000521,BRUNDAMAL-JHARSUGUDA- FLYOVER CONNECTION FOR JOINING DN LINE,RAILWAYS,Odisha,ECOR,2009-12,48.44,297.0,297.0,,2026-12,,2026-12,0.0,ongoing_census,2024-06
N22000522,BAGHUAPAL FLY OVER (20 KM) (ECOR),RAILWAYS,Odisha,N.A.,2019-08,183.0,,183.0,,2027-08,,2027-08,0.0,ongoing_census,2024-06
N22000571,ROURKELA-BONDAMUNDA A-CABIN 5TH LINE (10 KM) (UMBRELLA WORK PB#57/2019-20/NR),RAILWAYS,Odisha,SER,,209.75,,244.99,32.09,2026-09,,2026-03,8.0,ongoing_census,2024-06
220100284,KHURDA ROAD-BOLANGIR(NL)ECOR,RAILWAYS,Odisha,ECOR,1994-04,2923.13,3791.66,5089.37,3807.43,2009-03,2026-12,2026-12,75.0,ongoing_census,2024-06
220100328,TALCHER-BIMALAGARH(NL)(ECOR) (ECOR),RAILWAYS,Odisha,N.A.) (N.A.,2005-04,810.78,,1928.07,1436.2,2021-06,,2026-03,0.0,ongoing_census,2024-06
N24000619,DEVELOPMENT OF FOUR LANNING OF ANGUL-SAMBALPUR SECTION OF NATIONAL HIGHWAY NH-42 (NEW NH-55 IN THE S,ROAD TRANSPORT AND HIGHWAYS,Odisha,NHAI,,2510.04,,2510.04,1104.98,2019-08,,2024-12,96.0,ongoing_census,2024-06
N24000715,REHABILITATION AND UPGRADATION OF CUTTACK ANGUL SECTION OF NH-42 (NEW NH-55) TO 4 LANE (KM. 0+400 TO,ROAD TRANSPORT AND HIGHWAYS,Odisha,NHAI,,686.65,565.0,686.65,559.26,2020-07,,2024-12,86.0,ongoing_census,2024-06
N24000733,REHABILITATION AND UP-GRADATION OF EXISTING 2-LANE TO 4 LANE OF DUBURI (KM 388.376) TO CHANDIKHOLE (,ROAD TRANSPORT AND HIGHWAYS,Odisha,NHAI,,633.68,492.83,633.68,560.38,2022-08,,2025-03,79.1,ongoing_census,2024-06
N24000734,REHABILITATION AND UP-GRADATION OF EXISTING 2-LANE TO FOUR LANE FROM TALCHAR TO END OF KAMAKHYANAG,ROAD TRANSPORT AND HIGHWAYS,Odisha,NHAI,,614.48,503.3,757.12,664.48,2021-08,,2024-08,98.0,ongoing_census,2024-06
N24000736,REHABILITATION AND UPGRADATION OF CUTTACK-ANGUL SECTION TO 4 LANE (KM 60.20) TO (KM 112.0) PKG II ON,ROAD TRANSPORT AND HIGHWAYS,Odisha,NHAI,,686.65,504.09,1015.16,435.85,2020-09,,2024-12,77.0,ongoing_census,2024-06
N24000738,REHABILITATION AND UPGRADATION OF SIX LANING OF BHADRAK BALESHWAR SECTION (KM 136.50) TO (KM 199.141,ROAD TRANSPORT AND HIGHWAYS,Odisha,NHAI,,999.0,1152.7,1152.7,339.23,2021-09,,2025-03,76.25,ongoing_census,2024-06
N24000739,REHABILITATION AND UP-GRADATION TO 4-LANING OF RAJAMUNDA-BARKOTE SECTION OF NH-23 (NEW NH NO. 143) (,ROAD TRANSPORT AND HIGHWAYS,Odisha,NHAI,,503.88,609.03,609.03,531.96,2021-06,2024-12,2024-12,91.1,ongoing_census,2024-06
N24000912,WIDENING TO 2LPS FROM 0/0 TO 119/0 OF NH-157 IN THE STATE OF ODISHA.,ROAD TRANSPORT AND HIGHWAYS,Odisha,MoRTH,,287.7,5.96,293.66,272.95,2017-02,2024-09,2024-09,95.73,ongoing_census,2024-06
N24000914,WIDENING TO 2LPS FROM 239/9 TO 294/3 OF NH-57 (NAYAGARH TO KHURDA) IN THE STATE OF ODISHA,ROAD TRANSPORT AND HIGHWAYS,Odisha,MoRTH,,223.5,,223.5,220.5,2018-08,2024-07,2024-07,92.0,ongoing_census,2024-06
N24000917,WIDENING TO 2LPS FROM 269/30 TO 328/20 OF NH-49 IN THE STATE OF ODISHA,ROAD TRANSPORT AND HIGHWAYS,Odisha,Aug-24,2018-03,199.16,,199.16,155.1,2018-08,2024-08,2024-08,97.88,ongoing_census,2024-06
N24001647,BALANCE WORK OF PANIKOILI RIMULI SECTION OF NEW NH-20 FROM KM 0.00 TO KM. 163.000,ROAD TRANSPORT AND HIGHWAYS,Odisha,NHAI,2020-08,200.0,154.73,154.73,137.04,2022-03,,2024-07,100.0,ongoing_census,2024-06
N24001665,6L GREENFIELD KANDILI - ALURU SECTION OF NH-130-CD ROAD FROM KM 342+500 TO KM 365+033 (PACKAGE-OD-8,ROAD TRANSPORT AND HIGHWAYS,Odisha,NHAI,2021-12,1592.0,1592.0,1592.0,695.53,2024-10,,2025-06,49.82,ongoing_census,2024-06
N24001666,6L GREENFIELD BARAJA - KANDILI SECTION OF NH- 130-CD ROAD FROM KM 338+500 TO KM 342+500 (PACKAGE-OD,ROAD TRANSPORT AND HIGHWAYS,Odisha,NHAI,2021-12,714.0,714.0,714.0,341.9,2024-09,,2025-10,54.42,ongoing_census,2024-06
N24001667,6L GREENFIELD KALIAGURA ? BAUNSAGUAR SECTION OF NH-130-CD ROAD FROM KM 249+000 TO KM 293+000 (PACKAG,ROAD TRANSPORT AND HIGHWAYS,Odisha,NHAI,2021-09,1734.0,1734.0,1734.0,920.26,2024-05,,2025-10,65.0,ongoing_census,2024-06
N24001668,6L OF BADAKUMARI - KARKI SECTION FROM KM 179.000 TO KM 226.500 OF NH- 130-CD (PACKAGE ? OD-3),ROAD TRANSPORT AND HIGHWAYS,Odisha,NHAI,2021-03,1249.0,,1249.0,401.22,2024-04,,2025-03,67.56,ongoing_census,2024-06
N24001669,6L OF DHANARA - HATIBENA SECTION FROM KM 124.611 TO KM 146.50 OF NH- 130-CD (PACKAGE ? OD-1),ROAD TRANSPORT AND HIGHWAYS,Odisha,N.A.,2021-02,586.0,,586.0,159.3,2024-03,,2025-03,59.15,ongoing_census,2024-06
N24001670,6L OF KARKI ? KALIAGURA SECTION FROM KM 226.500 TO KM 249.000 OF NH- 130-CD (PACKAGE ? OD-4),ROAD TRANSPORT AND HIGHWAYS,Odisha,NHAI,2021-02,593.0,,593.0,250.22,2024-03,,2024-12,81.57,ongoing_census,2024-06
N24001671,6L OF HATIBENA - BADAKUMARI SECTION FROM KM 146.50 TO KM 179.00 OF NH-130- CD (PACKAGE ? OD-2),ROAD TRANSPORT AND HIGHWAYS,Odisha,N.A.,2021-02,925.0,,925.0,396.59,2024-03,,2024-10,94.91,ongoing_census,2024-06
N24001678,6L GREENFIELD BAUNSAGUAR - BARAJA SECTION OF NH-130-CD ROAD FROM KM 293+000 TO KM 338+500 (PACKAGE ?,ROAD TRANSPORT AND HIGHWAYS,Odisha,NHAI,2021-08,1460.0,1460.0,1460.0,747.5,2024-06,,2025-03,70.2,ongoing_census,2024-06
N24001857,CONSTRUCTION OF ROAD FROM KM 0/0 TO 72/0 OF NH-26 SUCH AS 4 LANE FROM KM 0/0 TO 21/0 (BARGARH TO BAR,ROAD TRANSPORT AND HIGHWAYS,Odisha,MoRTH,,414.24,,414.24,231.91,2023-12,2024-12,2024-12,80.0,ongoing_census,2024-06
N24001858,WIDENING AND STRENGTHENING TO 2L+PS INCLUDING LA OF KANDARPUR- BALIKUDA FROM KM 277/500 TO 318/970 OF,ROAD TRANSPORT AND HIGHWAYS,Odisha,MoRTH,2022-03,499.79,,499.79,218.62,2025-06,2025-06,2025-06,48.2,ongoing_census,2024-06
N24001859,CONSTRUCTION OF BYPASS ON NH-59 FROM KM 336/350 TO 349/910 (13.56 KM) NEAR BERHAMPUR TOWN INCLUDING,ROAD TRANSPORT AND HIGHWAYS,Odisha,N.A.,2021-03,196.94,,196.94,60.97,2024-03,2025-03,2025-03,34.29,ongoing_census,2024-06
N24001860,CONSTRUCTION OF BYPASS TO NAYAGARH TOWN FROM KM 235.469 TO 252.482 OF NH-57 INCLUDING LAND ACQUISITI,ROAD TRANSPORT AND HIGHWAYS,Odisha,MoRTH,2022-01,300.33,,300.33,159.82,2025-04,2025-04,2025-04,47.32,ongoing_census,2024-06
N24001861,CONSTRUCTION OF BYPASS TO KHORDHA TOWN FROM KM 294/000 TO 300/300 ON NH-57 INCLUDING LA IN THE STATE,ROAD TRANSPORT AND HIGHWAYS,Odisha,N.A.,2022-02,157.49,,157.49,59.2,2024-11,2025-03,2025-03,15.75,ongoing_census,2024-06
N24001862,CONSTRUCTION OF BYPASS ROAD TO BALANGIR TOWN FROM KM 72/400 (DESING KM 0/0) TO KM 79/800 (DESIGN KM,ROAD TRANSPORT AND HIGHWAYS,Odisha,MoRTH,,238.78,,238.78,9.89,2025-10,2025-11,2025-11,10.0,ongoing_census,2024-06
N24001863,"CONSTRUCTION OF 5 HL BRIDGES AT KM 379/000 (PANGAM), KM 439/400 (POTTERU), KM 444/237",ROAD TRANSPORT AND HIGHWAYS,Odisha,Jun-25,,154.05,,154.05,33.45,2024-06,2025-06,2025-06,22.0,ongoing_census,2024-06
N24001864,CONSTRUCTION OF FOUR LANE ROB AND ITS APPROACHES IN LIEU OF EXISTING LEVEL CROSSING NO. RV-71 AT KM,ROAD TRANSPORT AND HIGHWAYS,Odisha,MoRTH,,154.49,,154.49,38.03,2025-06,2025-06,2025-06,15.75,ongoing_census,2024-06
N24001865,CONSTRUCTION OF 4 LANE ROB WITH APPROACHES IN LIEU OF LC NO. RV-172 AT KM 176.00 OF NH-201 (PRESENT,ROAD TRANSPORT AND HIGHWAYS,Odisha,MoRTH,2021-12,324.09,,324.09,66.7,2025-05,2025-05,2025-05,10.99,ongoing_census,2024-06
N24002078,REHABILITATION AND UP GRADATION FROM 4 TO 8 LANING OF CHANDIKHOLE PARADIP SECTION OF NH 53 FROM KM.,ROAD TRANSPORT AND HIGHWAYS,Odisha,NHAI,2023-12,711.0,,711.0,35.6,2025-12,,2025-12,9.1,ongoing_census,2024-06
N24002079,REHABILITATION AND UP GRADATION FROM 4 TO 8 LANING OF CHANDIKHOLE PARADIP SECTION OF NH 53 FROM KM,ROAD TRANSPORT AND HIGHWAYS,Odisha,N.A.,2023-12,742.25,,742.25,37.1,2025-12,,2025-12,15.6,ongoing_census,2024-06
N24002080,REHABILITATION AND UP GRADATION FROM 4 TO 8 LANING OF CHANDIKHOLE PARADIP SECTION OF NH 53 FROM KM,ROAD TRANSPORT AND HIGHWAYS,Odisha,NHAI,2023-12,762.75,,762.75,38.1,2025-12,,2025-12,19.12,ongoing_census,2024-06
N24002081,3L MAJOR BRIDGE OVER RIVER BRAHMANI AT KM. 401.250 (DUBURI CHANDIKHOLE SECTION) OF NH 200 (NEW NH 5,ROAD TRANSPORT AND HIGHWAYS,Odisha,N.A.,2022-08,153.61,,153.61,,2025-01,,2025-06,12.0,ongoing_census,2024-06
N24002135,WIDENING AND STRENGTHENLNG TO 2L+PS FROM KM 0.000 TO 40.000 (DHAUGAON- PODAMARI SECTION) OF NH 326 I,ROAD TRANSPORT AND HIGHWAYS,Odisha,MoRTH,2022-03,186.52,186.52,186.52,10.14,2026-02,2026-02,2026-02,12.0,ongoing_census,2024-06
N24002136,WIDENING AND STRENGTHENING TO 4L+PS/2L+PS FROM KM 0.000 TO 35.800 (KUAKHIA - MANGALPUR SECTION) OF N,ROAD TRANSPORT AND HIGHWAYS,Odisha,Feb-26,2022-03,636.1,,636.1,9.08,2026-02,2026-02,2026-02,5.96,ongoing_census,2024-06
N12000122,REBUILDING OF COKE OVEN BATTERY-2 ALONGWITH AUGMENTATION OF COKE HANDLING AND GAS HANDLING FACILITY,STEEL,Odisha,SAIL,2020-11,377.18,,377.18,388.68,2023-05,,2024-08,83.59,ongoing_census,2024-06
N12000125,INSTALLATION OF 4TH SLAB CASTER ALONG WITH ITS AUXILIARIES AND A NEW LADLE FURNACE IN SMS-II AT RSP,STEEL,Odisha,SAIL,2022-01,970.18,,970.18,349.16,2025-05,,2025-05,53.71,ongoing_census,2024-06
N28000142,"CONSTRUCTION OF PERMANENT CAMPUS OF INDIAN INSTITUTE OF MANAGEMENT (IIM) AMRITSAR, PUNJAB.",DEPARTMENT OF HIGHER EDUCATION,Punjab,CPWD EDUCATION,2019-10,348.24,,348.24,259.27,2022-05,,2024-12,83.0,ongoing_census,2024-06
N16000402,"SECOND GENERATION ETHANOL BIOREFINERY PROJECT, BATHINDA, PUNJAB",PETROLEUM,Punjab,N.A.,2020-05,1421.46,,1421.46,1001.64,2023-02,2024-07,2024-07,97.6,ongoing_census,2024-06
N16000440,BHATINDA SANGRUR PIPELINE (HPCL),PETROLEUM,Punjab,N.A.) (N.A.,2021-11,367.0,,367.0,271.13,2024-05,,2025-02,81.5,ongoing_census,2024-06
N16000488,CGD PROJECT AT PATHANKOT DISTRICT (IOCL),PETROLEUM,Punjab,N.A.,2022-03,151.0,,151.0,7.58,2030-03,,2033-09,1.5,ongoing_census,2024-06
N22000502,"MANSA-BHATINDA (PHASE-I), INCL. NEW MATERIAL MODIFICATION FOR RAMA MANDI (RAMAN) - SADA SINGHWALA VI",RAILWAYS,Punjab,NR,,404.0,,404.0,190.0,2016-08,,2025-08,60.0,ongoing_census,2024-06
N22000589,LUDHIANA MULLANPUR DOUBLING (NR),RAILWAYS,Punjab,N.A.) (N.A.,2020-09,82.99,,235.0,,2025-03,,2025-03,0.0,ongoing_census,2024-06
N22000597,RAJPURA-BHATINDA (172.64 KM) (MEGA),RAILWAYS,Punjab,N.A.) (N.A.,2017-06,1775.73,,1775.73,,2024-03,,2024-03,0.0,ongoing_census,2024-06
N22000614,FEROZPUR - PATTI (25.72 KM),RAILWAYS,Punjab,N.A.) (N.A.,2017-04,299.74,,299.74,,2027-03,,2027-03,0.0,ongoing_census,2024-06
N24000662,CONSTRUCTION OF PARTIALLY ACESS CONTROLLED FOUR LANE ELEVATED HIGHWAY BETWEEN SAMRALA CHOWK (DESIGN,ROAD TRANSPORT AND HIGHWAYS,Punjab,NHAI,2017-03,754.54,808.6,808.6,800.29,2020-03,2024-06,2024-06,99.4,ongoing_census,2024-06
N24000907,WIDENING AND PAVED SHOULDER OF TOHANA (IN HARYANA) PUNJAB/HARYANA BORDER TO MOONAK-JAKHAL-BUDHLADA,ROAD TRANSPORT AND HIGHWAYS,Punjab,MoRTH,,293.1,,315.0,306.6,2020-08,,2024-07,0.0,ongoing_census,2024-06
N24000909,JALANDHAR-HOSHIARPUR SECTION OF NH-70 [NEW NH NO. 3] FROM EXISTING KM 11.400 TO KM 49.200,ROAD TRANSPORT AND HIGHWAYS,Punjab,N.A.,,1069.59,,1069.59,739.08,2019-10,,2025-12,44.0,ongoing_census,2024-06
N24000910,REHABILITATION AND UP GRADATION TO 2 LANE WITH PAVED SHOULDER OF NH- 703A FROM MAKHU (DESIGN CH 0 000,ROAD TRANSPORT AND HIGHWAYS,Punjab,MoRTH,,170.57,192.48,150.0,104.98,2020-11,,2024-06,78.7,ongoing_census,2024-06
N24000941,REHABILITATION AND UPGRADATION TO 2 LANE WITH PAVED SHOULDER OF MOGA (DESIGN CH 0.000) TO MAKHU (DES,ROAD TRANSPORT AND HIGHWAYS,Punjab,N.A.,,293.64,,293.64,295.46,2020-08,,2020-08,0.0,ongoing_census,2024-06
N24001414,DELHI-AMRITSAR-KATRA EXPRESSWAY PATIALA-SAMANA-PATRAN ROAD (SH-1,ROAD TRANSPORT AND HIGHWAYS,Punjab,PHASE-I PKG-VI) FROM JUNCTION WITH (May-24) (908.28,2020-12,733.0,908.28,908.28,868.44,2024-01,2024-05,2024-07,95.33,ongoing_census,2024-06
N24001415,DELHI-AMRITSAR-KATRA EXPRESSWAY FROM JUNCTION WITH PATIALA- BATHINDA ROAD (NH-7) NEAR BHAWANIGARH TO,ROAD TRANSPORT AND HIGHWAYS,Punjab,Jul-24,2020-12,881.0,,881.0,845.56,2024-04,2024-07,2024-07,88.34,ongoing_census,2024-06
N24001416,DELHI-AMRITSAR-KATRA EXPRESSWAY FROM JUNCTION WITH LUDHIANA- MALERKOTLA ROAD (SH-11) NEAR BHOGIWAL VI,ROAD TRANSPORT AND HIGHWAYS,Punjab,NHAI,2020-12,989.66,,989.66,299.09,2024-01,2025-03,2025-03,30.12,ongoing_census,2024-06
N24001417,DELHI-AMRITSAR-KATRA EXPRESSWAY FROM JUNCTION WITH LUDHIANA-MOGA ROAD (NH-5) NEAR MULLANPUR DAKHA TO,ROAD TRANSPORT AND HIGHWAYS,Punjab,NHAI,2020-12,1234.4,,1234.4,716.97,2024-04,2024-07,2024-07,56.1,ongoing_census,2024-06
N24001418,DELHI-AMRITSAR-KATRA EXPRESSWAY FROM CH.KM 303+900 TO KM 319+400 OF MAIN EXPRESSWAY) AND AMRITSAR CO,ROAD TRANSPORT AND HIGHWAYS,Punjab,NHAI,2020-12,1094.46,,1094.46,707.21,2024-04,2024-07,2024-07,56.96,ongoing_census,2024-06
N24001419,DELHI-AMRITSAR-KATRA EXPRESSWAY JALANDHAR - KAPURTHALA ROAD (NH-,ROAD TRANSPORT AND HIGHWAYS,Punjab,N.A.,2021-02,1269.96,,1269.96,579.59,2024-04,2024-11,2024-11,41.47,ongoing_census,2024-06
N24001420,DELHI-AMRITSAR-KATRA EXPRESSWAY AMRITSAR-MEHTA-SRIHARGOBINDPUR-,ROAD TRANSPORT AND HIGHWAYS,Punjab,PHASE-I PKG-XII) FROM JUNCTION WITH (N.A.) (N.A.,2021-02,853.66,,853.66,68.71,2024-04,,2024-04,9.75,ongoing_census,2024-06
N24001514,"FOUR LANING OF EXISTING 2 LANE SECTION FROM MALOUT (DESIGN KM 44.500, EXISTING KM 80.200 OF NH-07) V",ROAD TRANSPORT AND HIGHWAYS,Punjab,N.A.,2021-01,1060.29,,1060.29,975.55,2024-01,2024-05,2024-08,98.0,ongoing_census,2024-06
N24001630,4/6L GREENFIELD LUDHIANA RUPNAGAR HIGHWAY FROM JUNCTION WITH NE 05 VILLAGR NEAR TO MANEWAL (LUDHIANA,ROAD TRANSPORT AND HIGHWAYS,Punjab,NHAI,2021-07,1501.02,,1501.02,257.0,2025-02,,2025-02,56.0,ongoing_census,2024-06
N24001631,6L OF IT CITY CHOWK TO KURALI CHANDIGARH ROAD,ROAD TRANSPORT AND HIGHWAYS,Punjab,N.A.,2021-03,1525.31,,1525.31,255.0,2024-10,,2024-10,60.0,ongoing_census,2024-06
N24001632,CONSTRUCTION OF FOUR LANE GREENFIELD PROJECT OF DELHI- AMRITSAR-KATRA EXPRESSWAY (PHASE-I PKG-V) FROM,ROAD TRANSPORT AND HIGHWAYS,Punjab,NHAI,2021-01,1741.86,,1741.86,1021.63,2024-05,,2024-12,67.36,ongoing_census,2024-06
N24001636,CONSTRUCTION OF FOUR/SIX LANE GREENFIELD LUDHIANA ? RUPNAGAR NATIONAL HIGHWAY NO. NH-205K UNDER BHAR,ROAD TRANSPORT AND HIGHWAYS,Punjab,NHAI,2021-05,1368.91,1368.91,1368.91,163.58,2024-12,2024-12,2024-12,15.31,ongoing_census,2024-06
N24001637,DEVELOPMENT OF 6 LANE JALANDHAR BYPASS FROM KAHLWAN NATIONAL HIGHWAY 03 DESIGN KM 0.00 ENDING AT K,ROAD TRANSPORT AND HIGHWAYS,Punjab,NHAI,2021-03,1754.84,,1754.84,923.06,2025-01,,2025-01,22.05,ongoing_census,2024-06
N24001638,4L GREENFIELD A. MALOUT BYPASS FROM CH. KM 44.500 TO CH. KM 35.500 ON NH-07 AND CH. KM 0.000 TO KM 6,ROAD TRANSPORT AND HIGHWAYS,Punjab,NHAI,2021-11,646.42,646.42,646.42,481.67,2024-07,2024-07,2024-07,80.0,ongoing_census,2024-06
N24001639,FOUR LANING OF MOGA TO BAJAKHANA LAMBWALI SECTION OF 105B GREENFIELD ALIGNMENT FROM DESIGN CHAINAGE,ROAD TRANSPORT AND HIGHWAYS,Punjab,NHAI,2020-05,864.23,864.23,864.23,434.88,2024-12,2025-06,2025-06,21.0,ongoing_census,2024-06
N24001640,6L AMRITSAR BATHINDA GREENFIELD SECTION FROM VILLAGE TIBA ON NE 5A TO JN. WITH MOGA JALANDHAR ROAD N,ROAD TRANSPORT AND HIGHWAYS,Punjab,N.A.,2021-03,1229.38,,1229.38,635.09,2024-11,,2024-11,26.9,ongoing_census,2024-06
N24001641,DELHI AMRITSAR KATRA EXPRESSWAY PHASE I SPUR III FROM JUNCTION WITH AMRITSAR JALANDHAR ROAD NH3 NEAR,ROAD TRANSPORT AND HIGHWAYS,Punjab,NHAI,2021-03,1641.75,,1641.75,164.43,2024-10,,2024-10,20.2,ongoing_census,2024-06
N24001642,FOUR LANING OF AMRITSAR BYPASS FROM NEW TARN TARAN ROAD TO AJNALA ROAD FROM DESIGN KM. 0.750 TO DESI,ROAD TRANSPORT AND HIGHWAYS,Punjab,N.A.,2021-02,1474.77,,1474.77,384.91,2024-08,,2024-08,61.0,ongoing_census,2024-06
N24001643,4L OF AMRITSAR GHOMAN TANDA UNA SECTION FROM KM 8.270 TO KM 54.000 OF NH 503A PACKAGE I,ROAD TRANSPORT AND HIGHWAYS,Punjab,NHAI,2020-12,857.91,,857.91,105.75,2024-06,2025-06,2025-06,29.51,ongoing_census,2024-06
N24001644,AMRITSAR AIRPORT JUNCTION RAMDAS FROM KM. 100.835 TO KM. 139.813 PKG IV,ROAD TRANSPORT AND HIGHWAYS,Punjab,NHAI,2020-12,524.88,416.58,416.58,142.81,2023-09,2024-09,2024-09,67.0,ongoing_census,2024-06
N24001645,4L OF MALOUT-MANDI DABWALI SECTION PKG-01 DANEWALA AT KM 7.000 TO MANDI DABWALI AT KM 29.500 OF NH-0,ROAD TRANSPORT AND HIGHWAYS,Punjab,NHAI,2020-12,366.85,366.85,366.85,519.77,2023-06,2024-02,2024-02,100.0,ongoing_census,2024-06
N24001960,UP-GRADATION TO TWO LANE WITH PAVED SHOULDER CONFIGURATION OF NH-354 SECTION ARIFKES-FEROZEPUR- MUKTS,ROAD TRANSPORT AND HIGHWAYS,Punjab,N.A.,2021-03,263.19,,220.0,30.0,2023-10,,2025-04,21.0,ongoing_census,2024-06
N24001961,WORK OF WIDENING/UPGRADATION OF 2- LANE WITH PAVED SHOULDER OF SRI MUKTSAR SAHIB TO MALOUT ROAD FROM,ROAD TRANSPORT AND HIGHWAYS,Punjab,MoRTH,,152.58,,152.58,33.45,2023-10,,2025-04,20.0,ongoing_census,2024-06
N24002075,6L OF JODHPUR ROMANA (BATHINDA) - MANDI DABWALI (PUNJAB HARYANA BORDER) SECTION OF NH-54 FROM KM. 0.,ROAD TRANSPORT AND HIGHWAYS,Punjab,Aug-25) (757.00,,757.13,757.0,757.0,246.51,2025-08,2025-08,2025-08,73.0,ongoing_census,2024-06
N24002076,6L AMRITSAR-BATHINDA GREENFIELD SECTION FROM JN. WITH BHAGTA BHAI KA-BHADAUR ROAD NEAR DYALPURA BHAI,ROAD TRANSPORT AND HIGHWAYS,Punjab,NHAI,2021-03,2029.17,2029.0,2029.0,84.23,2025-10,2025-10,2025-10,17.0,ongoing_census,2024-06
N24002091,6L ACCESS CONTROLLED LUDHIANA- BATHINDA GREENFIELD HIGHWAY FROM JN. WITH AMRITSAR-BATHANDA GREENFIELD,ROAD TRANSPORT AND HIGHWAYS,Punjab,Sep-25) (906.51,2021-06,906.51,906.51,906.51,134.05,2025-09,2025-09,2025-09,22.67,ongoing_census,2024-06
N24002092,6-LANE AMRITSAR-BATHINDA GREENFIELD SECTION OF NH-754A FROM JUNCTION WITH MOGA JALANDHAR ROAD (NH-70,ROAD TRANSPORT AND HIGHWAYS,Punjab,NHAI,2021-03,1801.37,,1801.37,725.3,2025-10,,2025-10,8.9,ongoing_census,2024-06
N24002098,6L OF AMBALA-CHANDIGARH GREENFIELD SECTION FROM KM. 0.000 TO KM. 25.000 WITH 4L SPUR TO LALRU FROM K,ROAD TRANSPORT AND HIGHWAYS,Punjab,NHAI,2022-03,1641.66,,1641.66,50.0,2025-10,,2025-10,21.0,ongoing_census,2024-06
N24002100,4L OF EXISTING BEAS ? BABA BAKALA - DERA BABA NANAK SECTION FROM START OF BATALA BYPASS TILL INTERSE,ROAD TRANSPORT AND HIGHWAYS,Punjab,NHAI,,1003.38,,1003.38,207.34,2025-06,,2025-06,55.76,ongoing_census,2024-06
N24002101,4L OF BEAS-MEHTA-BATALA-DERA BABA NANAK FROM INTERSECTION WITH JALANDHAR-AMRITSAR HIGHWAY (NH-3) NEA,ROAD TRANSPORT AND HIGHWAYS,Punjab,N.A.,2021-08,809.51,,809.51,114.83,2025-06,,2025-06,35.23,ongoing_census,2024-06
N24002102,DELHI-AMRITSAR-KATRA EXPRESSWAY KAPURTHALA - SULTANPUR LODHI ROAD (NH,ROAD TRANSPORT AND HIGHWAYS,Punjab,PHASE-I SPUR-I) FROM JN. WITH (N.A.) (N.A.,2020-01,2165.23,,2165.23,99.67,2026-04,,2026-04,11.71,ongoing_census,2024-06
N02000027,RAJASTHAN ATOMIC POWER PROJECT -7 AND 8 (2X700 MW),ATOMIC ENERGY,Rajasthan,NPCIL,,12320.0,22924.0,22924.0,18503.0,2016-12,,2026-12,91.7,ongoing_census,2024-06
N04000101,CONSTRUCTION OF NEW TERMINAL BUILDING AT JODHPUR AIRPORT,CIVIL AVIATION,Rajasthan,AAI,2022-05,480.0,,480.0,83.17,2024-11,,2025-01,38.0,ongoing_census,2024-06
N04000104,UDAIPUR AIRPORT- CONSTRUCTION OF NEW INTEGRATED PASSENGER TERMINAL BUILDING,CIVIL AVIATION,Rajasthan,N.A.,,887.0,,887.0,76.58,2026-03,,2026-03,18.1,ongoing_census,2024-06
N06000269,NLCIL 300 MW SOLAR POWER PROJECT,COAL,Rajasthan,PART OF 510 MW CPSU SCHEME) (N.A.) (N.A.,2023-03,1813.0,,1813.0,336.94,2024-09,,2024-09,21.96,ongoing_census,2024-06
N16000435,NEW MUNDRA-PANIPAT CRUDE OIL PIPELINE,PETROLEUM,Rajasthan,IOCL,2021-12,9028.0,,9028.0,5298.58,2024-10,2024-12,2024-12,61.52,ongoing_census,2024-06
N16000489,"CGD PROJECT AT JHUNJHUNU, SIKAR AND NAGAUR DISTRICTS",PETROLEUM,Rajasthan,IOCL,2022-03,575.0,,575.0,104.51,2030-03,,2031-03,5.6,ongoing_census,2024-06
N16000496,"CGD PROJECT IN TONK, SAWAI MADHOPUR, DAUSA, KARAULI",PETROLEUM,Rajasthan,N.A.,2022-03,1751.0,,1751.0,142.88,2030-03,,2030-03,17.9,ongoing_census,2024-06
N16000512,SETTING UP OF PETROCHEMICAL EVACUATION MARKETING TERMINAL (PEMT) AT BARMER,PETROLEUM,Rajasthan,HPCL,2023-12,461.05,,461.05,5.83,2026-12,,2026-12,8.7,ongoing_census,2024-06
N16000513,RAJASTHAN REFINERY PROJECT,PETROLEUM,Rajasthan,HPCLRRL(JV),2017-10,43129.0,72937.0,72937.0,47324.0,2022-10,2025-03,2025-03,80.2,ongoing_census,2024-06
N16000520,CGD PROJECTS AT FAZILKA (EXCEPT AREA ALREADY AUTHORIZED) GANGANAGAR AND HANUMANGARH DISTRICTS,PETROLEUM,Rajasthan,BPCL,2022-12,3207.0,,3207.0,155.48,2030-06,,2030-06,16.2,ongoing_census,2024-06
N18000286,SAMBHU KI BHURJ-II SOLAR 300MW (NTPC),POWER,Rajasthan,N.A.) (N.A.,2020-03,1782.0,,1782.0,1279.42,2021-09,,2024-09,0.0,ongoing_census,2024-06
N18000292,ANTA SOLAR 90 MW (NTPC),POWER,Rajasthan,N.A.,2021-01,382.22,,382.22,497.17,2022-03,,2022-03,0.0,ongoing_census,2024-06
N18000293,BHENSARA 320 MW (NTPC),POWER,Rajasthan,N.A.) (N.A.,2021-01,1221.73,,1221.73,719.49,2022-07,,2022-07,0.0,ongoing_census,2024-06
N18000294,CHHATTARGARH 150 MW (NTPC),POWER,Rajasthan,Mar-24) (N.A.,2021-02,599.99,,599.99,243.12,2022-07,2024-03,2024-03,0.0,ongoing_census,2024-06
N18000300,TRANSMISSION SYSTEM STRENGTHENING SCHEME FOR EVACUATION OF POWER FROM SOLAR ENERGY ZONES IN RAJASTHA,POWER,Rajasthan,PGCIL,2021-05,1184.88,,1184.88,804.84,2022-09,,2022-09,0.0,ongoing_census,2024-06
N18000303,TRANSMISSION SYSTEM STRENGTHENING SCHEME FOR EVACUATION OF POWER FROM SOLAR ENERGY ZONES IN RAJASTHA,POWER,Rajasthan,N.A.,2021-03,353.85,,353.85,273.06,2022-12,,2023-12,100.0,ongoing_census,2024-06
N18000304,TRANSMISSION SYSTEM STRENGTHENING SCHEME FOR EVACUATION OF POWER FROM SOLAR ENERGY ZONES IN RAJASTHA,POWER,Rajasthan,PGCIL,2021-03,1340.81,,1340.81,1318.34,2022-12,,2023-07,100.0,ongoing_census,2024-06
N18000305,TRANSMISSION SYSTEM STRENGTHENING SCHEME FOR EVACUATION OF POWER FROM SOLAR ENERGY ZONES IN RAJASTHA,POWER,Rajasthan,PGCIL,2021-06,713.82,,713.82,583.51,2022-12,,2024-05,78.0,ongoing_census,2024-06
N18000306,TRANSMISSION SYSTEM STRENGTHENING SCHEME FOR EVACUATION OF POWER FROM SOLAR ENERGY ZONES IN RAJASTHA,POWER,Rajasthan,PGCIL,2021-06,1562.0,,1562.0,1065.25,2022-12,,2024-12,81.0,ongoing_census,2024-06
N18000307,TRANSMISSION SYSTEM STRENGTHENING SCHEME FOR EVACUATION OF POWER FROM SOLAR ENERGY ZONES IN RAJASTHA,POWER,Rajasthan,PGCIL,2021-06,1006.0,,1006.0,847.11,2022-12,,2024-12,94.0,ongoing_census,2024-06
N18000314,"TRANSMISSION SYSTEM FOR PROVIDING CONNECTIVITY TO RE PROJECTS AT BIKANER (PG), FATEHGARH-II AND BHAD",POWER,Rajasthan,PGCIL,2020-01,562.86,,545.88,409.38,2021-01,,2023-05,100.0,ongoing_census,2024-06
N18000320,NOKH PLOT-1 SOLAR PV PROJECT 245MW,POWER,Rajasthan,N.A.) (N.A.,2022-03,1352.71,,1352.71,359.51,2023-08,,2024-09,0.0,ongoing_census,2024-06
N18000321,NOKH PLOT-2 SOLAR PV PROJECT 245MW (NTPC),POWER,Rajasthan,N.A.,2022-03,1409.52,,1409.52,632.99,2023-08,,2024-09,0.0,ongoing_census,2024-06
N18000322,NOKH PLOT-3 SOLAR PV PROJECT 245MW (NTPC),POWER,Rajasthan,N.A.) (N.A.,2022-03,1426.94,,1426.94,362.86,2023-08,,2024-09,0.0,ongoing_census,2024-06
N18000347,BHADLA-II 500MW SOLAR PV PROJECT (NTPC),POWER,Rajasthan,N.A.,2022-06,2598.92,,2598.92,468.43,2024-03,,2024-12,0.0,ongoing_census,2024-06
N18000356,TRANSMISSION SYSTEM SCHEME FOR EVACUATION OF POWER FROM REZ RAJASTHAN (8.1 GW) UNDER PHASE-II PART,POWER,Rajasthan,PGCIL,2023-03,1433.28,,1433.28,359.47,2024-09,,2024-09,35.0,ongoing_census,2024-06
N18000368,300 MW SOLAR POWER PROJECT UNDER CPSU SCHEME,POWER,Rajasthan,NHPC,2022-05,1677.12,,1677.12,684.08,2023-11,,2025-03,55.0,ongoing_census,2024-06
N18000371,SCHEME TO RELIEVE HIGH LOADING OF WR-NR INTER REGIONAL CORRIDOR,POWER,Rajasthan,N.A.,,200.58,,200.58,134.39,2024-05,,2024-06,100.0,ongoing_census,2024-06
N18000372,TRANSMISSION SYSTEM FOR EVACUATION OF POWER FROM RAJASTHAN REZ PHASE-IV PART-I (BIKANER COMPLEX) PAR,POWER,Rajasthan,PGCIL,2023-06,202.39,,202.39,0.84,2025-01,,2024-12,45.0,ongoing_census,2024-06
N18000373,"TS FOR EVACUATION OF POWER FROM REZ IN RAJASTHAN (20GW) UNDER PHASE-III, PART E1",POWER,Rajasthan,PGCIL,2023-08,688.74,,688.74,,2025-02,,2025-02,17.0,ongoing_census,2024-06
N18000374,TS FOR EVACUATION POWER FROM REZ IN RAJASTHAN (20GW) UNDER PHASE-III PART H,POWER,Rajasthan,PGCIL,,2211.0,,2211.0,140.83,2025-04,,2025-04,9.0,ongoing_census,2024-06
N18000375,TS FOR EVACUATION POWER FROM REZ IN RAJASTHAN (20GW) UNDER PHASE-III PART C1,POWER,Rajasthan,N.A.,,1796.0,,1796.0,232.48,2025-04,,2025-04,8.0,ongoing_census,2024-06
N18000376,TS FOR EVACUATION POWER FROM REZ IN RAJASTHAN (20GW) UNDER PHASE-III PART B1,POWER,Rajasthan,PGCIL,,2191.0,,2191.0,242.86,2025-04,,2025-04,10.0,ongoing_census,2024-06
N18000378,TS FOR EVACUATION POWER FROM REZ IN RAJASTHAN (20GW) UNDER PHASE-III PART J,POWER,Rajasthan,N.A.,,331.0,,331.0,7.66,2025-03,,2025-03,26.0,ongoing_census,2024-06
N18000379,TS FOR EVACUATION POWER FROM REZ IN RAJASTHAN (20GW) UNDER PHASE-III PART E2,POWER,Rajasthan,PGCIL,,428.0,,428.0,,2025-06,,2025-06,0.0,ongoing_census,2024-06
N18000386,TS FOR EVACUATION OF POWER FROM RAJASTHAN REZ PH-IV (PART-1) [BIKANER COMPLEX] PART A [BIKANER III N,POWER,Rajasthan,N.A.,2023-12,2998.0,,2998.0,72.72,2025-12,,2025-12,2.0,ongoing_census,2024-06
N18000387,TS FOR EVACUATION OF POWER FROM RAJASTHAN REZ PH-IV (PART-1) [BIKANER COMPLEX] PART D [NEEMRANA II B,POWER,Rajasthan,PGCIL,2023-12,2056.0,,2056.0,112.0,2025-12,,2025-12,8.0,ongoing_census,2024-06
N18000389,TS FOR EVACUATION OF POWER FROM REZ IN RAJASTHAN (20GW) UNDER PH-III PART D [SIKAR KHETRI TRANSMISSI,POWER,Rajasthan,MEGA,2024-02,2000.0,,2000.0,,2025-08,,2025-08,0.0,ongoing_census,2024-06
N22000553,AGRA FORT-BANDIKUI,RAILWAYS,Rajasthan,May-26) (987.83,2022-06,1389.81,987.83,987.83,0.24,2027-06,2026-05,2026-05,10.0,ongoing_census,2024-06
N22000593,GUDHA THATHANA MITHRI TEST TRACK FOR RDSO,RAILWAYS,Rajasthan,N.A.,2019-04,528.48,,528.48,308.53,2025-03,,2025-03,60.0,ongoing_census,2024-06
N22000594,DEDICATED TEST TRACK FOR RDSO,RAILWAYS,Rajasthan,PHASE II) (N.A.) (N.A.,2021-11,466.42,,466.42,489.01,2026-11,,2024-12,65.0,ongoing_census,2024-06
N22000605,DOUBLING BETWEEN CHURU- RATANGARH (42.81 KM),RAILWAYS,Rajasthan,N.A.,2023-02,422.6,,422.6,59.68,2028-02,,2026-01,2.0,ongoing_census,2024-06
N22000607,SAWAIMADHOPUR - BYPASS LINE (6.98 KM) (UMBRELLA WORK PB#57/2019-20/NR),RAILWAYS,Rajasthan,NWR,2022-12,304.0,239.54,239.54,58.07,2026-06,,2025-12,5.0,ongoing_census,2024-06
N22000608,GC OF NATHDWARA - DEVGARH MADARIYA (82.5KM),RAILWAYS,Rajasthan,NWR,2023-01,968.92,,968.92,134.16,2028-06,,2027-01,4.0,ongoing_census,2024-06
220100184,"DAUSA-GANGAPUR CITY(NL),NWR (NWR)",RAILWAYS,Rajasthan,N.A.,1997-02,410.08,,1020.0,1042.44,2019-02,,2024-03,100.0,ongoing_census,2024-06
N24000691,SIX-LANNING OF GREENFIELD PROPOSED UDAIPUR BYPASS PKG-IV,ROAD TRANSPORT AND HIGHWAYS,Rajasthan,NHAI,2017-04,894.0,,929.32,915.67,2020-04,2024-07,2024-07,100.0,ongoing_census,2024-06
N24000711,FOUR LANING OF DANGIAWAS (KM 96.595 TO NH-112) TO JAJIWAL (KM 283.500 OF NH 65 NAGAUR ROAD) SECTIO,ROAD TRANSPORT AND HIGHWAYS,Rajasthan,NHAI,,1308.73,,1308.73,656.1,2020-12,2024-07,2024-07,98.82,ongoing_census,2024-06
N24000795,CONSTRUCTION/ UP-GRATION OF FOUR/TWO LANE WITH PAVED SHOULDER OF NH68 FROM TANOT- RAMGARH BHADASAR-JA,ROAD TRANSPORT AND HIGHWAYS,Rajasthan,NHAI,2018-02,741.86,649.0,649.0,672.53,2021-04,2024-07,2024-07,96.0,ongoing_census,2024-06
N24001241,UP-GRADATION TO TWO LANING WITH PAVED SHOULDER OF AJMER-NAGAUR SECTION BY EXECUTING BALANCE WORK FRO,ROAD TRANSPORT AND HIGHWAYS,Rajasthan,N.A.,2020-03,255.23,,255.23,250.0,2022-10,2024-12,2024-12,94.0,ongoing_census,2024-06
N24001242,REHABILATION AND UPGRADATION TO 2 LANE WITH PAVED SHPULDERS CONFIGURATION OF BEAWAR-ASIND SECTION (K,ROAD TRANSPORT AND HIGHWAYS,Rajasthan,MoRTH,,196.23,,196.0,130.13,2022-11,,2024-03,100.0,ongoing_census,2024-06
N24001409,4L+PS OF RAS-BEAWAR SECTION (KM 0.00 TO KM 30.00) OF NH-158 (GNHCP) WORLD BANK. PKG-I.,ROAD TRANSPORT AND HIGHWAYS,Rajasthan,N.A.,2020-07,319.09,,319.09,138.67,2024-03,,2024-09,43.31,ongoing_census,2024-06
N24001410,4L+PS OF BEAWAR-ASIND SECTION (KM 30.00 TO KM 74.00) OF NH-158 (GNHCP) WORLD BANK. PKG-II,ROAD TRANSPORT AND HIGHWAYS,Rajasthan,MoRTH,,216.72,,216.72,133.45,2022-12,,2024-03,100.0,ongoing_census,2024-06
N24001411,4L+PS OF NH -58 FROM BEAWAR-GOMTI,ROAD TRANSPORT AND HIGHWAYS,Rajasthan,OLD CH KM 58.245 TO KM. 108.600) PKG-I. (N.A.,2020-12,379.23,,379.23,227.12,2023-10,,2024-06,84.0,ongoing_census,2024-06
N24001412,4L+PS OF NH -58 FROM BEAWAR-GOMTI 158.419 TO KM 173.300 PKG-II.,ROAD TRANSPORT AND HIGHWAYS,Rajasthan,OLD CH KM 108.600 TO KM 144 KM (N.A.) (N.A.,2020-12,339.65,,339.65,207.23,2023-10,,2024-06,93.0,ongoing_census,2024-06
N24001413,2L+PS FROM KM 148/170 TO 211 /100 SAGWARA) SECTION OF NH-927A. PKG-,ROAD TRANSPORT AND HIGHWAYS,Rajasthan,DEVAL- DUNGARPUR-HIRATA - VARDA- (N.A.) (N.A.,2021-02,240.99,,240.99,233.39,2024-01,,2024-05,94.13,ongoing_census,2024-06
N24001527,2L+PS FOR WORK OF NH-325 (BALOTRA TO SANDERAO VIA JALORE) BY CONSTRUCTION OF BYPASSES:(1) ASOTRA- BR,ROAD TRANSPORT AND HIGHWAYS,Rajasthan,MoRTH,2021-12,411.4,,411.4,143.61,2024-05,,2024-05,45.0,ongoing_census,2024-06
N24001528,WIDENING OF PACHPADRA-BAGUNDI SECTION TO 4 LANE FROM KM 73/60 TO 95/70 OF NH-25 ON EPC MODE IN THE,ROAD TRANSPORT AND HIGHWAYS,Rajasthan,N.A.,2022-01,194.88,,194.88,104.69,2024-12,,2024-12,50.0,ongoing_census,2024-06
N24001529,44 LANE DIVIDED CARRIAGEWAY OF BARMER BYPASS OF NH-15 (NEW NH-68) IN THE STATE OF RAJASTHAN ON EPC M,ROAD TRANSPORT AND HIGHWAYS,Rajasthan,MoRTH,2021-12,451.66,,451.66,401.78,2024-08,,2024-08,94.0,ongoing_census,2024-06
N24001530,UPGRADATION TO TWO LANE PAVED SHOULDER OF KOTHUN-LALSOT-KAROLI- DHOLPUR ROAD NH-23 (OLD NH-11B) IN TH,ROAD TRANSPORT AND HIGHWAYS,Rajasthan,N.A.,2021-12,150.11,,150.11,56.33,2024-09,,2024-09,53.0,ongoing_census,2024-06
N24001531,UPGRADATION AND REHABILITATION TO TWO LANE WITH PAVED SHOULDER OF BARMER GHAGARIYA SECTION FROM KM,ROAD TRANSPORT AND HIGHWAYS,Rajasthan,MoRTH,,304.87,,304.87,289.31,2024-08,,2024-08,98.0,ongoing_census,2024-06
N24001557,4L GREENFIELD SPUR FROM DELHI- VADODARA GREENFIELD EXPRESSWAY NEAR BANDIKUI TO JAIPUR,ROAD TRANSPORT AND HIGHWAYS,Rajasthan,N.A.,2022-03,1636.15,,1636.15,589.32,2024-11,,2024-11,68.2,ongoing_census,2024-06
N24001558,4L OF KARWAR (KM. 281.980 OF NH-62 NAGAUR ROAD) TO DANGIYAVAS OF JODHPUR RING ROAD (PKG-II),ROAD TRANSPORT AND HIGHWAYS,Rajasthan,NHAI,2021-11,736.75,,736.75,182.79,2024-08,,2024-08,66.36,ongoing_census,2024-06
N24001559,2L PS SRIGANGANAGAR TO RAISINGHNAGAR (DESIGN CHAINAGE - 0.500 KM TO DESIGN CHAINAGE 101.000 KM) (PACK,ROAD TRANSPORT AND HIGHWAYS,Rajasthan,NHAI,2021-09,672.35,,672.35,346.81,2024-06,2024-11,2024-11,87.1,ongoing_census,2024-06
N24001560,SANGARIYA (NEAR CHAUTALA)-RASISAR PACKAGE-2),ROAD TRANSPORT AND HIGHWAYS,Rajasthan,NEAR BIKANER) (PHASE-I) (AJ/SR- (May-24) (N.A.,2019-02,755.16,,755.16,933.75,2023-10,2024-05,2024-05,100.0,ongoing_census,2024-06
N24001561,DEOGARH (NEAR DHANDHANIYA)- RAJASTHAN/GUJARAT BORDER (PHASE-I) (AJ/DRGB-PACKAGE-8),ROAD TRANSPORT AND HIGHWAYS,Rajasthan,May-24,2019-10,839.63,,839.63,194.83,2023-10,2024-05,2024-05,100.0,ongoing_census,2024-06
N24001562,SANGARIYA (NEAR CHAUTALA)-RASISAR PACKAGE-1),ROAD TRANSPORT AND HIGHWAYS,Rajasthan,NEAR BIKANER) (PHASE-I) (AJ/SR- (May-24) (N.A.,2019-02,738.9,,738.9,891.1,2023-10,2024-05,2024-05,100.0,ongoing_census,2024-06
N24001563,DEOGARH (NEAR DHANDHANIYA)- RAJASTHAN/GUJARAT BORDER (PHASE-I) (AJ/DRGB-PACKAGE-6),ROAD TRANSPORT AND HIGHWAYS,Rajasthan,Aug-24,2019-10,846.59,,846.59,134.29,2023-08,2024-08,2024-08,92.4,ongoing_census,2024-06
N24001564,DEOGARH (NEAR DHANDHANIYA)- RAJASTHAN/GUJARAT BORDER (PHASE-I) (AJ/DRGB-PACKAGE-7),ROAD TRANSPORT AND HIGHWAYS,Rajasthan,NHAI,2019-10,662.08,,662.08,89.91,2023-07,2024-08,2024-08,94.5,ongoing_census,2024-06
N24001566,DELHI-VADODARA GREENFIELD ALIGNMENT (NH-148N) (PKG-11) (CH. 319.400 TO CH. 331.030) [HARDEOGANJ VILL,ROAD TRANSPORT AND HIGHWAYS,Rajasthan,Jun-24,2019-11,1640.1,,1640.1,1159.13,2023-05,2024-06,2023-06,100.0,ongoing_census,2024-06
N24001567,DELHI-VADODARA GREENFIELD ALIGNMENT (NH-148N) (PKG-10) (CH. 292.950 TO CH. 319.400) [END OF INTERCHA,ROAD TRANSPORT AND HIGHWAYS,Rajasthan,NHAI,2019-11,1272.97,,1272.97,561.2,2022-10,2024-07,2024-07,81.09,ongoing_census,2024-06
N24001568,DELHI-VADODARA GREENFIELD ALIGNMENT (NH-148N) (PKG-14) (CH. 388.420 TO CH. 419.000) [JUNCTION WITH N,ROAD TRANSPORT AND HIGHWAYS,Rajasthan,NHAI,2019-11,1119.35,,1119.35,1421.21,2023-05,2024-06,2024-06,98.5,ongoing_census,2024-06
N24001569,DELHI-VADODARA GREENFIELD ALIGNMENT (NH-148N) (PKG-12) (CH. 331.030 TO CH. 359.170) [MAJOR BRIDGE ON,ROAD TRANSPORT AND HIGHWAYS,Rajasthan,NHAI,2019-11,1425.02,,1425.02,1365.31,2023-03,2024-06,2024-06,100.0,ongoing_census,2024-06
N24001571,DELHI-VADODARA GREENFIELD ALIGNMENT (NH-148N) (PKG-13) (CH. 359.170 TO CH. 388.420) [JUNCTION WITH S,ROAD TRANSPORT AND HIGHWAYS,Rajasthan,N.A.,2019-11,1341.36,,1341.36,1070.19,2023-12,2024-06,2024-06,99.55,ongoing_census,2024-06
N24001572,DELHI-VADODARA GREENFIELD ALIGNMENT (NH-148N) (PKG-16) (CH. 427.300 TO CH.452.420) [MAJOR BRIDGE OVE,ROAD TRANSPORT AND HIGHWAYS,Rajasthan,NHAI,2019-11,952.57,,952.57,892.27,2023-01,2024-01,2024-01,100.0,ongoing_census,2024-06
N24001573,DELHI-VADODARA GREENFIELD ALIGNMENT (NH-148N) (PKG-09) (CH. 247.310 TO CH. 292.950) [JUNCTION WITH M,ROAD TRANSPORT AND HIGHWAYS,Rajasthan,N.A.,2019-11,1658.06,,1658.06,179.92,2022-12,2024-06,2024-06,99.9,ongoing_census,2024-06
N24001612,DELHI-VADODARA GREENFIELD ALIGNMENT (NH-148N) (PKG-15) (CH. 419.000 TO CH.427.300) [JUNCTION WITH NH,ROAD TRANSPORT AND HIGHWAYS,Rajasthan,NHAI,2020-07,1788.69,,1788.69,762.64,2024-01,2025-09,2025-09,63.0,ongoing_census,2024-06
N24001866,"CONSTRUCTION OF TWO LANE WITH PAVED SHOULDER FOR FATEHPUR BYPASS, MANDAWA BYPASS AND JHUNJHUNU BYPAS",ROAD TRANSPORT AND HIGHWAYS,Rajasthan,N.A.,2022-03,186.29,,186.29,142.69,2024-08,,2024-08,64.0,ongoing_census,2024-06
N24001867,UPGRADATION OF TWO LANE PAVED SHOULDER FROM SHAHPURA TO THANAGAZI OF NH-248A ON EPC MODE IN THE STAT,ROAD TRANSPORT AND HIGHWAYS,Rajasthan,MoRTH,2022-03,174.34,,174.34,104.08,2024-07,,2024-07,57.0,ongoing_census,2024-06
N24001868,Sagwara Bypass and Garhi- Partapur Bypass of NH- 927A in the State of Rajasthan.,ROAD TRANSPORT AND HIGHWAYS,Rajasthan,MoRTH,2022-03,187.65,,187.65,66.57,2025-08,,2025-08,25.0,ongoing_census,2024-06
N24001869,UPGRADATION AND REHABILITATION TO TWO LANE WITH PAVED SHOULDER OF GHAGARIYA- MUNABAO SECTION FROM KM,ROAD TRANSPORT AND HIGHWAYS,Rajasthan,MoRTH,,235.15,,235.15,92.29,2025-08,,2025-08,47.0,ongoing_census,2024-06
N24001927,UP-GRADATION TO 2 LANE WITH PAVED SHOULDER FROM CHARBHUJA AT DESIGN KM 0.00 (EXISTING KM 150.00) TO,ROAD TRANSPORT AND HIGHWAYS,Rajasthan,MoRTH,2022-02,838.43,,838.43,152.87,2025-09,,2025-09,16.0,ongoing_census,2024-06
N24001928,CONSTRUCTION OF 2 LANE WITH PAVED SHOULDER NORTHERN BYPASS PHASE-II OF KOTA CITY FROM DESIGN CHAINAG,ROAD TRANSPORT AND HIGHWAYS,Rajasthan,MoRTH,2022-03,317.74,,317.74,136.23,2025-04,,2025-04,2.0,ongoing_census,2024-06
N24002058,ADDITIONAL STRUCTURES ON 6LGURGAON-JAIPUR SECTION OF NH-48 BETWEEN KM 42.700 TO KM 273.00,ROAD TRANSPORT AND HIGHWAYS,Rajasthan,NHAI,2022-08,409.64,,409.64,177.25,2024-06,,2025-06,39.66,ongoing_census,2024-06
N04000110,PAKYONG AIRPORT- WIDENING OF BASIC STRIP AT WESTERN SIDE OF RUNWAY CHAINAGE 80M TO 920M I/C SLOPE ST,CIVIL AVIATION,Sikkim,AAI,,323.26,,323.26,6.01,2026-06,,2026-06,3.0,ongoing_census,2024-06
N44000002,"CONSTRUCTION OF SIKKIM UNIVERSITY CAMPUS PHASE-I, PACKAGE -II AT YANGANG SOUTH SIKKIM",DEPARTMENT OF HIGHER EDUCATION,Sikkim,N.A.,2020-08,314.06,,303.55,121.42,2025-01,,2024-12,40.0,ongoing_census,2024-06
N18000325,TEESTA VI HE PROJECT,POWER,Sikkim,N.A.) (N.A.,2019-03,5748.04,,5748.04,3600.93,2024-03,,2027-12,62.93,ongoing_census,2024-06
N18000326,RANGIT IV HE PROJECT (NHPC),POWER,Sikkim,N.A.) (N.A.,2021-03,938.29,,1871.23,1115.43,2024-05,,2025-05,76.83,ongoing_census,2024-06
N22000102,"SEVOK RANGPO, NEFR (NFR)",RAILWAYS,Sikkim,N.A.) (N.A.,2008-04,1339.48,,7876.92,3290.96,2015-12,,2023-12,39.8,ongoing_census,2024-06
N24000767,CONSTRUCTION OF 2-LANE WITH PAVED SHOULDER INCLUDING GEOMETRIC IMPROVEMENT FROM KM 0.000 TO KM 16.00,ROAD TRANSPORT AND HIGHWAYS,Sikkim,May-22,2017-03,375.8,,375.8,287.51,2022-04,2022-05,2023-12,95.26,ongoing_census,2024-06
N24000768,CONSTRUCTION OF 2-LANE WITH PAVED SHOULDER INCLUDING GEOMETRIC IMPROVEMENT FROM KM 16.000 TO KM 32.5,ROAD TRANSPORT AND HIGHWAYS,Sikkim,NHIDCL,2017-11,290.05,,290.05,218.36,2020-10,2023-08,2024-08,96.74,ongoing_census,2024-06
N24001251,CONSTUCTION/UPGRADATION OF EXISTING HIGHWAY TO 2 LANE WITH PAVED SHOULDER FROM KM 0.00 TO KM 13.00 N,ROAD TRANSPORT AND HIGHWAYS,Sikkim,N.A.,2019-03,402.94,,402.94,226.03,2022-04,,2025-01,71.23,ongoing_census,2024-06
N24001252,CONSTUCTION/UPGRADATION OF EXISTING HIGHWAY TO 2 LANE WITH PAVED SHOULDER FROM KM 13.00 TO KM 25.600,ROAD TRANSPORT AND HIGHWAYS,Sikkim,NHIDCL,2020-08,295.97,,295.97,242.52,2023-04,2023-08,2025-01,92.71,ongoing_census,2024-06
N24001254,CONSTUCTION/UPGRADATION OF EXISTING HIGHWAY TO 2 LANE WITH PAVED SHOULDER FROM KM 26.10 TO KM 40.00,ROAD TRANSPORT AND HIGHWAYS,Sikkim,N.A.,2020-03,242.97,,244.45,246.91,2022-06,,2024-01,100.0,ongoing_census,2024-06
N24001261,CONSTRUCTION AND UPGRADATION OFEXISTINGROAD TO 2-LANE WITH PAVED SHOULDER INCLUDING GEOMETRIC IMPROV,ROAD TRANSPORT AND HIGHWAYS,Sikkim,NHIDCL,2020-08,311.0,,273.78,238.1,2023-04,,2024-10,92.92,ongoing_census,2024-06
N24001262,CONSTRUCTION AND UPGRADATION OFEXISTINGROAD TO 2-LANE WITH PAVED SHOULDER INCLUDING GEOMETRIC IMPROV,ROAD TRANSPORT AND HIGHWAYS,Sikkim,NHIDCL,2020-07,345.38,395.59,395.59,352.84,2023-04,2023-10,2024-08,88.53,ongoing_census,2024-06
N24001322,CONSTRUCTION OF 2-LANE ROAD WITH PAVED SHOULDER (GREENFIELD ALIGNMENT) OF EXISTING STRETCH BETWEEN L,ROAD TRANSPORT AND HIGHWAYS,Sikkim,NHIDCL,2020-09,183.31,439.56,439.56,351.16,2022-05,2023-10,2025-03,45.06,ongoing_census,2024-06
N24001325,CONSTRUCTION OF 2-LANE SPECIFICATION ROAD WITH PAVED SHOULDER AS REALIGNMENT,ROAD TRANSPORT AND HIGHWAYS,Sikkim,GREENFIELD ALIGNMENT,2020-09,262.84,414.2,414.2,220.26,2023-05,2024-08,2025-03,45.86,ongoing_census,2024-06
N24001327,REHABILITATION AND UPGRADATION OF EXISTING ROAD TO 2-LANE WITH PAVED SHOULDER INCLUDING GEOMETRIC IM,ROAD TRANSPORT AND HIGHWAYS,Sikkim,NHIDCL,,292.8,,292.8,175.45,2022-05,2023-05,2025-03,49.15,ongoing_census,2024-06
N24001336,CONSTRUCTION AND UPGRADATION OF EXISTING ROAD TO 2-LANE WITH PAVED SHOULDER FROM KM27.200 (END OF RO,ROAD TRANSPORT AND HIGHWAYS,Sikkim,NHIDCL,,230.45,244.91,244.91,200.46,2023-04,2023-09,2025-03,76.88,ongoing_census,2024-06
N24001337,CONSTRUCTION AND UPGRADATION OF EXISTING ROAD TO 2-LANE WITH PAVED SHOULDER FROM NEW ROLEP BRIDGE AT,ROAD TRANSPORT AND HIGHWAYS,Sikkim,NHIDCL,,493.42,478.79,478.79,263.53,2023-11,2025-01,2025-06,38.74,ongoing_census,2024-06
N24001338,CONSTRUCTION OF 2-LANE WITH PAVED SHOULDER OF NEW GREEN FIELD ALIGNMENT FROM CHOCHENPHERI AT KM 52.0,ROAD TRANSPORT AND HIGHWAYS,Sikkim,Sep-24) (786.60,2020-10,816.79,786.6,786.6,276.95,2023-12,2024-09,2025-12,34.84,ongoing_census,2024-06
N24001361,RISHI BORDER- ROLEP- MENLA PKG- 2A (NHIDCL),ROAD TRANSPORT AND HIGHWAYS,Sikkim,Jan-25) (N.A.,,332.2,,332.2,145.62,2023-09,2025-01,2025-12,40.32,ongoing_census,2024-06
N24001362,RISHI BORDER- ROLEP- MENLA PKG- 3B,ROAD TRANSPORT AND HIGHWAYS,Sikkim,Apr-25) (379.30,,410.6,379.3,379.3,180.75,2024-02,2025-04,2025-04,40.8,ongoing_census,2024-06
N24001442,CONSTRUCTION OF 2-LANE WITH PAVED SHOULDER GANGTOK BYPASS ROAD FROM RANIPOOL TO BURTUK (L=23.316KM),ROAD TRANSPORT AND HIGHWAYS,Sikkim,MoRTH,2021-10,385.15,,385.15,163.03,2024-05,2025-01,2025-01,74.7,ongoing_census,2024-06
N24001913,SPECIAL PROTECTION WORK ON REHABILITATION AND RESTORATION OF SLIDING AND SINKING ZONE FROM RANGPO TO,ROAD TRANSPORT AND HIGHWAYS,Sikkim,N.A.,2017-03,165.56,,165.56,,2022-06,,2022-06,71.74,ongoing_census,2024-06
020100044,"PROTOTYPE FAST BREEDER REACTOR (BHAVINI, 500 MWE)",ATOMIC ENERGY,Tamil Nadu,BHAVNI,2003-09,3492.0,,7670.0,6921.72,2010-09,,2025-03,97.9,ongoing_census,2024-06
N02000028,KUDANKULAM NUCLEAR POWER PROJECT UNIT-3 and 4,ATOMIC ENERGY,Tamil Nadu,NPCIL,2013-03,39849.0,68893.0,68893.0,44074.0,2020-11,,2026-11,72.6,ongoing_census,2024-06
N02000029,KUDANKULAM NUCLEAR POWER PROJECT 5 AND 6,ATOMIC ENERGY,Tamil Nadu,NPCIL,2017-06,49621.0,,49621.0,16681.0,2027-09,,2027-09,28.03,ongoing_census,2024-06
N04000074,"MODERNIZATION OF CHENNAI AIRPORT PHASE II, CHENNAI",CIVIL AVIATION,Tamil Nadu,AAI,2018-06,2467.0,,2467.0,1482.91,2022-02,,2025-12,57.4,ongoing_census,2024-06
N04000075,UPGRADATION OF PASSENGER TERMINAL BUILDING AND AIRSIDE FACILITIES AT TIRUCHIRAPALLI INTERNATIONAL AI,CIVIL AVIATION,Tamil Nadu,N.A.,2018-08,951.28,,1112.49,1102.2,2021-10,,2023-12,100.0,ongoing_census,2024-06
N04000090,DEVELOPMENT OF TUTICORIN AIRPORT,CIVIL AVIATION,Tamil Nadu,Jul-24) (452.93,2019-06,380.87,452.93,452.93,287.54,2022-03,2024-07,2024-07,84.5,ongoing_census,2024-06
N06000259,JAWAHAR KHANI OPENCAST (JK OC) MINE,COAL,Tamil Nadu,SCCL,2021-12,297.88,,297.88,45.15,2025-03,,2025-03,15.0,ongoing_census,2024-06
N28000089,"C/O OF 152 NOS TYPE-II,304 NOS,TYPE- III,76 NOS, TYPE-IV QTRS. FOR INCOME TAX DEPARTMENT AT CHENNAI",FINANCE,Tamil Nadu,CPWD FOR FINANC,2015-12,209.0,,262.0,205.72,2019-10,2022-10,2022-10,100.0,ongoing_census,2024-06
N28000109,CONSTRUCTION OF 726 Nos RESIDENTIAL QUARTERS CHENNAI,FINANCE,Tamil Nadu,N.A.,2017-11,348.77,,348.77,223.39,2021-11,,2022-11,100.0,ongoing_census,2024-06
N10000014,25.5 MW WIND POWER PROJECT AT KAYATHAR IN TAMILNADU,MINES,Tamil Nadu,NALCO,2017-09,166.62,163.17,163.17,135.63,2019-06,2024-03,2024-12,65.0,ongoing_census,2024-06
N16000234,IRUGUR-DEVANGONTHI POL PIPELINE,PETROLEUM,Tamil Nadu,BPCL,2012-11,678.0,1732.0,1732.0,532.02,2017-02,2025-10,2025-10,38.0,ongoing_census,2024-06
N16000253,ENNORE THIRUVALLUR BENGALURU PUDUCHERRY NAGAPATTINAM MADURAITUTICORIN GAS PIPELINE,PETROLEUM,Tamil Nadu,IOCL,2016-05,4497.0,6025.0,6025.0,5503.37,2018-12,2024-03,2024-12,99.06,ongoing_census,2024-06
N16000403,"CONSTRUCTION OF CAPTIVE POL LPG JETTY AT KAMARAJAR PORT, CHENNAI",PETROLEUM,Tamil Nadu,IOCL,2020-10,921.0,,921.0,664.1,2023-09,2024-12,2024-12,87.7,ongoing_census,2024-06
N16000405,"SETTING UP LUBE COMPLEX AT VILLAGES AMULLAVOYAL AND VAIKKADU, CHENNAI AS RESITEMENT OF EXISTING FACI",PETROLEUM,Tamil Nadu,IOCL,2020-10,1398.0,1587.0,1587.0,1106.85,2023-12,2024-08,2024-08,88.0,ongoing_census,2024-06
N16000418,CGD PROJECT AT COIMBATORE DISTRICT,PETROLEUM,Tamil Nadu,IOCL,2018-10,2998.0,,2998.0,326.22,2030-03,,2030-03,100.0,ongoing_census,2024-06
N16000419,CGD PROJECT AT SALEM DISTRICT (IOCL),PETROLEUM,Tamil Nadu,N.A.) (N.A.,2018-10,1304.0,,1304.0,107.78,2030-03,,2030-03,100.0,ongoing_census,2024-06
N16000434,CBR 9 MMTPA PROJECT,PETROLEUM,Tamil Nadu,CPCL,2021-01,31580.0,31580.0,36354.0,1151.93,2025-06,,2025-06,10.0,ongoing_census,2024-06
N16000438,"GRASS ROOT POL TERMINAL AT VALLUR, CHENNAI",PETROLEUM,Tamil Nadu,Dec-24) (887.71,2022-01,827.0,887.71,887.71,446.18,2024-07,2024-12,2025-06,67.3,ongoing_census,2024-06
N16000451,CBR ASANUR PIPELINE AND ITS HOOK UP WITH EXISTING CHENNAI TRICHY MADURAI PRODUCT PIPELINE,PETROLEUM,Tamil Nadu,IOCL,,564.0,,564.0,139.26,2024-11,,2024-11,35.67,ongoing_census,2024-06
N16000455,LAYING OF POL PIPELINES IN COMMON CORRIDOR FOR PROPOSED GRASS ROOT TERMINAL AT VALLUR (CHENNAI),PETROLEUM,Tamil Nadu,May-26,2022-01,829.0,,829.0,180.85,2024-07,2026-05,2026-05,49.61,ongoing_census,2024-06
N16000479,EXTENSION OF ASANUR-SANKARI SECTION OF CHENNAI-TRICHY-MADURAI PIPELINE UPTO COIMBATORE (IRUGUR),PETROLEUM,Tamil Nadu,IOCL,2023-01,346.7,,346.7,0.72,2025-01,,2025-01,17.25,ongoing_census,2024-06
N16000486,CGD PROJECT AT DHARMAPURI AND KRISHNAGIRI DISTRICTS,PETROLEUM,Tamil Nadu,IOCL,2022-03,501.0,,501.0,68.45,2030-03,,2030-12,3.5,ongoing_census,2024-06
N16000490,"CGD PROJECT AT MADURAI, THENI AND VIRUDHNAGAR DISTRICTS",PETROLEUM,Tamil Nadu,IOCL,,1328.0,,1328.0,112.15,2030-03,,2030-12,3.7,ongoing_census,2024-06
N16000492,"CGD PROJECT AT KANYAKUMARI, TUTICORIN, TIRUNVELI KATTABO AND TENKASI DISTRICTS",PETROLEUM,Tamil Nadu,IOCL,2022-03,1295.0,,1295.0,110.82,2030-03,,2030-12,3.9,ongoing_census,2024-06
N16000521,CGD PROJECTS AT THE NILGIRIS AND ERODE DISTRICTS,PETROLEUM,Tamil Nadu,BPCL,2022-12,3685.0,,3685.0,73.12,2030-03,,2030-03,4.0,ongoing_census,2024-06
N18000262,TRANSMISSION SYSTEM FOR EVACUTION OF POWER FROM NEYVELI LIGNITE CORP LTD TS - I (REPLACEMENT) IN NEY,POWER,Tamil Nadu,PGCIL,2017-05,186.17,,219.66,180.54,2019-07,,2019-07,100.0,ongoing_census,2024-06
N22000028,"EXTENSION OF MRTS FROM VELACHERY TO STN. THOMAS, MTP",RAILWAYS,Tamil Nadu,Aug-24,2006-04,495.74,,734.01,627.51,2013-06,2024-08,2024-10,98.0,ongoing_census,2024-06
N22000079,MAYLADUTHURAI-THIRUVARUR- KARAIKUDI-THIRU 'PONDI'- AGASTIYAMPALLI,RAILWAYS,Tamil Nadu,SR,2007-09,724.69,,3118.34,1923.59,2019-02,,2027-03,78.0,ongoing_census,2024-06
N22000085,TIDIVANAM-NAGARI (NL) (SR),RAILWAYS,Tamil Nadu,N.A.,2006-09,582.83,,3631.34,767.51,,2026-12,2027-03,10.0,ongoing_census,2024-06
N22000449,MANIYACHI - NAGERCOIL (102 KM) DOUBLING,RAILWAYS,Tamil Nadu,RVNL,2015-02,1700.0,,1752.25,1675.56,2022-03,2024-03,2023-12,100.0,ongoing_census,2024-06
N22000567,Chinnasalem-Kallakurichi New Line (MM of cuddalore- Salem 191 KM),RAILWAYS,Tamil Nadu,SR,,417.5,,419.44,194.56,2025-03,2024-08,2025-12,58.0,ongoing_census,2024-06
N22000568,CHENNAI BEACH-CHENNAI EGMORE (4.3 KM) (UMBRELLA WORK PB#57/2019-20/NR),RAILWAYS,Tamil Nadu,SR,,359.6,274.2,274.2,191.73,2026-03,2024-07,2024-12,63.0,ongoing_census,2024-06
N22000618,MORAPPUR-DHARMAPURI,RAILWAYS,Tamil Nadu,Mar-27) (N.A.,2019-02,358.95,,358.95,37.11,2028-03,2027-03,2027-03,1.0,ongoing_census,2024-06
N22000625,KARAIKAL - PERALAM NEW LINE (MM OF TIRUCHCHIRAPPALLI-NAGORE-KARAIKAL),RAILWAYS,Tamil Nadu,SR,,304.22,,373.42,225.18,2026-03,2024-08,2024-12,65.0,ongoing_census,2024-06
N22000626,NAGAPATTINAM- THIRUTURAIPUNDI VIA THIRUKUVALAI NEW LINE (MM OF TIRUCHCHIRAPPALLI-NAGORE-KARAIKAL),RAILWAYS,Tamil Nadu,SR,,677.12,,788.05,165.0,2026-03,2027-03,2027-03,16.0,ongoing_census,2024-06
N24000652,FOUR LANNING OF VIKRAVANDI- SETHIYAHOPU FROM KM 0.000 TO KM 60.250(DESIGN CHAINAGE KM 0.000 TO KM 65.,ROAD TRANSPORT AND HIGHWAYS,Tamil Nadu,N.A.,2017-03,848.45,,848.45,303.04,2020-03,2024-05,2024-05,48.26,ongoing_census,2024-06
N24000697,FOUR LANNING OF CHOLOPURAM- THANJAVUR,ROAD TRANSPORT AND HIGHWAYS,Tamil Nadu,NHAI,2017-08,1176.37,,1176.37,1276.4,2020-09,2024-09,2024-09,90.2,ongoing_census,2024-06
N24000708,4-LANNING OF STHIYATHOPU- CHOLOPURAM,ROAD TRANSPORT AND HIGHWAYS,Tamil Nadu,Sep-24,2017-09,1227.87,,1227.87,1278.38,2020-08,2024-09,2024-09,86.74,ongoing_census,2024-06
N24000826,FOUR LANINIG OF CHETTIKULAM TO NATHAM SECTION OF NH-785 FROM CHETTIKULUM (KM 7.300) TO NATHAM (KM. 3,ROAD TRANSPORT AND HIGHWAYS,Tamil Nadu,NHAI,2018-03,505.35,,837.69,376.61,2022-10,2024-01,2024-01,99.75,ongoing_census,2024-06
N24000827,FOUR LANING OF MADURAI- CHETTIKULAM SECTION OF NH-785 FROM MADURAI (KM 0/000) TO CHETTICULAM (7/300),ROAD TRANSPORT AND HIGHWAYS,Tamil Nadu,Apr-23,2018-03,628.71,,756.13,583.02,2020-11,2023-04,2023-04,99.3,ongoing_census,2024-06
N24000828,TWO LANING WITH PAVED SHOULDER OF MEENSURUTTI (KM. 98.433) TO CHIDAMBARM (KM. 129.965.) SECTION OF N,ROAD TRANSPORT AND HIGHWAYS,Tamil Nadu,NHAI,,633.55,883.21,883.21,265.12,2023-09,2023-12,2024-01,100.0,ongoing_census,2024-06
N24001380,WIDENING EXISTING 2 LANE TO 4 LANE WITH PAVED SHOULDER INCLUDING STRENGTHENING CARRIAGEWAY FROM KM 8,ROAD TRANSPORT AND HIGHWAYS,Tamil Nadu,MoRTH,2020-08,302.62,345.62,345.62,324.68,2021-02,,2024-05,100.0,ongoing_census,2024-06
N24001428,FOUR LANING OF VILUPPURAM TO PUDHUCHERRY (DESIGN CH. KM. 00/000 TO KM. 29/000) SECTION OF NH-45A ON,ROAD TRANSPORT AND HIGHWAYS,Tamil Nadu,NHAI,2018-03,998.7,1358.32,1358.32,868.72,2021-11,2024-12,2024-12,95.65,ongoing_census,2024-06
N24001429,FOUR LANING OF PUDUCHERRY (KM.29/000) TO POONDIYANKUPPAM (KM.67/000) SECTION OF NH-45A ON HAM UNDER,ROAD TRANSPORT AND HIGHWAYS,Tamil Nadu,NHAI,2018-03,1294.47,1588.4,1588.4,788.85,2021-11,2024-12,2024-12,89.56,ongoing_census,2024-06
N24001430,FOUR LANING OF POONDIYANKUPPAM (KM.67/000) TO SATTANATHAPOURAM (KM.123/800) SECTION OF NH-45A ON HAM,ROAD TRANSPORT AND HIGHWAYS,Tamil Nadu,NHAI,2018-03,2120.4,2565.63,2565.63,1432.26,2022-01,2024-12,2024-12,98.1,ongoing_census,2024-06
N24001431,FOUR LANING OF SATTANATHAPURAM (KM.123/800) TO NAGAPATTINAM (KM.179/555) SECTION OF NH-45A ON HAM UN,ROAD TRANSPORT AND HIGHWAYS,Tamil Nadu,NHAI,2018-03,1872.68,2661.51,2756.09,1077.13,2020-10,2025-08,2025-08,45.2,ongoing_census,2024-06
N24001454,WIDENING FROM TWO LANE TO TWO LANE WITH PAVED SHOULDER FROM KM 34/000 TO 49/000 AND TWO LANE TO FOUR,ROAD TRANSPORT AND HIGHWAYS,Tamil Nadu,MoRTH,2022-02,184.15,,184.15,193.12,2022-08,,2024-08,100.0,ongoing_census,2024-06
N24001455,CONSTRUCTION OF 4 LANE WITH PAVED SHOULDERS THIRUVAYARU BYPASS IN BETWEEN EXISTING KM.55/926 TO 62/6,ROAD TRANSPORT AND HIGHWAYS,Tamil Nadu,N.A.,2022-02,191.33,,191.33,136.34,2022-08,,2024-10,75.0,ongoing_census,2024-06
N24001600,BALANCE WORK 2-LANE WITH PAVED SHOULDERS OF NAGAPATTINAM - THANJAVUR SECTION OF NH-67 (NEW NH- 83),ROAD TRANSPORT AND HIGHWAYS,Tamil Nadu,NHAI,2020-10,434.12,,434.12,258.89,2023-05,2024-12,2024-12,99.0,ongoing_census,2024-06
N24001601,4-LANING OF KAMALAPURAM - ODDANCHATRAM SECTION OF NH-209,ROAD TRANSPORT AND HIGHWAYS,Tamil Nadu,NHAI,2019-01,1051.69,,1051.69,504.84,2023-01,2024-12,2024-12,70.12,ongoing_census,2024-06
N24001602,4-LANING OF MADATHUKULAM - POLLACHI SECTION OF NH-209 (NEW NH- 83),ROAD TRANSPORT AND HIGHWAYS,Tamil Nadu,NHAI,2019-01,1409.38,,1409.38,613.23,2022-12,2024-09,2024-09,84.7,ongoing_census,2024-06
N24001603,4-LANING OF ODDANCHATRAM - MADATHUKULAM SECTION OF NH-209 (NEW NH-83),ROAD TRANSPORT AND HIGHWAYS,Tamil Nadu,Dec-23,2019-01,1518.53,,1607.54,915.4,2022-10,2023-12,2023-12,100.0,ongoing_census,2024-06
N24001604,"REMAINING WORK OF 2L+PS OF TRICHY - KARAIKUDI SECTION OF NH-210, INCLUDING TRICHY BYPASS",ROAD TRANSPORT AND HIGHWAYS,Tamil Nadu,NHAI,,166.9,,166.9,121.94,2021-03,,2023-10,100.0,ongoing_census,2024-06
N24001605,"4-LANING OF MELUR - PILLAYARPATTI - KARAIKUDI SECTION OF NH-338, NH-36, NH-383",ROAD TRANSPORT AND HIGHWAYS,Tamil Nadu,N.A.,,1103.86,,1103.86,461.32,2022-03,,2024-10,73.5,ongoing_census,2024-06
N24001606,4-LANING OF VADIPPATTI - THAMARAIPATTI SECTION OF NH-744A (MADURAI RING ROAD),ROAD TRANSPORT AND HIGHWAYS,Tamil Nadu,NHAI,2018-12,854.94,,854.94,334.05,2022-03,2025-03,2025-03,60.47,ongoing_census,2024-06
N24001692,BALANCE WORKS OF FOUR LANE FROM KM 43+950 (THIRUVALLUR BYPASS) TO KM 61+470 (VEPPAMPATTU BYPASS) PAS,ROAD TRANSPORT AND HIGHWAYS,Tamil Nadu,NHAI,2022-01,467.99,,468.0,18.83,2024-09,,2024-09,12.2,ongoing_census,2024-06
N24001693,FOUR LANING OF NERALURU TO THORAPALLI AGRAHARAM SECTION OF NH-844 (PKG-I) FROM KM.0+000 TO KM.23+350,ROAD TRANSPORT AND HIGHWAYS,Tamil Nadu,NHAI,2021-09,1751.18,,1757.27,49.69,2024-10,,2024-10,0.0,ongoing_census,2024-06
N24001694,FOUR LANING OF THORAPALLI AGRAHARAM TO JITTANDAHALLI SECTION OF NH-844 (PKG-II) FROM KM.23+350 TO KM,ROAD TRANSPORT AND HIGHWAYS,Tamil Nadu,NHAI,2019-02,1243.57,,1243.57,171.63,2023-12,2024-12,2024-12,0.0,ongoing_census,2024-06
N24001695,8L OF GUDUVANCHERY (KM 38.00) - MARAIMALAI NAGAR (KM 42.00) - SINGAPERUMAL KOIL (47.00) - CHETTIPU,ROAD TRANSPORT AND HIGHWAYS,Tamil Nadu,NHAI,,230.69,,230.69,197.46,2022-02,2023-07,2023-07,100.0,ongoing_census,2024-06
N24001696,FOUR LANING OF JITTANDAHALLI TO DHARMAPURI SECTION OF NH-844 (PKG- III) FROM KM.60+100 TO KM.94+460,ROAD TRANSPORT AND HIGHWAYS,Tamil Nadu,N.A.,2019-02,1291.37,,1291.37,215.02,2023-08,2024-12,2024-12,0.0,ongoing_census,2024-06
N24001716,THOPPUR METTUR BHAVANI ERODE SECTION OF NH 544H FOR A LENGTH OF 85 KM,ROAD TRANSPORT AND HIGHWAYS,Tamil Nadu,NHAI,2022-07,186.5,210.81,210.81,12.92,2023-08,2024-12,2024-12,85.0,ongoing_census,2024-06
N24001717,BANGALORE CHENNAI EXPRESSWAY PHASE-III PACKAGE III (ARAKKONAM TO KANCHEEPURAM) FROM KM 204.500 TO K,ROAD TRANSPORT AND HIGHWAYS,Tamil Nadu,NHAI,2020-11,1155.49,1458.45,1458.45,432.53,2024-08,,2025-03,50.65,ongoing_census,2024-06
N24001718,BANGALORE CHENNAI EXPRESSWAY PHASE-III PACKAGE II (WALAJAHPET TO ARAKKONAM) FROM KM 180.000 TO KM 2,ROAD TRANSPORT AND HIGHWAYS,Tamil Nadu,NHAI,2020-12,843.48,1051.36,1051.36,349.3,2024-07,,2024-11,78.24,ongoing_census,2024-06
N24001719,4L BANGALORE-CHENNAI EXPRESSWAY FROM KM. 230.000 TO KM. 261.705 OF KANCHEPURAM TO SRIPERUMBUDUR SECT,ROAD TRANSPORT AND HIGHWAYS,Tamil Nadu,NHAI,2021-02,2948.31,3516.83,3516.83,677.76,2024-07,,2025-02,60.23,ongoing_census,2024-06
N24001720,BANGALORE CHENNAI EXPRESSWAY PHASE-III ? PACKAGE I (GUDIPALA TO WALAJAJHPET) FROM KM 156.000 TO KM 1,ROAD TRANSPORT AND HIGHWAYS,Tamil Nadu,NHAI,2020-10,1023.91,1341.51,1341.51,506.56,2024-05,,2024-12,61.74,ongoing_census,2024-06
N24001721,FOUR LANING OF MAMALLAPURAM TO MUGAIYUR SECTION OF NH332A FROM KM 0.000 TO KM 31.000,ROAD TRANSPORT AND HIGHWAYS,Tamil Nadu,NHAI,,1008.99,1360.53,1360.53,162.25,2024-05,,2025-07,31.69,ongoing_census,2024-06
N24001722,6L OF MADURAVOYAL TO SRIPERUMBUDUR SECTION FROM KM. 13.800 TO KM. 37.000 OF NH-4 THROUGH STATE HIGH,ROAD TRANSPORT AND HIGHWAYS,Tamil Nadu,NHAI,2021-11,463.44,463.44,463.44,331.01,2023-02,,2024-08,98.5,ongoing_census,2024-06
N24001723,KARAIPETTAI TO WALAJAPET FROM KM 71.015 TO 107.091,ROAD TRANSPORT AND HIGHWAYS,Tamil Nadu,NHAI,,707.9,766.51,766.51,401.98,2021-02,,2024-12,74.9,ongoing_census,2024-06
N24001724,BALANCE WORK OF 2L PS OF TINDIVANAM KRISHNAGIRI FROM KM 37.600 TO 219.782,ROAD TRANSPORT AND HIGHWAYS,Tamil Nadu,NHAI,2019-05,602.57,624.49,548.89,384.83,2021-07,2023-05,2024-02,100.0,ongoing_census,2024-06
N24001725,6L OF SRIPERUMBUDUR TO KARAIPETTAI FROM KM 37.000 TO KM 71.015 OF NH 48,ROAD TRANSPORT AND HIGHWAYS,Tamil Nadu,N.A.,2019-01,819.89,,922.85,370.91,2021-05,,2025-12,56.92,ongoing_census,2024-06
N24001828,CONSTRUCTION OF BYPASS TO GUDIYATHAM TOWN IN KM 23/100 ? 29/250 INCLUDING LA AND SHIFTING OF NH-234,ROAD TRANSPORT AND HIGHWAYS,Tamil Nadu,MoRTH,2022-01,221.03,243.95,243.95,119.27,2024-11,,2024-11,54.0,ongoing_census,2024-06
N24001829,FOUR LANING OF OTTANCHATRAM TO PALANI SECTION FROM KM 30/700 TO KM 55/000 OF NH 209(NEW NH-83) INCLU,ROAD TRANSPORT AND HIGHWAYS,Tamil Nadu,N.A.,,172.15,,172.15,43.59,2024-11,,2024-11,52.0,ongoing_census,2024-06
N24001968,CONSTRUCTION OF STRR (WEST SIDE)- NH948A-BALAGONDAPALLI (TAMIL NADU) TO KARNATAKA/TAMIL NADU BORDER F,ROAD TRANSPORT AND HIGHWAYS,Tamil Nadu,NHAI,2022-04,1260.74,,1260.74,341.92,2025-05,,2025-05,35.76,ongoing_census,2024-06
N24002084,4L OF THIRUMANGALAM TO VADUGAPATTI SECTION FROM KM 0.000 TO KM 36.000 OF NH-744,ROAD TRANSPORT AND HIGHWAYS,Tamil Nadu,NHAI,2022-03,1076.97,,1076.97,325.73,2025-02,,2025-03,53.78,ongoing_census,2024-06
N24002107,CONSTRUCTION OF NEW DOUBLE TIER 4 LANE ELEVATED CORRIDOR FROM CHENNAI PORT TO MADURAVOYAL IN CHENNAI,ROAD TRANSPORT AND HIGHWAYS,Tamil Nadu,NHAI,,1382.0,,1382.0,,2026-05,,2026-05,0.0,ongoing_census,2024-06
N24002108,CONSTRUCTION OF NEW DOUBLE TIER 4L ELEVATED CORRIDOR FROM CHENNAI PORT TO MADURAVOYAL IN CHENNAI DIS,ROAD TRANSPORT AND HIGHWAYS,Tamil Nadu,N.A.,2023-03,1618.96,,1618.96,,2026-05,,2026-05,0.0,ongoing_census,2024-06
N24002109,CONSTRUCTION OF NEW DOUBLE TIER 4L ELEVATED CORRIDOR FROM CHENNAI PORT TO MADURAVOYAL IN CHENNAI DIS,ROAD TRANSPORT AND HIGHWAYS,Tamil Nadu,NHAI,2023-03,1301.37,,1301.37,,2026-05,,2026-05,0.0,ongoing_census,2024-06
N24002110,CONSTRUCTION OF NEW DOUBLE TIER 4L ELEVATED CORRIDOR FROM CHENNAI PORT TO MADURAVOYAL IN CHENNAI DIS,ROAD TRANSPORT AND HIGHWAYS,Tamil Nadu,N.A.,2023-03,1207.4,,1207.4,,2026-05,,2026-05,0.0,ongoing_census,2024-06
N24002111,FOUR LANING OF MUGAIYUR TO MARAKKANAM SECTION OF NH-332A FROM KM 31.000 TO KM 62.000,ROAD TRANSPORT AND HIGHWAYS,Tamil Nadu,NHAI,2019-02,825.94,1116.13,1116.13,84.25,2025-12,2025-12,2025-12,12.87,ongoing_census,2024-06
N24002112,SIX LANING OF TUTICORIN PORT ROAD SECTION OF NH-7A (NEW NH-138) FROM KM 0.000 TO KM 6.140 [EFFECTIVE,ROAD TRANSPORT AND HIGHWAYS,Tamil Nadu,N.A.,2023-03,200.3,,200.3,32.76,2024-07,,2024-10,45.13,ongoing_census,2024-06
N24002113,4L OF LEFT-OVER WORKS INCLUDING ADDITIONAL STRUCTURES FROM KERALA/TAMIL NADU BORDER TO KANYAKUMARI S,ROAD TRANSPORT AND HIGHWAYS,Tamil Nadu,NHAI,2023-03,1141.78,,1141.78,127.21,2025-08,,2025-08,13.09,ongoing_census,2024-06
N24002114,4L OF VADUGAPATTI TO THERKUVENGANALLUR (RAJAPALYAM) SECTION FROM KM 36.000 TO KM 71.600 OF NH744 UND,ROAD TRANSPORT AND HIGHWAYS,Tamil Nadu,NHAI,2022-02,1097.59,,1317.06,339.65,2025-04,,2025-04,52.24,ongoing_census,2024-06
N28000084,CHENNAI METRO RAIL LTD (PHASE 1),URBAN DEVELOPMENT,Tamil Nadu,CMRL,2009-02,14600.0,,18380.0,17619.68,2015-12,,2015-12,100.0,ongoing_census,2024-06
N28000097,CHENNAI METRO RAIL LTD (PHASE 1 EXT) (CMRL),URBAN DEVELOPMENT,Tamil Nadu,N.A.,2016-06,3770.0,,3770.0,2527.73,2018-03,,2021-02,100.0,ongoing_census,2024-06
N04000086,"CO CIVIL AVIATION REASEARCH ORG. (PH- II) AT BEGUMPET AIRPORT, HYDRABAD",CIVIL AVIATION,Telangana,AAI,,353.61,,353.61,303.22,2022-05,2023-06,2023-06,100.0,ongoing_census,2024-06
N06000161,KAKATIYAKHANI OPENCAST III PROJECT PHASE-1,COAL,Telangana,N.A.,2017-03,413.84,,413.84,378.23,2022-03,,2025-03,58.0,ongoing_census,2024-06
N06000173,SRP OC-II EXPANSION PROJECT (SCCL),COAL,Telangana,N.A.) (N.A.,2016-11,272.73,,272.73,269.65,2018-03,,2024-03,100.0,ongoing_census,2024-06
N06000202,GODAVARIKHANI COAL MINE (SCCL),COAL,Telangana,N.A.) (N.A.,2019-07,438.98,,438.98,150.64,2023-03,,2025-03,65.0,ongoing_census,2024-06
N06000204,VENKATESH KHANI COAL MINE (SCCL),COAL,Telangana,N.A.,2020-10,484.51,,484.51,147.64,2023-03,,2026-03,27.0,ongoing_census,2024-06
N06000210,RCE OF RAMAGUNDAM OPENCAST II EXTENSION PROJECT,COAL,Telangana,SCCL,,489.62,,489.62,403.04,2023-03,,2025-03,70.0,ongoing_census,2024-06
N06000211,RCE OF INDARAM OPENCAST PROJECT (SCCL),COAL,Telangana,N.A.) (N.A.,2017-08,349.28,,424.81,335.24,2021-03,,2025-03,80.0,ongoing_census,2024-06
N06000213,RCE OF KALYANIKHANI OPENCAST PROJECT,COAL,Telangana,SCCL,2016-03,384.32,,384.32,217.89,2020-03,,2025-03,72.0,ongoing_census,2024-06
N06000214,RCE OF KAKATHIYAKHANI OC - 2 PROJECT,COAL,Telangana,N.A.,2017-08,442.42,,442.42,173.93,2020-03,,2025-03,63.0,ongoing_census,2024-06
N06000258,GOLETI OPENCAST MINE (SCCL),COAL,Telangana,N.A.) (N.A.,2021-07,345.6,,345.6,50.25,2026-03,,2026-03,15.0,ongoing_census,2024-06
N21000031,"COMPREHENSIVE PLANNING, DESIGNING, EXECUTION OF ALL INDIA INSTITUTE OF MEDICAL SCIENCES AT BIBINAGAR",HEALTH AND FAMILY WELFARE,Telangana,HITES,2018-12,1110.55,1110.55,1110.55,550.42,2024-07,2024-10,2024-10,68.31,ongoing_census,2024-06
N28000098,ESTABLISHMENT OF NATIONAL ANIMAL RESOURCE FACILITY FOR BIOMEDICAL RESEARCH AT HYDERABAD,HEALTH AND FAMILY WELFARE,Telangana,CPWD FOR HEALTH,2016-10,209.84,281.05,281.05,248.3,2020-03,2024-09,2024-09,97.5,ongoing_census,2024-06
N18000212,TELANGANA SUPER THERMAL POWER PROJECT PHASE I,POWER,Telangana,NTPC,2016-01,10598.98,,10998.0,10437.71,2020-11,2022-07,2024-02,100.0,ongoing_census,2024-06
N22000032,MANOHARABAD-KOTHPALL NEW LINE(SCR),RAILWAYS,Telangana,N.A.,2006-04,1160.48,,3014.0,1214.9,2010-03,,2025-03,0.0,ongoing_census,2024-06
N22000213,MULTI MODAL TRANSPORT SYSTEM(MMTS) PHASE-II HYDERABAD,RAILWAYS,Telangana,RVNL,2012-04,632.68,,1169.23,1094.53,2016-03,,2024-03,100.0,ongoing_census,2024-06
N22000432,MANMAD-PARBHANI-NANDED- SECUNDERABAD-GADWAL-DHONE- GUNTAKAL - TRAIN COLLISION AVOIDANCE SYSTEM (958 K,RAILWAYS,Telangana,SCR,2017-04,119.73,185.0,242.28,54.15,2022-03,,2022-03,50.0,ongoing_census,2024-06
N24000245,REHABILITATION AND UPGRADATION OF NH -565 FROM KM 1.00 TO 86.057 (NAKREKAL TO NAGARJUNSAGAR DAM SECT,ROAD TRANSPORT AND HIGHWAYS,Telangana,MoRTH,,270.0,,270.0,,2016-03,2019-09,2019-09,72.15,ongoing_census,2024-06
N24000247,REHABILITATION AND UPGRADATION OF NH-221 FROM KM 121/0 TO 165/00 (OF VIJAYAWADA-JAGDALPUR RUDRAMPUR,ROAD TRANSPORT AND HIGHWAYS,Telangana,N.A.,,295.47,,295.47,224.42,2017-02,2022-12,2025-03,80.07,ongoing_census,2024-06
N24000248,EPC- CORRIDOR APPROACH WORKS - NH (O): WIDENING EXISTING 2 LANE TO 2 LANE WITH PAVED SHOULDERS IN KM,ROAD TRANSPORT AND HIGHWAYS,Telangana,MoRTH,,153.21,,153.21,100.96,2017-01,,2023-12,93.11,ongoing_census,2024-06
N24000980,WIDEINING TO TWO/FOUR LANE WITH PAVED SHOULDERS FROM EXISTING KM 182.120 TO KM 227.600 OF NH-167 ON,ROAD TRANSPORT AND HIGHWAYS,Telangana,N.A.,2016-10,298.32,,298.32,178.47,2019-02,2022-06,2024-08,94.5,ongoing_census,2024-06
N24000981,WIDEINING TO TWO/FOUR LANE WITH PAVED SHOULDERS FROM EXISTING KM 180.60 TO KM 223.00 OF NH-63 ON NIZ,ROAD TRANSPORT AND HIGHWAYS,Telangana,MoRTH,2016-10,248.83,,248.83,173.82,2019-03,2023-04,2024-08,100.0,ongoing_census,2024-06
N24000982,WIDENING TO TWO LANE WITH PAVED SHOULDERS FROM KM 40/410 TO KM 84/037OF THIRUMALAGIRI TO SURYAPET SE,ROAD TRANSPORT AND HIGHWAYS,Telangana,Aug-19,2017-01,244.54,,244.54,176.32,2019-05,2019-08,2019-08,99.9,ongoing_census,2024-06
N24000983,WIDENING TO TWO LANE WITH PAVED SHOULDERS FROM KM 0/970 TO KM 40/410 OF JANAGAON-THIRUMALAGIRI OF NH,ROAD TRANSPORT AND HIGHWAYS,Telangana,MoRTH,2017-01,196.52,,196.52,125.53,2019-10,2019-10,2024-02,95.7,ongoing_census,2024-06
N24000984,WIDENING TO TWO LANE WITH PAVED SHOULDERS FROM KM 15.525 TO KM 62.880 OF JADCHERLA-KALWAKURTHY SECTI,ROAD TRANSPORT AND HIGHWAYS,Telangana,MoRTH,2017-01,283.0,,283.0,259.15,2019-12,2019-12,2019-12,99.3,ongoing_census,2024-06
N24000986,WIDENING TO TWO LANE WITH PAVED SHOULDERS FROM KM 67.00 TO 114.425 OF KALWAKURTHY-MALLEPALLY SECTION,ROAD TRANSPORT AND HIGHWAYS,Telangana,MoRTH,2017-01,300.0,,300.0,239.93,2019-05,2021-07,2024-01,96.05,ongoing_census,2024-06
N24000987,6 LANING FROM KM 9.90 TO KM 19.948 HYDERABAD-SAMSHABAD SECTION OF NH,ROAD TRANSPORT AND HIGHWAYS,Telangana,N.A.,2018-01,283.15,,283.15,278.69,2020-05,2022-12,2024-08,91.46,ongoing_census,2024-06
N24000988,WIDENING AND STRENGTHENING OF EXISTING 2-LANE TO 2-LANE WITH PAVED SHOULDERS FROM KM.159/0 TO 165/4,ROAD TRANSPORT AND HIGHWAYS,Telangana,MoRTH,2018-01,230.03,,230.03,231.33,2019-12,2020-11,2020-11,99.9,ongoing_census,2024-06
N24000989,WIDENING AND STRENGTHENING OF EXISTING CARRIAGEWAY IN 2 LANE WITH PAVED SHOULDERS FROM KM.25/0 TO 59,ROAD TRANSPORT AND HIGHWAYS,Telangana,N.A.,2018-02,206.13,,206.13,190.94,2020-06,2021-01,2021-01,98.36,ongoing_census,2024-06
N24000990,REHABILITATION AND UPGRADATION OF NH-167 FROM DESIGN KM.113.900 TO 154.479 (MALLEPALLY - HALIYA SECT,ROAD TRANSPORT AND HIGHWAYS,Telangana,MoRTH,,294.13,,294.13,198.75,2019-11,2022-03,2024-01,86.0,ongoing_census,2024-06
N24000993,REHABILITATION AND UPGRADATION OF NH-167 FROM DESIGN KM.187.723 TO 234.434 (MIRYALAGUDA TO KODAD SEC,ROAD TRANSPORT AND HIGHWAYS,Telangana,Jun-22,,322.81,,322.81,317.03,2020-09,2022-06,2023-06,98.09,ongoing_census,2024-06
N24000994,CONSTRUCTION OF SIX LANE ELEVATED CORRIDOR FROM KM.7.950 (UPPAL) TO KM.14.200 OF NH-163 TO DE-CONGES,ROAD TRANSPORT AND HIGHWAYS,Telangana,MoRTH,2018-03,626.76,,626.76,274.02,2020-07,2024-06,2026-02,43.8,ongoing_census,2024-06
N24000996,REHABILITATION AND UP-GRADATION TO TWO LANE WITH PAVED SHOULDERS FROM KM 0/0 TO 72/6 OF NH-365 (NAKR,ROAD TRANSPORT AND HIGHWAYS,Telangana,MoRTH,,605.08,,605.08,416.15,2019-10,2019-10,2021-06,99.84,ongoing_census,2024-06
N24000997,REHABILITATION AND UP GRADATION FROM KM. 121/0 TO 154/0 OF NAKAREKAL ? MALLAMPALLY SECTION OF NH-365,ROAD TRANSPORT AND HIGHWAYS,Telangana,MoRTH,2018-03,192.67,,192.67,176.37,2019-07,2022-06,2024-08,92.0,ongoing_census,2024-06
N24000998,WIDENING AND STRENGTHENING/ RECONSTRUCTION OF EXISTING PAVEMENT TO FOUR ALNE WITH PAVED SHOULDERS FR,ROAD TRANSPORT AND HIGHWAYS,Telangana,MoRTH,2019-01,193.19,249.72,249.72,222.58,,2023-01,2024-08,95.0,ongoing_census,2024-06
N24001482,KHAMMAM-DEVARAPALLE PKG I [4L ACCESS CONTROLLED (GREENFIELD) FROM THALLAMPADU VILLAGE TO SOMAVARAM,ROAD TRANSPORT AND HIGHWAYS,Telangana,NHAI,2022-08,772.11,,772.11,452.54,2024-10,,2024-10,57.52,ongoing_census,2024-06
N24001483,KHAMMAM DEVARAPALLE PKG II 4L ACCESS CONTROLLED (GREENFIELD) FROM SOMAVARAM VILLAGE TO CHINTAGUDEM V,ROAD TRANSPORT AND HIGHWAYS,Telangana,N.A.,2022-02,637.11,,637.11,324.52,2024-09,,2024-09,51.01,ongoing_census,2024-06
N24001484,KHAMMAM-DEVARAPALLE PKG III [4L ACCESS CONTROLLED (GREENFIELD) FROM CHINTAGUDEM VILLAGE TO RECHERLA,ROAD TRANSPORT AND HIGHWAYS,Telangana,NHAI,2022-09,804.69,,804.69,378.36,2024-02,2024-12,2024-12,66.0,ongoing_census,2024-06
N24001522,4L OF KODAD (DESIGN KM 0.00/EXISTING KM 185.00 OF NH-65) TO KHAMMAM (DESIGN KM 31.800/EXISTING KM 29,ROAD TRANSPORT AND HIGHWAYS,Telangana,N.A.,2021-01,1307.95,,1307.95,531.4,2024-01,2024-12,2024-12,88.5,ongoing_census,2024-06
N24001555,"6 LANING OF EXISTING 4-LANE STRETCH FROM KALKALLU AT KM.454+000 TO GUNDLA POCHAMPALLY AT KM.471+000,",ROAD TRANSPORT AND HIGHWAYS,Telangana,NHAI,2022-03,955.49,,955.49,152.33,2025-01,,2025-01,26.44,ongoing_census,2024-06
N24001556,6L OF EXISTING 4L FROM GUNDLAPOCHAMPALLY TO BOWENPALLY FROM KM 471.300 TO KM 481.331 OF NH-44,ROAD TRANSPORT AND HIGHWAYS,Telangana,NHAI,2021-12,521.53,,521.53,196.34,2024-07,,2024-07,38.54,ongoing_census,2024-06
N24001625,6L ACCESS CONTROLLED GREENFIELD HIGHWAY OF JULEKAL VILLAGE TO DINNEDEVARAPADU VILLAGE FROM KM 242.20,ROAD TRANSPORT AND HIGHWAYS,Telangana,NHAI,2022-01,1227.57,,1227.57,4.98,2025-01,,2025-01,0.95,ongoing_census,2024-06
N24001626,6L ACCESS CONTROLLED GREENFIELD HIGHWAY OF NANDINNE VILLAGE TO JULEKAL VILLAGE FROM KM 202.900 TO KM,ROAD TRANSPORT AND HIGHWAYS,Telangana,N.A.,2022-02,972.06,,972.06,8.38,2025-01,,2025-01,2.14,ongoing_census,2024-06
N24002000,WIDENING AND STRENGTHENING OF EXISTING 2 LANE WITH PAVED SHOULDER TO 4 LANE WITH PAVED SHOULDER FRO,ROAD TRANSPORT AND HIGHWAYS,Telangana,MoRTH,2021-03,317.19,,317.19,162.21,2024-07,,2024-08,66.0,ongoing_census,2024-06
N24002001,WIDENING TO 2 LANE WITH PAVED SHOULDERS OF MEDAK - SIDDIPET SECTION FROM KM 0/0 TO KM 69/978 OF NH-,ROAD TRANSPORT AND HIGHWAYS,Telangana,N.A.,2022-01,882.18,,882.18,220.87,2025-01,,2025-06,50.98,ongoing_census,2024-06
N24002002,WIDENING AND IMPROVEMENT OF EXISTING CARRIAGE WAY TO 2 LANE WITH PAVED SHOULDERS FROM KM. 86/160 TO,ROAD TRANSPORT AND HIGHWAYS,Telangana,MoRTH,2022-01,423.48,,423.48,198.05,2024-12,,2024-12,56.62,ongoing_census,2024-06
N24002003,REHABILITATION AND UP-GRADATION OF VALIGONDA TO THORRUR SECTION TO TWO LANE WITH PAVED SHOULDERS FRO,ROAD TRANSPORT AND HIGHWAYS,Telangana,N.A.,,549.28,,549.28,103.51,2024-12,,2025-03,44.88,ongoing_census,2024-06
N24002004,REHABILITATION AND UPGRADATION OF LB-NAGAR TO MALKAPUR SECTION TO 6- LANE MAIN CARRIAGEWAY WITH SERVI,ROAD TRANSPORT AND HIGHWAYS,Telangana,MoRTH,,545.11,,545.11,238.41,2024-07,,2025-06,57.71,ongoing_census,2024-06
N24002005,WIDENING TO TWO LANE WITH PAVED SHOULDERS OF 'BODHAN BASAR BHAINSA ' SECTION FROM KM 38/900 TO 95/3,ROAD TRANSPORT AND HIGHWAYS,Telangana,MoRTH,2022-03,644.45,,644.45,192.96,2025-03,,2025-06,54.5,ongoing_census,2024-06
N24002006,"ONSTRUCTION OF 4-LANE FLYOVER AT AMBERPET-X ROAD, HYDERABAD ON NH- 202 IN THE STATE OF TELANGANA",ROAD TRANSPORT AND HIGHWAYS,Telangana,MoRTH,,186.71,,186.71,155.3,2023-06,,2024-12,73.5,ongoing_census,2024-06
N24002007,WIDENING TO TWO LANE WITH PAVED SHOULDERS FROM KM 0/000 TO KM 79/300 OF KALWAKURTHY - KOLLAPUR SECTI,ROAD TRANSPORT AND HIGHWAYS,Telangana,N.A.,2022-03,886.69,,886.69,90.46,2025-07,,2025-07,34.36,ongoing_census,2024-06
N24002008,WIDENING TO 2 LANE WITH PAVED SHOULDERS OF SIDDIPET- ELKATHURTHY SECTION FROM KM 69/978 TO KM 133/6,ROAD TRANSPORT AND HIGHWAYS,Telangana,MoRTH,2022-01,578.85,,578.85,172.76,2024-12,,2024-12,60.35,ongoing_census,2024-06
N24002009,WIDENING AND STRENGTHENING TO 2/4 LANE WITH PAVED SHOULDERS OF MAHABUBNAGAR ? CHINCHOLI SECTION FROM,ROAD TRANSPORT AND HIGHWAYS,Telangana,N.A.,,703.68,,703.68,205.84,2025-01,,2025-07,41.67,ongoing_census,2024-06
N24002010,WIDENING AND STRENGTHENING TO 4 LANE / 2-LANE WITH PAVED SHOULDERS OF MAHABUBNAGAR-CHINCHOLI SECTION,ROAD TRANSPORT AND HIGHWAYS,Telangana,MoRTH,,631.49,,631.49,42.69,2024-03,,2025-10,10.92,ongoing_census,2024-06
N24002082,IMPROVEMENT OF GEOMETRICS OF THONDUPALLY TO KOTHUR FROM KM 22.300 TO KM 34.14 OF NH-44-RCW,ROAD TRANSPORT AND HIGHWAYS,Telangana,N.A.,2022-02,541.58,,541.58,20.82,2024-09,,2024-09,0.0,ongoing_census,2024-06
N24002083,FOUR LANING OF KARIMNAGAR- WARANGAL SECTION OF NH-563 FROM DESIGN CH.48.860 KM NEAR SH-1 CH.170.400 K,ROAD TRANSPORT AND HIGHWAYS,Telangana,NHAI,2022-03,2146.86,2413.0,2413.0,652.05,2025-07,,2025-07,37.01,ongoing_census,2024-06
N16000495,"GRASS ROOT RAIL FED DEPOT AT SEKERKOTE, AGARTALA AS RESITEMENT OF EXISTING DHARMANAGAR DEPOT",PETROLEUM,Tripura,IOCL,2022-06,656.0,,656.0,283.31,2025-08,2025-09,2025-09,59.2,ongoing_census,2024-06
N22000195,AGARTALA-AKHAURA NL,RAILWAYS,Tripura,Jun-22) (N.A.,2012-04,569.63,,708.73,380.92,2020-03,2022-06,2022-09,84.0,ongoing_census,2024-06
N24001247,2-LANING FROM MANU-SIMLUNG ( PKG I) (NHIDCL),ROAD TRANSPORT AND HIGHWAYS,Tripura,Oct-22) (251.89,2020-03,247.76,251.89,251.89,118.7,2022-01,2022-10,2023-08,100.0,ongoing_census,2024-06
N24001263,REHABILITATION AND UPGRADATION OF ROAD FROM KM 0.00 TO KM 18.600 OF KUMARGHAT-KAILASHAHAR SECTION,ROAD TRANSPORT AND HIGHWAYS,Tripura,NHIDCL,,277.5,302.02,302.02,252.1,2022-01,2024-02,2024-07,98.52,ongoing_census,2024-06
N24001265,REHABILITATION AND UPGRADATION OF ROAD FROM DESIGN KM 0.00 TO KM 11.800 OF KAILASHAHAR-KURTI BRIDGE,ROAD TRANSPORT AND HIGHWAYS,Tripura,Aug-23,,154.51,,154.51,49.59,2022-07,2023-08,2023-08,100.0,ongoing_census,2024-06
N24001267,REHABILITATION AND UP-GRADATION OF ROAD FROM DESIGN KM 11.800 TO KM 25.250 OF KAILASHAHAR-KURTI BRID,ROAD TRANSPORT AND HIGHWAYS,Tripura,NHIDCL,,178.43,,208.74,57.66,2022-07,2023-08,2023-10,100.0,ongoing_census,2024-06
N24001309,KAILASHAHAR TO KHOWAI PKG-4,ROAD TRANSPORT AND HIGHWAYS,Tripura,Oct-23) (171.50,2020-11,159.13,171.5,171.5,79.43,2022-06,2023-10,2024-07,97.26,ongoing_census,2024-06
N24001317,2-LANING FROM JOLAIBARI - BELONIA,ROAD TRANSPORT AND HIGHWAYS,Tripura,Jun-23) (287.47,2020-06,201.99,287.47,287.47,144.07,2022-01,2023-06,2024-07,91.51,ongoing_census,2024-06
N24001318,2-LANING OF KHOWAI -AGARTALA SECTION FROM DESIGN KM 31.300 TO KM 45.300 OF NH-208A PKG-3,ROAD TRANSPORT AND HIGHWAYS,Tripura,NHIDCL,2020-09,173.17,,173.17,93.28,2022-04,2022-10,2023-10,100.0,ongoing_census,2024-06
N24001363,MANU-SIMLUNG ( PKG 4),ROAD TRANSPORT AND HIGHWAYS,Tripura,Jun-23) (N.A.,2021-03,354.79,,354.79,34.08,2022-12,2023-06,2025-01,17.2,ongoing_census,2024-06
N24001542,2 LANING FROM MANU-SIMLUNG PKG-2 (NHIDCL),ROAD TRANSPORT AND HIGHWAYS,Tripura,N.A.,2022-02,456.88,,456.88,90.15,2025-01,,2025-01,37.48,ongoing_census,2024-06
N24001914,IMPROVEMENT AND WIDENING TO 2- LANE WITH EARTHEN PAVED SHOULDER FROM UDAIPUR TO SRIMANTAPUR,ROAD TRANSPORT AND HIGHWAYS,Tripura,NHIDCL,2023-05,195.95,,195.95,5.14,2024-11,,2024-11,11.58,ongoing_census,2024-06
N24002132,4 LANE WITH PAVED SHOULDER AGARTALA BYPASS (WESTERN SIDE) CONNECTING NH-8,ROAD TRANSPORT AND HIGHWAYS,Tripura,N.A.,2023-03,2026.05,,2026.05,,2027-03,,2027-03,0.0,ongoing_census,2024-06
N04000077,"CCS INTERNATIONAL AIRPORT , LUCKNOW",CIVIL AVIATION,Uttar Pradesh,AAI,2018-06,1383.0,1938.0,3291.81,2109.22,2021-09,2026-10,2026-10,77.18,ongoing_census,2024-06
N04000094,DEVELOPMENT OF AYODHYA AIRPORT PHASE-01,CIVIL AVIATION,Uttar Pradesh,AAI,2021-03,242.14,328.0,358.0,335.02,2022-12,2024-06,2024-07,99.9,ongoing_census,2024-06
N04000102,"PRAYAGRAJ AIRPORT - CONSTRUCTION OF NEW TERMINAL BUILDING, SECOND LINK TAXI TRACK, APRON EXPANSION,",CIVIL AVIATION,Uttar Pradesh,AAI,2023-05,185.75,232.52,232.52,28.26,2024-11,,2024-12,30.0,ongoing_census,2024-06
N06000152,NEYVELI UTTAR PRADESH POWER PROJECT LIMITED 1980 MW,COAL,Uttar Pradesh,NLC,2016-07,17237.0,19406.12,19406.12,17216.7,2021-11,2025-03,2025-03,83.62,ongoing_census,2024-06
N06000208,KHADIA EXPANSION OCP (NCL),COAL,Uttar Pradesh,N.A.) (N.A.,2021-06,491.67,,491.67,25.24,2025-03,,2026-03,5.03,ongoing_census,2024-06
N45000003,CONSTRUCTION OF 683 VARIOUS TYPE FAMILY QUARTERS AT GROUP CENTRE CRPF CHANDAULI,HOME AFFAIRS,Uttar Pradesh,CPWD FOR MHA,2019-05,199.31,,199.31,86.49,2022-01,2023-03,2023-03,85.0,ongoing_census,2024-06
N16000387,CITY GAS DISTRIBUTION IN UP AND UK (HPCL),PETROLEUM,Uttar Pradesh,N.A.,,3450.2,,3450.2,1962.02,2029-03,2029-03,2029-03,48.5,ongoing_census,2024-06
N16000429,60 KTA POLYPROPYLENE PROJECT,PETROLEUM,Uttar Pradesh,GAIL,2019-03,910.56,1299.02,1299.02,750.4,2024-04,2024-04,2025-03,87.4,ongoing_census,2024-06
N16000505,AUGMENTATION OF FACILITIES AT MATHURA BITUMEN PLANT,PETROLEUM,Uttar Pradesh,Dec-26,2022-04,260.12,,260.12,0.89,2025-04,2026-12,2026-12,1.5,ongoing_census,2024-06
N16000506,GRASS-ROOT TERMINAL AT MIRZAPUR UTTAR PRADESH,PETROLEUM,Uttar Pradesh,IOCL,2022-09,980.45,,980.45,99.23,2026-06,,2026-11,24.6,ongoing_census,2024-06
N16000525,"CITY GAS DISTRIBUTION PROJECTS AT LAKHIMPUR KHERI , SITAPUR, BAHRAICH, SHRAVASTI,BALRAMPUR,",PETROLEUM,Uttar Pradesh,BPCL,,16654.0,,16654.0,244.56,2030-06,,2030-06,4.4,ongoing_census,2024-06
N18000272,KHURJA SUPER THERMAL POWER PROJECT,POWER,Uttar Pradesh,N.A.,2019-03,11089.42,,11089.42,10568.03,2023-09,,2024-12,91.0,ongoing_census,2024-06
N18000323,KALPI SOLAR POWER PROJECT (NHPC),POWER,Uttar Pradesh,Mar-24) (N.A.,2020-07,314.64,,350.46,301.1,2022-03,2024-03,2024-03,89.75,ongoing_census,2024-06
N18000382,"SINGRAULI SUPER THERMAL POWER PROJECT, STAGE-III (2X800 MW)",POWER,Uttar Pradesh,BHEL,2024-03,17195.31,,17195.31,531.0,2030-02,,2030-02,0.0,ongoing_census,2024-06
N22000347,ROSA-SITAPUR CANTT-BURHWAL DOUBLING,RAILWAYS,Uttar Pradesh,NER,2015-03,1295.42,,2560.0,2262.57,2022-03,,2024-02,100.0,ongoing_census,2024-06
N22000401,VARANASI-MODHOSINGH-ALLAHABAD DOUBLING,RAILWAYS,Uttar Pradesh,N.A.,2015-04,943.6,,2018.23,1779.61,2022-03,,2024-12,98.0,ongoing_census,2024-06
N22000404,"LUCKNOW- PILIBHIT VIA SITAPUR, LAKHIMPUR GC",RAILWAYS,Uttar Pradesh,RVNL,2011-04,927.01,,1457.79,1684.0,2019-03,2024-03,2024-03,100.0,ongoing_census,2024-06
N22000405,MAU-GHAZIPUR-TARIGHAT NEW LINE (RVNL),RAILWAYS,Uttar Pradesh,Mar-24) (N.A.,2015-04,1765.92,,1765.92,1687.89,2023-03,2024-03,2024-12,100.0,ongoing_census,2024-06
N22000417,RAMNA - SINGRAULI DOUBLING,RAILWAYS,Uttar Pradesh,ECR,2015-08,2436.21,2880.4,2880.4,2862.94,2020-03,,2024-09,90.0,ongoing_census,2024-06
N22000419,KARAILA ROAD - SHAKTINAGAR DOUBLING,RAILWAYS,Uttar Pradesh,ECR,2015-08,528.57,762.97,762.97,717.3,2019-03,,2024-08,90.0,ongoing_census,2024-06
N22000468,BURHWAL - GONDA - 3RD RUNNING LINE. (NER),RAILWAYS,Uttar Pradesh,N.A.,,602.5,,714.96,780.91,,,2025-07,48.0,ongoing_census,2024-06
N22000470,"SHAHGANJ-BHATNI-PHEPHNA-INDARA, MAU-SHAHGANJ (EXCL. MAU-INDARA) PATCH DOUBLING.",RAILWAYS,Uttar Pradesh,NER,2016-04,1177.96,,1777.39,1731.53,2019-12,,2024-12,74.0,ongoing_census,2024-06
N22000495,JHANSI MANIKPUR AND KHAIRAR BHIMSEN DOUBLING,RAILWAYS,Uttar Pradesh,NCR,2018-03,4329.53,,4329.53,60.37,2023-03,,2026-03,3.0,ongoing_census,2024-06
N22000496,JHANSI BINA DOUBLING,RAILWAYS,Uttar Pradesh,NCR,2016-09,2001.0,2001.0,2001.0,1118.8,2021-03,,2023-12,85.0,ongoing_census,2024-06
N22000501,MATHURA-JHANSI-3RD LINE (273.80 KM) (RVNL),RAILWAYS,Uttar Pradesh,N.A.,2016-06,3677.76,,5190.26,4969.16,2023-12,,2024-12,80.0,ongoing_census,2024-06
N22000525,SURFACE TRIANGLE LINE BETWEEN BHADURA STATION AND NEW CROSSING STN KARMA DOUBLING,RAILWAYS,Uttar Pradesh,ECR,2022-10,199.96,,199.96,55.09,2027-10,,2027-10,0.0,ongoing_census,2024-06
N22000544,MUGHALSARAI - ALLAHABAD - 3RD LINE (NCR),RAILWAYS,Uttar Pradesh,N.A.,2019-08,2390.0,,2390.0,,2026-12,,2026-12,0.0,ongoing_census,2024-06
N22000545,ALIGARH-HARDUAGANJ FLYOVER (22 KM) (NCR),RAILWAYS,Uttar Pradesh,Jun-26) (N.A.,2020-04,1456.89,,1456.89,,2026-06,2026-06,2026-06,5.0,ongoing_census,2024-06
N22000546,LALITPUR - BIRARI WITH FLYOVER AT LALITPUR,RAILWAYS,Uttar Pradesh,NCR,2017-03,260.0,,260.0,,2024-12,,2024-12,0.0,ongoing_census,2024-06
N22000562,ALIGARH-DAUD KHAN - 3RD LINE (6.9 KM) & CONSTRUCTION OF FLYOVER AT DAUD KHAN,RAILWAYS,Uttar Pradesh,N.A.,2019-04,451.99,,451.99,,2025-12,,2025-12,0.0,ongoing_census,2024-06
N22000563,ALLAHABAD-BAMHRAULI - 4TH LINE (10 KM) WITH FLY-OVER AT SUBEDARGANJ,RAILWAYS,Uttar Pradesh,NCR,,494.11,,494.11,,2026-03,,2026-03,0.0,ongoing_census,2024-06
N22000564,BHANDAI - FLYOVER FOR ETAWAH BOUND DOWN TRAINS,RAILWAYS,Uttar Pradesh,NCR,2019-04,187.21,250.17,250.17,1.75,2025-12,2026-03,2026-03,7.0,ongoing_census,2024-06
N22000565,SAHJANWA - DOHRIGHAT,RAILWAYS,Uttar Pradesh,N.A.) (N.A.,2019-08,371.77,,1319.75,371.14,2029-03,,2027-12,1.0,ongoing_census,2024-06
N22000566,BAHRAICH - NANPARA -NEPALGANJ (56.15 KM) (NER),RAILWAYS,Uttar Pradesh,N.A.,,950.0,,341.66,16.52,2024-12,,2025-06,1.0,ongoing_census,2024-06
N22000569,BAHRAICH SRAVASTI BALRAMPUR,RAILWAYS,Uttar Pradesh,TULSIPUR) (N.A.) (N.A.,2018-10,1600.0,,5739.79,728.88,2030-10,,2027-03,5.0,ongoing_census,2024-06
N22000578,BARABANKI AKBARPUR DOUBLING (NR),RAILWAYS,Uttar Pradesh,N.A.) (N.A.,2017-09,1200.0,,1700.0,,2025-03,,2025-03,0.0,ongoing_census,2024-06
N22000582,JAUNPUR AKBARPUR (TANDA) DOUBLING (NR),RAILWAYS,Uttar Pradesh,N.A.) (N.A.,2017-08,515.5,,676.0,,2025-03,,2025-03,0.0,ongoing_census,2024-06
N22000583,JANGHAI PRATAPGARH AMETHI DOUBLING,RAILWAYS,Uttar Pradesh,NR,2017-11,701.98,,1100.0,,2025-03,,2025-03,0.0,ongoing_census,2024-06
N22000590,BARABANKI-MALHAUR - 3RD & 4TH LINE (32.84 KM),RAILWAYS,Uttar Pradesh,N.A.,2019-01,323.85,,323.85,,2025-03,,2025-03,0.0,ongoing_census,2024-06
N22000591,DOUBLING BETWEEN JAUNPUR JN- ZAFFARABAD (6.28 KM),RAILWAYS,Uttar Pradesh,NR,2023-03,177.33,,177.33,,2026-12,,2026-12,0.0,ongoing_census,2024-06
N22000596,JANGHAI-PHAPHAMAU - DOUBLING WITH ELECTRIFICATION (46.79 KM),RAILWAYS,Uttar Pradesh,RVNL,,357.48,,409.38,312.07,2025-03,,2025-03,48.0,ongoing_census,2024-06
N22000598,BHATNI - AUNRIHAR WITH ELECTRIFICATION (125 KM) (EXCL INDARA - MAU (116.95 KM)),RAILWAYS,Uttar Pradesh,RVNL,2018-05,1177.96,,2529.46,1574.9,2024-03,,2025-02,76.0,ongoing_census,2024-06
N22000612,MATHURA - VRINDAVAN (11 KM) (NCR),RAILWAYS,Uttar Pradesh,N.A.,2022-08,402.88,,402.88,,2025-06,,2025-06,0.0,ongoing_census,2024-06
N22000613,DOMINGARH - GORAKHPUR - GORAKHPUR CANTT - KUSUMHI - 3RD RUNNING LINE (21.15 KM),RAILWAYS,Uttar Pradesh,NER,2016-11,186.85,,457.68,414.1,2024-06,,2025-02,95.0,ongoing_census,2024-06
N24000331,CONSTRUCTION OF RING ROAD FOR RAEBARELI CITY (PHASE -I) ON EASTERN SIDE OF NH 24B,ROAD TRANSPORT AND HIGHWAYS,Uttar Pradesh,N.A.,2019-12,282.41,,319.96,269.08,2022-04,,2024-09,83.0,ongoing_census,2024-06
N24000549,4-LANNING OF VARANASI GORAKHPUR SECTION OF NH-29 FROM 88.00 148.00 KM 4-LANNING OF VARANASI GORAKHPU,ROAD TRANSPORT AND HIGHWAYS,Uttar Pradesh,NHAI,2016-03,1396.74,4172.67,4300.0,3983.38,2019-10,2023-09,2024-09,97.77,ongoing_census,2024-06
N24000551,4-LANNING OF VARANASI GORAKHPUR SECTION OF NH-29 FROM 148.00 208.300 KM [PACKAGE-IV],ROAD TRANSPORT AND HIGHWAYS,Uttar Pradesh,NHAI,2016-03,1587.49,3473.59,3500.0,3243.0,2019-04,2024-03,2024-08,95.0,ongoing_census,2024-06
N24000556,FOUR LANNING OF RAMPUR- KATHGODAM SECTION OF NH-87 FROM KM 0.000 (KM. 190.000 OF NH-24) TO KM 42.791,ROAD TRANSPORT AND HIGHWAYS,Uttar Pradesh,NHAI,2016-03,899.0,1623.88,1623.88,1196.51,2019-04,2024-12,2024-12,92.1,ongoing_census,2024-06
N24000564,4-LANNING OF HARIDWAR-NAGINA SECTION OF NH 74 FROM (KM 204.300 OF NH 58) TO KM 73.00,ROAD TRANSPORT AND HIGHWAYS,Uttar Pradesh,NHAI,2016-03,1408.0,1659.12,1659.12,1192.17,2020-07,2025-03,2025-03,76.52,ongoing_census,2024-06
N24000796,CONSTRUCTION OF NH-24 EXTENSION 4- LANE BYPASS STARTING FROM BEHTA ROAD AND TERMINATING AT SITAPUR RO,ROAD TRANSPORT AND HIGHWAYS,Uttar Pradesh,NHAI,,1117.84,,1203.92,1198.22,2021-12,2023-12,2024-08,98.96,ongoing_census,2024-06
N24000798,SIX LANING OF HAPUR BYPASS TO MORADABAD SECTION INCLUDING HAPUR BYPASS FROM KM 50.000 (DESIGN CHAINA,ROAD TRANSPORT AND HIGHWAYS,Uttar Pradesh,N.A.,2018-03,2140.93,,2140.93,2048.57,2021-11,,2024-12,97.88,ongoing_census,2024-06
N24001185,SIX LANING OF CHAKERI TO ALLAHABAD SECTION OF NH-2 FROM KM 483.687 TO KM 628.753 (DESIGN LENGTH ? 14,ROAD TRANSPORT AND HIGHWAYS,Uttar Pradesh,NHAI,2017-11,2159.0,2262.0,2262.0,2248.28,2021-07,2024-12,2024-12,97.1,ongoing_census,2024-06
N24001306,TWO / FOUR LANING OF RAEBARELI - JAGDISHPUR SECTION OF NH-330A FROM KM. 0.000 TO KM. 47.800 (DESIGN,ROAD TRANSPORT AND HIGHWAYS,Uttar Pradesh,N.A.,,724.6,,724.6,569.96,2023-03,,2024-05,84.92,ongoing_census,2024-06
N24001421,CONSTRUCTION OF 6 LANE BRIDGE ON GANGA ON NH-96 AND ITS APPROACHES IN PHAPHAMAU ALLAHABAD ON EPC MOD,ROAD TRANSPORT AND HIGHWAYS,Uttar Pradesh,MoRTH,,1948.25,,1948.25,913.02,2024-02,,2025-08,68.0,ongoing_census,2024-06
N24001423,CONSTRUCTION OF BYPASS FOR PROVIDING INTER CONNECTIVITY AMONG (NHS) AROUND THE PRATAPGARH CITY (PRAT,ROAD TRANSPORT AND HIGHWAYS,Uttar Pradesh,N.A.,2021-04,309.48,,309.48,112.76,2023-09,,2024-12,51.0,ongoing_census,2024-06
N24001424,CONSTRUCTION OF FOUR-LANE ELEVATED VIADUCT FROM KM.4+634 TO KM.6+345 ON NH-24A INCLUDING RETAINING W,ROAD TRANSPORT AND HIGHWAYS,Uttar Pradesh,MoRTH,2021-03,185.09,269.81,269.81,246.78,2023-09,,2024-09,93.0,ongoing_census,2024-06
N24001456,REHABILITATION AND UPGRADATION TO 2 LANE WITH PS OF RADHAITA TO PILIBHIT SECTION OF 46.130 KM,ROAD TRANSPORT AND HIGHWAYS,Uttar Pradesh,MoRTH,,199.39,212.96,199.39,139.08,2024-02,,2024-08,82.0,ongoing_census,2024-06
N24001457,REHABILITATION AND UPGRADATION TO 2 LANE WITH PS OF MIRANPUR KATRA TO RADHAITA SECTION OF NH-730C F,ROAD TRANSPORT AND HIGHWAYS,Uttar Pradesh,MoRTH,,172.5,169.56,172.5,75.84,2024-07,,2025-03,58.0,ongoing_census,2024-06
N24001460,CONSTRUCTION OF 4 LANE ELEVATED VIADUCT AT KM. 7.500 MUNSHI PULIA OF NH-24A,ROAD TRANSPORT AND HIGHWAYS,Uttar Pradesh,N.A.,2021-12,170.6,,170.6,153.15,2024-09,,2024-09,98.0,ongoing_census,2024-06
N24001461,2-LANE WITH PS OF BEWAR TO NEAR KARRI VILLAGE SECTION OF NH-92 FROM KM.0.00 TO 30.00 UNDER GNHCP,ROAD TRANSPORT AND HIGHWAYS,Uttar Pradesh,MoRTH,2020-04,236.47,,236.47,117.56,2024-03,,2024-12,72.0,ongoing_census,2024-06
N24001462,2-LANE WITH PS OF NEAR KARRI VILLAGE TO ETAWAH SECTION OF NH-92 FROM KM.30.000 TO 57.346 UNDER GNHCP,ROAD TRANSPORT AND HIGHWAYS,Uttar Pradesh,N.A.,2020-04,211.09,,211.09,92.79,2024-07,,2024-12,70.0,ongoing_census,2024-06
N24001463,ALLAHGANJ TO MIRANPUR KATRA SECTION OF NH-730C FROM KM.52.770 TO 114.00,ROAD TRANSPORT AND HIGHWAYS,Uttar Pradesh,MoRTH,2020-04,294.84,309.99,294.84,250.06,2024-07,,2024-02,100.0,ongoing_census,2024-06
N24001464,PROJECTS- REHABILITATION AND UPGRADATION OF NH-731A FROM KM 0.00 TO KM.35.00,ROAD TRANSPORT AND HIGHWAYS,Uttar Pradesh,N.A.,2021-03,264.86,,264.86,97.42,2023-08,,2024-08,67.0,ongoing_census,2024-06
N24001469,IMPROVEMENT AND UPGRADATION TO TWO LANE WITH PAVED SHOULDER CONFIGURATION FROM EXISTING KM 55.00 TO,ROAD TRANSPORT AND HIGHWAYS,Uttar Pradesh,MoRTH,,307.11,,307.11,151.68,2024-05,,2025-03,64.0,ongoing_census,2024-06
N24001471,R/U TO 2-LANE WITH PS OF BEWAR TO ALLAHGANJ SECTION OF NH-730C FROM KM.0.00 TO 52.770 UNDER GNHCP,ROAD TRANSPORT AND HIGHWAYS,Uttar Pradesh,MoRTH,,325.24,340.16,325.24,171.46,2024-11,,2024-11,63.0,ongoing_census,2024-06
N24001478,"WIDENING AND STRENGTHENING FROM KM.15.000 TO KM, 58.600 (BHADEWARA - DRAMANDGANJ SECTION) OF NATIONAL",ROAD TRANSPORT AND HIGHWAYS,Uttar Pradesh,MoRTH,2021-12,257.97,,257.97,132.48,2024-05,,2024-05,100.0,ongoing_census,2024-06
N24001479,WIDENING AND UPGRADATION TO FOUR LANE CONFIGURATION FROM KM.34.900,ROAD TRANSPORT AND HIGHWAYS,Uttar Pradesh,BHADOHI) TO KM.73.134 (JAUNPUR,2021-03,395.62,392.03,395.62,183.61,2024-05,,2025-03,52.0,ongoing_census,2024-06
N24001480,WIDENING AND STRENGTHENING FROM KM 0.00 TO KM 15.089 OF NH-334A (PURKAJI-LAKSAR-HARIDWAR ROAD) TO TW,ROAD TRANSPORT AND HIGHWAYS,Uttar Pradesh,MoRTH,2021-10,227.06,,227.06,98.31,2024-04,,2024-12,80.0,ongoing_census,2024-06
N24001523,6L ACCESS-CONTROLLED HIGHWAY FROM (GANESHPUR) TO(NEAR MOHAND) OF GANESHPUR ? DEHRADUN SECTION FROM K,ROAD TRANSPORT AND HIGHWAYS,Uttar Pradesh,N.A.,2021-03,836.24,,836.24,772.83,2023-10,2024-08,2024-08,93.91,ongoing_census,2024-06
N24001524,6L OF ACCESS-CONTROLLED HIGHWAY FROM MOHAND TO DAAT KALI TUNNEL OF GANESHPUR ? DEHRADUN SECTION FROM,ROAD TRANSPORT AND HIGHWAYS,Uttar Pradesh,NHAI,2021-03,990.28,,990.28,997.49,2023-10,2024-08,2024-08,94.47,ongoing_census,2024-06
N24001587,WIDENING AND STRENGTHENING OF SECTION FROM BHARTHANA CHOWK TO KODARKOOT (KM. 0.00 TO KM. 40.00) OF,ROAD TRANSPORT AND HIGHWAYS,Uttar Pradesh,N.A.) (343.77,2020-03,262.37,343.77,343.77,226.54,2024-09,,2024-12,58.0,ongoing_census,2024-06
N24001726,4L SPUR OF SHAMLI-MUZZAFARNAGAR CONNECTING NH-709AD (PANIPAT- SHAMLI-MUZAFFARNAGAR) AND NH-58 (MEERUT,ROAD TRANSPORT AND HIGHWAYS,Uttar Pradesh,NHAI,2023-01,391.26,,391.26,14.12,2024-08,,2024-08,72.1,ongoing_census,2024-06
N24001727,"IMPROVEMENT AND UP-GRADATION OF EXISTING ROAD TO 2/4L PS FROM KM 40.000 TO 88.750, START OF KHUTAR B",ROAD TRANSPORT AND HIGHWAYS,Uttar Pradesh,NHAI,,762.62,,762.62,275.02,2025-02,,2025-02,9.15,ongoing_census,2024-06
N24001728,"IMPROVEMENT AND UP-GRADATION OF EXISTING ROAD TO 4L PS FROM KM 175.080 TO 229.070, FROM END OF HARDO",ROAD TRANSPORT AND HIGHWAYS,Uttar Pradesh,NHAI,,1138.81,,1138.81,194.81,2025-07,,2025-07,80.68,ongoing_census,2024-06
N24001729,4L SPUR OF PANIPAT - SHAMLI CONNECTING NH-709AD (PANIPAT ? SHAMLI ? MUZAFFARNAGAR) AND NH- 709A (KARN,ROAD TRANSPORT AND HIGHWAYS,Uttar Pradesh,N.A.,2022-08,326.79,,329.79,90.07,2024-04,,2024-12,74.0,ongoing_census,2024-06
N24001730,4L FROM GAJU VILLAGE AT KM 32.982 TO DEVINAGAR BYPASS (END) AT KM 208.000 OF NH 530B (PKG 1C),ROAD TRANSPORT AND HIGHWAYS,Uttar Pradesh,NHAI,,1384.79,,1384.79,604.81,2025-01,,2025-01,79.65,ongoing_census,2024-06
N24001731,6L GREENFIELD KANPUR - LUCKNOW TO KM. 73.744,ROAD TRANSPORT AND HIGHWAYS,Uttar Pradesh,N.A.,2021-12,2470.64,,2335.0,407.81,2025-05,2025-05,2025-05,56.58,ongoing_census,2024-06
N24001732,"IMPROVEMENT AND UP-GRADATION OF EXISTING ROAD TO 4L PS FROM KM 229.070 TO 260.800, END OF HARDOI DIS",ROAD TRANSPORT AND HIGHWAYS,Uttar Pradesh,NHAI,,540.97,,540.97,76.67,2024-10,,2024-10,56.0,ongoing_census,2024-06
N24001733,6L ACCESS CONTROLLED GREENFIELD HIGHWAY OF JUNCTION OF EPE (VILL.- MAVIKALAN) TO VILL.-LOHADDA FROM K,ROAD TRANSPORT AND HIGHWAYS,Uttar Pradesh,N.A.,2022-03,1602.48,,1602.48,320.08,2024-08,,2024-12,68.0,ongoing_census,2024-06
N24001734,6L ACCESS CONTROL GREENFIELD HIGHWAY OF VILL-LOHADDA TO VILL- KARAUNDA MAHAJAN FROM KM. 27.000 TO KM.,ROAD TRANSPORT AND HIGHWAYS,Uttar Pradesh,NHAI,2022-03,1335.45,,1335.45,316.83,2024-08,,2024-12,57.46,ongoing_census,2024-06
N24001735,6L ACCESS CONTROL GREENFIELD HIGHWAY OF VILL-KHYAWARI TO VILL- LATIFPUR AT SAHARANPUR BYPASS FROM KM,ROAD TRANSPORT AND HIGHWAYS,Uttar Pradesh,NHAI,2022-03,1428.19,,1428.19,382.53,2024-08,,2024-12,67.71,ongoing_census,2024-06
N24001736,6L ACCESS CONTROL GREENFIELD HIGHWAY OF VILL-KARAUNDA MAHAJAN TO VILL-KHYAWARI FROM KM. 56.500 TO K,ROAD TRANSPORT AND HIGHWAYS,Uttar Pradesh,NHAI,2022-01,1159.96,,1159.96,493.94,2024-08,,2024-12,98.0,ongoing_census,2024-06
N24001737,"4LPS OF MUZAFFARNAGAR TO MIRANPUR SECTION OF NH-709AD, PKG- III",ROAD TRANSPORT AND HIGHWAYS,Uttar Pradesh,N.A.,2021-11,923.15,,923.15,455.61,2024-04,,2024-04,97.0,ongoing_census,2024-06
N24001738,"2LPS OF BIJNOR TO KOTAWALI SECTION OF NH-709AD, PKG-IV",ROAD TRANSPORT AND HIGHWAYS,Uttar Pradesh,NHAI,2021-09,300.79,,300.79,122.56,2023-10,2024-12,2024-12,66.0,ongoing_census,2024-06
N24001739,REHABILITATION and UPGRADATION FROM 2 LANE TO 4 LANE OF NH STRETCH UNDER BHARATMALA PARIYOJANA FOR U,ROAD TRANSPORT AND HIGHWAYS,Uttar Pradesh,Dec-24,2019-10,1779.83,,2200.0,1008.0,2023-11,2024-12,2024-12,96.15,ongoing_census,2024-06
N24001742,"4L OF SHAMLI TO MUZAFFARNAGAR SECTION OF NH-709AD, PKG-II",ROAD TRANSPORT AND HIGHWAYS,Uttar Pradesh,NHAI,2020-06,1621.07,,1621.07,1679.63,2022-10,2023-07,2024-04,100.0,ongoing_census,2024-06
N24001744,"4L OF SHAMLI BYAPSS- SAHARANPUR FROM KM 92.2 TO KM 155.025 SECTION OF NH-709B, PKG-II",ROAD TRANSPORT AND HIGHWAYS,Uttar Pradesh,N.A.,2019-05,779.17,,779.17,13.27,2022-11,,2024-12,93.0,ongoing_census,2024-06
N24001745,KANPUR LUCKNOW EXPRESSWAY PKG-1 CONSTRUCTION OF 6-LANE TO EIGHT LANE OF KANPUR LUCKNOW EXPRESSWAY (N,ROAD TRANSPORT AND HIGHWAYS,Uttar Pradesh,NHAI,2021-12,1972.1,,1936.0,415.21,2025-07,2025-07,2025-07,52.77,ongoing_census,2024-06
N24001746,2-LANE EXISTING RAMPUR BYPASS OF RAMPUR TO BE DEVELOPED TO 4-LANE ON EPC MODE IN THE STATE OF UTTAR,ROAD TRANSPORT AND HIGHWAYS,Uttar Pradesh,NHAI,,364.47,,364.47,107.18,2024-04,2025-02,2025-02,58.77,ongoing_census,2024-06
N24001753,4 LANING OF NAJIBABAD BYPASS OF NH- 119 FROM KM. 105.423 TO KM. 118.373 (EXCLUDING 2.45 KM. OF NH-74,ROAD TRANSPORT AND HIGHWAYS,Uttar Pradesh,NHAI,,570.98,578.02,578.02,331.66,2024-06,2024-11,2024-11,69.72,ongoing_census,2024-06
N24001754,SPUR OF MEERUT-GARH-MUKTESHWAR SECTION(NH-709A) CONNECTING NH-119 AND NH-58 BYPASSING MEERUT TOWN,ROAD TRANSPORT AND HIGHWAYS,Uttar Pradesh,N.A.,2022-01,953.79,,953.79,384.66,2024-10,,2024-10,25.04,ongoing_census,2024-06
N24001755,4-LANING OF MEERUT NAJIBABAD SECTION FROM KM. 11.500 TO KM 39.250 AND KM 86.590 TO KM. 112.545.IN TH,ROAD TRANSPORT AND HIGHWAYS,Uttar Pradesh,NHAI,2019-10,1936.68,,2458.03,1380.9,2023-03,2024-12,2024-12,97.08,ongoing_census,2024-06
N24001772,4 LANE CONNECTOR FROM DELHI MEERUT EXPRESSWAY KM 50.000 TO KM 8.520 OF NH 235 IN THE STATE OF UTTAR,ROAD TRANSPORT AND HIGHWAYS,Uttar Pradesh,N.A.,2021-08,1147.26,,1147.26,81.34,2024-03,2024-12,2024-12,30.0,ongoing_census,2024-06
N24001815,"4L BYPASSES FOR JAGATPUR, B4ABUGANJ, UNCHAHAR, ALAPUR BYPASS, AND SAI RIVER BRIDGE OF RAEBARELI- PRA",ROAD TRANSPORT AND HIGHWAYS,Uttar Pradesh,NHAI,2022-12,1699.0,1078.0,1699.0,64.39,2024-11,,2024-11,51.2,ongoing_census,2024-06
N24001816,FOUR LANNING OF JAGDISHPUR- FAIZABAD SECTION FROM KM 47.930 TO KM 107.680 OF NH-330A,ROAD TRANSPORT AND HIGHWAYS,Uttar Pradesh,N.A.,2021-03,1980.0,,1980.0,1220.38,2023-03,,2023-12,100.0,ongoing_census,2024-06
N24001826,VARANASI RING ROAD (PKG-II) CONNECTING SANDAHA VILLAGE (KM 11.70 / NH-29) WITH REVASA VILLAGE (KM,ROAD TRANSPORT AND HIGHWAYS,Uttar Pradesh,NHAI,2019-02,927.77,,1603.0,1202.77,2022-02,2024-12,2024-12,79.45,ongoing_census,2024-06
N24001830,SIX LANE ACCESS CONTROLLED OF DELHI SAHARANPUR HIGHWAY FROM DELHI UP BORDER TO EPE JUNCTION CH.14.75,ROAD TRANSPORT AND HIGHWAYS,Uttar Pradesh,NHAI,2020-06,2002.79,,2002.79,1989.85,2023-11,2024-12,2024-12,97.0,ongoing_census,2024-06
N24001851,4L FROM MATHURA BYPASS (START) AT EXISTING KM. 154.20 OF NH-44 TO GAJU VILLAGE AT KM 32.982 OF NH-53,ROAD TRANSPORT AND HIGHWAYS,Uttar Pradesh,NHAI,,1738.2,,1738.2,702.75,2025-03,,2025-03,56.2,ongoing_census,2024-06
N24001852,6L OF AGRA BYPASS (NORTHERN) CONNECTING KM. 174.500 OF NH-2 (NEW NH-19) TO KM. 141.000 OF YAMUNA EXP,ROAD TRANSPORT AND HIGHWAYS,Uttar Pradesh,N.A.,2021-10,957.62,,957.62,613.39,2025-02,,2025-02,75.0,ongoing_census,2024-06
N24001853,CONSTRUCTION OF LEFT OUT PORTION OF AGRA INNER RING ROAD CONNECTING VILLAGE DEORI TO NH-44 VILLAGE B,ROAD TRANSPORT AND HIGHWAYS,Uttar Pradesh,NHAI,2021-10,772.05,,772.05,530.69,2024-09,,2024-09,63.45,ongoing_census,2024-06
N24001929,CONSTRUCTION OF 4-LANE GREEN FIELD HIGHWAY FROM KM. 35.000 TO KM. 49.155 OF NH-731A WITH PAVED SHOUL,ROAD TRANSPORT AND HIGHWAYS,Uttar Pradesh,N.A.,,697.66,,697.66,232.7,2025-10,,2025-10,51.0,ongoing_census,2024-06
N24001992,BALANCE WORKS OF 4-LANNING OF RAMPUR-KATHGODAM SECTION OF NH- 87 (NEW NH NO. 09) FROM KM. 0.000 (KM 1,ROAD TRANSPORT AND HIGHWAYS,Uttar Pradesh,NHAI,2022-08,199.31,199.38,199.38,191.19,2024-02,2024-12,2024-12,62.26,ongoing_census,2024-06
N24001996,CONSTRUCTION OF TWO LANE WITH PAVED SHOULDER HIGHWAY FROM DESIGN CH.0.000 TO CH.49.2OO OF NH- 731B ON,ROAD TRANSPORT AND HIGHWAYS,Uttar Pradesh,N.A.,2022-03,640.18,,640.18,266.77,2025-11,,2025-11,23.0,ongoing_census,2024-06
N24001997,CONSTRUCTION OF SHOHRATGARH BYPASS ON NH-730 UNDER EPC MODE IN THE STATE OF UTTAR PRADESH,ROAD TRANSPORT AND HIGHWAYS,Uttar Pradesh,MoRTH,2022-10,189.31,,189.31,46.36,2025-05,,2025-05,10.0,ongoing_census,2024-06
N24002015,IMPROVEMENT AND UPGRADATION TO TWO LANE WITH PAVED SHOULDER CONFIGURATION FROM EXISTING KM 90.00 TO,ROAD TRANSPORT AND HIGHWAYS,Uttar Pradesh,MoRTH,,403.36,328.49,403.36,37.5,2025-06,,2025-06,12.0,ongoing_census,2024-06
N24002016,CONSTRUCTION OF PRATAPGARH BYPASS (EXTENSION) CONNECTING NH- 31 TO NH-330,ROAD TRANSPORT AND HIGHWAYS,Uttar Pradesh,MoRTH,2022-10,225.17,,225.17,70.98,2025-06,,2025-06,24.0,ongoing_census,2024-06
N24002029,WIDENING TO FOUR LANE WITH PAVED SHOULDER FROM DESIGN KM.49.200 TO KM.89.285 OF NH-731B ON EPC MODE,ROAD TRANSPORT AND HIGHWAYS,Uttar Pradesh,N.A.) (956.30,2022-03,917.91,956.3,917.91,436.54,2026-01,,2026-01,13.0,ongoing_census,2024-06
N24002031,CONSTRUCTION OF TWO LANE WITH PAVED SHOULDER FROM EXISTING KM.0.000 TO KM.55.610 (DESIGN KM. 0.000 T,ROAD TRANSPORT AND HIGHWAYS,Uttar Pradesh,MoRTH,2021-12,840.93,773.58,840.93,337.26,2026-02,,2026-02,3.0,ongoing_census,2024-06
N24002032,CONSTRUCTION OF 4-LANE HIGHWAY WITH PAVED SHOULDERS FROM KM 49.155 TO KM 74.700 OF NH-731A ON HYBRID,ROAD TRANSPORT AND HIGHWAYS,Uttar Pradesh,N.A.,2022-01,1156.72,,1156.72,159.44,2026-01,,2026-01,12.0,ongoing_census,2024-06
N24002036,DEVELOPMENT OF SIX-LANE ACCESS CONTROLLED HIGHWAY FROM GOGWAN JALALPUR (SHAMLI DISTRICT) TO RANIPUR,ROAD TRANSPORT AND HIGHWAYS,Uttar Pradesh,NHAI,2022-04,1843.59,,1843.59,716.12,2025-05,,2025-05,24.1,ongoing_census,2024-06
N24002073,GARHMUKTESHWAR (KM. 83.200 OF NH- 24) TO MEERUT (KM. 9.860 OF NH-235) INCLUDING CONNECTOR TO NH-119,ROAD TRANSPORT AND HIGHWAYS,Uttar Pradesh,NHAI,,2068.99,2171.0,2171.0,209.6,2023-10,,2024-06,47.0,ongoing_census,2024-06
N24002085,WIDENING OF RAEBARELI TO PRAYAGRAJ SECTION FROM KM. 82.650 TO KM. 161.450 OF NH-30 AND LINK ROAD FRO,ROAD TRANSPORT AND HIGHWAYS,Uttar Pradesh,NHAI,2023-11,1470.93,,1470.93,69.56,2025-03,,2025-03,16.37,ongoing_census,2024-06
N24002086,CONSTRUCTION OF FOUR LANE HIGHWAY FORM GHAZIPUR BALLIA UP BIHAR STATE BORDER (GREENFIELD) SECTION OF,ROAD TRANSPORT AND HIGHWAYS,Uttar Pradesh,NHAI,2022-10,1706.47,,1706.47,666.71,2025-07,,2025-07,29.39,ongoing_census,2024-06
N24002087,CONSTRUCTION OF FOUR LANE HIGHWAY FROM GHAZIPUR BALLIA UP BIHAR STATE BORDER (GREENFIELD) SECTION OF,ROAD TRANSPORT AND HIGHWAYS,Uttar Pradesh,NHAI,2022-10,1493.14,,1493.14,33.63,2025-10,,2025-10,10.8,ongoing_census,2024-06
N24002088,CONSTRUCTION OF FOUR LANE HIGHWAY FROM GHAZIPUR BALLIA UP BIHAR STATE BORDER (GREENFIELD) SECTION OF,ROAD TRANSPORT AND HIGHWAYS,Uttar Pradesh,N.A.,2022-10,1493.5,,1493.5,468.41,2025-08,,2025-08,17.32,ongoing_census,2024-06
N24002089,CONSTRUCTION OF FOUR LANE HIGHWAY FROM GHAZIPUR BALLIA UP BIHAR STATE BORDER GREENFIELD SECTION OF N,ROAD TRANSPORT AND HIGHWAYS,Uttar Pradesh,NHAI,2022-10,617.87,,617.87,75.36,2025-06,,2025-06,24.78,ongoing_census,2024-06
N24002090,CONSTRUCTION OF FOUR-LANE ?WESTERN SIDE SPUR OF RAMPUR- RUDRAPUR SECTION CONNECTING NH-24 TO NH-87 BY,ROAD TRANSPORT AND HIGHWAYS,Uttar Pradesh,N.A.,2021-03,646.27,,646.27,38.85,2024-11,,2024-11,19.18,ongoing_census,2024-06
N24002093,"IMPROVEMENT , UP-GRADATION OF NH- 734 SECTION OF MORADABAD - THAKURDWARA - KASHIPUR: ?PACKAGE- I: MORA",ROAD TRANSPORT AND HIGHWAYS,Uttar Pradesh,NHAI,,1841.92,,1841.92,163.42,2025-09,,2025-09,19.6,ongoing_census,2024-06
N24002094,"IMPROVEMENT AND UP-GRADATION OF EXISTING ROAD TO 4L PS FROM KM 123.650 TO 175.080, FROM START OF SHA",ROAD TRANSPORT AND HIGHWAYS,Uttar Pradesh,N.A.,,1212.26,,1212.26,182.1,2025-11,,2025-11,0.0,ongoing_census,2024-06
N24002095,FOUR LANING OF SONAULI GORAKHPUR SECTION OF NH 29E (NEW NH 24) FROM DESIGN CH. 0.000 TO DESIGN CH. 7,ROAD TRANSPORT AND HIGHWAYS,Uttar Pradesh,NHAI,2021-12,2555.5,,2555.5,653.92,2025-03,,2025-03,26.89,ongoing_census,2024-06
N24002096,CONSTRUCTION OF 4 LANE GREEN FIELD NORTHERN EAST SIDE GORAKHPUR BYPASS (26.616 KMS) STARTING FROM NH,ROAD TRANSPORT AND HIGHWAYS,Uttar Pradesh,NHAI,,1973.98,,1973.98,416.98,2026-01,,2026-01,13.39,ongoing_census,2024-06
N24002097,STRENGTHENING OF EXISTING 4L AYODHYA BYPASS SECTION FROM DESIGN KM.121.600 TO KM. 144.020 OF NH 28 (,ROAD TRANSPORT AND HIGHWAYS,Uttar Pradesh,NHAI,2023-02,526.45,,526.45,101.15,2025-09,,2025-09,49.5,ongoing_census,2024-06
N24002104,CONSTRUCTION OF RING ROAD AROUND KANPUR FROM KM.000 TO KM. 23.325 (CHACHENDI SACHENDI I TO MAHARAJPU,ROAD TRANSPORT AND HIGHWAYS,Uttar Pradesh,N.A.,2023-01,1754.0,,1754.0,186.44,2026-06,,2026-06,10.12,ongoing_census,2024-06
N24002105,CONSTRUCTION OF NEW 4 LANE PRAYAGRAJ SOUTHERN BYPASS (PHASE- I) FROM DESIGN KM 43+200 (AT MAHUWARI VI,ROAD TRANSPORT AND HIGHWAYS,Uttar Pradesh,NHAI,2023-08,1378.36,,739.0,27.11,2026-06,,2026-06,8.5,ongoing_census,2024-06
N24002106,CONSTRUCTION OF NEW 4 LANE PRAYAGRAJ SOUTHERN BYPASS FROM DESIGN KM 50.860 (NABABA URF NIBI KALA UPA,ROAD TRANSPORT AND HIGHWAYS,Uttar Pradesh,N.A.,2023-08,993.77,,349.48,80.6,2025-03,,2025-03,28.0,ongoing_census,2024-06
N24002115,CONSTRUCTION OF MARIAHU BYPASS WITH FOUR LANE PAVED SHOULDER CONFIGURATION (KM.53.540 TO KM.59.200),ROAD TRANSPORT AND HIGHWAYS,Uttar Pradesh,MoRTH,2023-03,438.24,362.39,438.24,151.35,2025-08,,2025-08,10.0,ongoing_census,2024-06
N24002116,REHABILITATION AND UPGRADATION FROM KM 51.600 TO KM 75.700 OF NH- 321G (NUHKHAS TO ETAH SECTION) TO T,ROAD TRANSPORT AND HIGHWAYS,Uttar Pradesh,N.A.,2022-01,343.54,,343.54,35.64,2025-08,,2025-08,12.0,ongoing_census,2024-06
N24002120,CONSTRUCTION OF JASRA BYPASS WITH FOUR LANE PAVED SHOULDER CONFIGURATION FROM KM. 379.670 ON NH-76 (,ROAD TRANSPORT AND HIGHWAYS,Uttar Pradesh,MoRTH,,274.06,,274.06,46.58,2025-09,,2025-09,20.0,ongoing_census,2024-06
N24002121,IMPROVEMENT AND UP-GRADATION TO TWO LANE WITH PAVED SHOULDER CONFIGURATION FROM EXISTING KM. 420.00,ROAD TRANSPORT AND HIGHWAYS,Uttar Pradesh,MoRTH,,509.65,,509.65,109.01,2025-09,,2025-09,5.0,ongoing_census,2024-06
N24002134,REHABILITATION AND UP-GRADATION FROM KM. 0.000 TO KM. 40.390 OF NH- 730S (MAHARAJGANJ ? NICHLOUL ? TH,ROAD TRANSPORT AND HIGHWAYS,Uttar Pradesh,MoRTH,2023-03,809.25,,809.25,111.2,2025-12,,2025-12,0.0,ongoing_census,2024-06
N24002138,CONSTRUCTION OF FOUR LANE HIGHWAY WITH PAVED SHOULDER FROM KM.74.700 TO KM.112.950 OF NH-731A (I/C Y,ROAD TRANSPORT AND HIGHWAYS,Uttar Pradesh,N.A.,2022-03,1141.67,,1141.67,194.54,2026-06,,2026-06,0.0,ongoing_census,2024-06
N28000144,KANPUR METRO RAIL PROJECT,URBAN DEVELOPMENT,Uttar Pradesh,LMRCL,2019-05,11076.48,,11076.48,7104.78,2024-03,,2026-06,65.3,ongoing_census,2024-06
N28000145,AGRA METRO RAIL PROJECT (LMRCL),URBAN DEVELOPMENT,Uttar Pradesh,N.A.,2019-05,8379.62,,8379.62,3695.85,2024-03,,2025-12,41.5,ongoing_census,2024-06
N30000006,"INTERCEPTION, DIVERSION AND TREATMENT WORKS FOR NAINI DISTRICT G PHAPHAMAU DISTRICT F AND JHUSI AREA",WATER RESOURCES,Uttar Pradesh,UPJalNigam,2017-05,767.59,,767.59,276.97,2021-09,,2023-06,100.0,ongoing_census,2024-06
N30000008,FARRUKHABAD I AND D AND STP WORKS HAM,WATER RESOURCES,Uttar Pradesh,Feb-21) (261.12,2017-10,213.62,261.12,261.12,177.62,2022-03,2021-02,2024-07,89.0,ongoing_census,2024-06
N30000010,STP AT PANKHA KANPUR AND INTEGRATION WITH EXISTING STPS,WATER RESOURCES,Uttar Pradesh,UPJalNigam,2018-03,967.23,708.7,967.23,254.98,2021-09,,2023-09,100.0,ongoing_census,2024-06
N30000013,"INTERCEPTION AND DIVERSION WORKS WITH STP AT BAREILLY, UTTAR PRADESH",WATER RESOURCES,Uttar Pradesh,UPJalNigam,2019-03,271.39,,271.39,181.03,2021-08,,2024-07,99.0,ongoing_census,2024-06
N30000019,MATHURA SEWERAGE SCHEME,WATER RESOURCES,Uttar Pradesh,Jun-18) (N.A.,2017-12,460.45,,460.45,315.3,2020-12,2018-06,2022-06,100.0,ongoing_census,2024-06
N30000021,INTERCEPTION AND DIVERSION WORKS AND STP AT MUZAFFARNAGAR UTTAR PRADESH,WATER RESOURCES,Uttar Pradesh,Jan-20) (234.03,2019-01,231.79,234.03,234.03,141.79,2021-12,2020-01,2024-09,94.0,ongoing_census,2024-06
N30000022,INTERCEPTION AND DIVERSION WORKS AND SEWAGE TREATMENT PLANT AT JAUNPUR UTTAR PRADESH,WATER RESOURCES,Uttar Pradesh,UPJalNigam,2019-01,206.05,,206.05,137.58,2021-10,,2023-07,100.0,ongoing_census,2024-06
N30000024,SEWERAGE SCHEME INTERCEPTION AND DIVERSION WITH STP WORKS AT MEERUT UTTAR PRADESH,WATER RESOURCES,Uttar Pradesh,N.A.,2019-02,681.78,,690.71,13.34,2022-06,,2025-12,0.0,ongoing_census,2024-06
N30000025,INTERCEPTION AND DIVERSION WORKS WITH STP AT LUCKNOW UTTAR PRADESH,WATER RESOURCES,Uttar Pradesh,UPJalNigam,2019-03,298.12,,213.91,94.86,2021-07,2020-05,2024-09,89.0,ongoing_census,2024-06
N04000085,"CONSTRUCTION OF DOMESTIC PASSENGER TERMINAL BUILDING AT DEHRADUN AIRPORT, DEHRADUN",CIVIL AVIATION,Uttarakhand,N.A.,2018-07,456.86,,500.0,480.84,2020-09,,2024-07,99.99,ongoing_census,2024-06
N18000010,TEHRI PUMPED STORAGE PLANT(1000MW),POWER,Uttarakhand,THDCIL,2006-07,1657.0,,4825.6,6562.9,2016-02,2022-06,2024-10,97.2,ongoing_census,2024-06
N18000014,TAPOVAN-VISHNUGAD HEP (4X130MW) (NTPC),POWER,Uttarakhand,N.A.) (N.A.,2006-11,2978.48,,7103.0,6298.38,2013-03,,2029-04,75.0,ongoing_census,2024-06
N18000042,VISHNUGAD PIPALKOTI HYDRO ELECTRIC PROJECT,POWER,Uttarakhand,THDCIL,2008-08,2491.58,3860.35,3860.35,3826.76,2013-06,,2026-06,67.8,ongoing_census,2024-06
N18000142,LATA-TAPOVAN HYDRO ELECTRIC POWER PROJECT 3X57 MW,POWER,Uttarakhand,N.A.,2012-07,1527.0,,1527.0,149.93,2017-08,,2017-08,9.8,ongoing_census,2024-06
N22000406,RISHIKESH - KARNAPRAYAG NEW LINE (RVNL),RAILWAYS,Uttarakhand,N.A.) (N.A.,2011-04,16216.0,,24659.0,18267.0,2024-12,,2025-03,50.0,ongoing_census,2024-06
N24000465,4-LANING OF KASHIPUR-SITARGANJ SECTION,ROAD TRANSPORT AND HIGHWAYS,Uttarakhand,MEGA,2012-11,605.84,,605.84,,2016-08,,2016-08,0.0,ongoing_census,2024-06
N24000559,FOUR LANNING OF RAMPUR- KATHGODAM SECTION OF NH-87 FROM KM 42.791 (DESIGN CHAINAGE 43.446) TO KM 88,ROAD TRANSPORT AND HIGHWAYS,Uttarakhand,NHAI,2016-03,720.0,1150.0,1150.0,743.41,2019-10,2024-09,2024-09,91.02,ongoing_census,2024-06
N24000741,CONSTRUCTION AND UPGRADATION OF EXISTING ROAD TO 2 LANE WITH PAVED SHOULDER FROM KM 368.00 TO KM 399,ROAD TRANSPORT AND HIGHWAYS,Uttarakhand,NHIDCL,,274.31,,274.31,251.61,2020-11,2022-12,2024-06,98.61,ongoing_census,2024-06
N24000742,2 LANE WITH PAVED SHOULDER FROM KM 399.00 TO KM 430.00 OF KARANPARYAG TO CHAMOLI UNDER CHARDHAM PARI,ROAD TRANSPORT AND HIGHWAYS,Uttarakhand,N.A.,2018-03,403.36,,403.36,337.72,2020-11,2022-12,2024-06,95.52,ongoing_census,2024-06
N24000743,2 LANE WITH PAVED SHOULDER FROM KM 430.00 TO KM 468.00 OF CHAMOLI TO PAINI UNDER CHARDHAM PARIYOJNA,ROAD TRANSPORT AND HIGHWAYS,Uttarakhand,NHIDCL,2018-03,417.24,,417.24,344.2,2020-11,2022-12,2024-06,98.72,ongoing_census,2024-06
N24000772,RECONSTRUCTION WITH GEOMETRIC IMPROVEMENT OF EXISTING 2 LANE/INTERMEDIATE LANE TO 2LANE WITH PAVED S,ROAD TRANSPORT AND HIGHWAYS,Uttarakhand,MoRTH,2017-12,257.34,,257.34,232.69,2019-12,,2019-12,100.0,ongoing_census,2024-06
N24000773,RECONSTRUCTION WITH GEOMETRIC IMPROVEMENT OF EXISTING 2 LANE/INTERMEDIATE LANE TO 2LANE WITH PAVED S,ROAD TRANSPORT AND HIGHWAYS,Uttarakhand,MoRTH,2017-12,200.34,253.43,200.34,227.98,2019-12,,2019-12,100.0,ongoing_census,2024-06
N24000774,WIDENING OF EXISTING SINGLE LANE ROAD TO TWO LANE WITH PAVED SHOULDERS CONFIGURATION FROM KM. 235.00,ROAD TRANSPORT AND HIGHWAYS,Uttarakhand,N.A.,2017-12,248.22,,248.22,236.8,2019-12,,2019-12,100.0,ongoing_census,2024-06
N24000775,RECONSTRUCTION WITH GEOMETRIC IMPROVEMENT OF EXISTING 2 LANE/INTERMEDIATE LANE TO 2LANE WITH PAVED S,ROAD TRANSPORT AND HIGHWAYS,Uttarakhand,MoRTH,2017-06,282.08,,282.08,234.97,2019-06,2023-03,2023-03,100.0,ongoing_census,2024-06
N24000776,RECONSTRUCTION WITH GEOMETIC IMPROVEMENT OF EXISTING TWO LANE TO 2- LANE WITH PAVED SHOULDERS CONFIG,ROAD TRANSPORT AND HIGHWAYS,Uttarakhand,N.A.,2017-11,232.81,,232.81,201.58,2019-11,,2019-11,100.0,ongoing_census,2024-06
N24000777,RECONSTRUCTION WITH GEOMETIC IMPROVEMENT OF SINGLE LANE TO 2- LANE WITH PAVED SHOULDER CONFIGURATION,ROAD TRANSPORT AND HIGHWAYS,Uttarakhand,MoRTH,2017-11,283.51,,283.51,278.51,2019-11,,2019-11,100.0,ongoing_census,2024-06
N24000778,RECONSTRUCTION WITH GEOMETRIC IMPROVEMENT OF EXISTING SINGLE/INTERMEDIATE LANE TO 2LANE WITH PAVED S,ROAD TRANSPORT AND HIGHWAYS,Uttarakhand,N.A.,2017-11,266.52,,266.52,250.34,2019-11,,2019-11,100.0,ongoing_census,2024-06
N24000779,RECONSTRUCTION WITH GEOMETRIC IMPROVEMENT OF EXISTING SINGLE/INTERMEDIATE LANE TO 2 LANE WITH EAR,ROAD TRANSPORT AND HIGHWAYS,Uttarakhand,MoRTH,2018-02,418.88,,418.88,339.71,2020-02,2023-03,2023-03,94.0,ongoing_census,2024-06
N24000780,REHABILITATION AND UP GRADATION OF 2 LANE/ 2 LANE WITH PAVED SHOULDER FROM EXISTING KM. 172.900 TO K,ROAD TRANSPORT AND HIGHWAYS,Uttarakhand,MoRTH,,293.68,,293.68,244.25,,2023-04,2023-04,100.0,ongoing_census,2024-06
N24000781,CONSTRUCTION OF KUND BYPASS FROM EXISTING KM 33+130 TO KM 41+260 (EXISTING LENGTH: 8.130 KM); DESIGN,ROAD TRANSPORT AND HIGHWAYS,Uttarakhand,MoRTH,,248.0,,248.0,120.5,2020-05,2023-12,2023-12,65.56,ongoing_census,2024-06
N24000782,REHABILITATION AND UPGRADATION OF 2 LANE WITH PAVED SHOULDER FROM EXISTING KM. 195.175 TO KM. 220.00,ROAD TRANSPORT AND HIGHWAYS,Uttarakhand,N.A.,,460.73,,461.0,,,,,0.0,ongoing_census,2024-06
N24000855,CONSTRUCTION OF 4.5 KM LONG SILKYARA TUNNEL BETWEEN KM 25.40 TO 50.25 KM (TUNNEL WORK),ROAD TRANSPORT AND HIGHWAYS,Uttarakhand,NHIDCL,2018-03,1383.78,,1383.78,582.21,2022-07,2022-07,2025-03,59.48,ongoing_census,2024-06
N24001130,RECONSTRUCTION WITH GEOMETRIC IMPROVMENT OF EXISTING INTERMEDIATE LANE TO 2 LANE WITH PAVED SHOULDER,ROAD TRANSPORT AND HIGHWAYS,Uttarakhand,MoRTH,2016-08,234.88,273.49,234.88,237.19,2017-12,,2017-12,100.0,ongoing_census,2024-06
N24001525,6L ACCESS-CONTROLLED HIGHWAY OF DAAT KALI TUNNEL - DEHRADUN OF GANESHPUR ? DEHRADUN SECTION FROM KM.,ROAD TRANSPORT AND HIGHWAYS,Uttarakhand,NHAI,,169.08,,169.08,93.56,2024-03,2024-08,2024-08,95.9,ongoing_census,2024-06
N24001526,UPGRADATION AND 4L OF HARIDWAR BYPASS FROM KM 0.000 (KM 188.100 OF NH-58) TO KM. 15.100 (KM 5.100 OF,ROAD TRANSPORT AND HIGHWAYS,Uttarakhand,NHAI,2021-08,1377.79,1384.11,1377.79,679.1,2024-10,2024-10,2024-10,44.16,ongoing_census,2024-06
N24001553,4L MEDINIPUR TO BALLUPUR FROM KM. 458.65 TO KM. 487.65 OF NH-07(PKG-2),ROAD TRANSPORT AND HIGHWAYS,Uttarakhand,NHAI,,1092.9,1092.9,1092.9,460.72,2025-02,2025-02,2025-02,52.81,ongoing_census,2024-06
N24001990,4L POANTA SAHEB?MEDNIPUR FROM KM. 435.65 TO KM. 458.65 OF NH-07(PKG-1),ROAD TRANSPORT AND HIGHWAYS,Uttarakhand,NHAI,,524.54,683.26,683.26,74.74,2025-05,2025-05,2025-05,43.28,ongoing_census,2024-06
N24001991,ACCESS ROAD/BRIDGE CONNECTIVITY FROM NH-09 AT KM.40 NEAR JAGBUDA BRIDGE (INDIA) TO BOUNDARY PILLAR,ROAD TRANSPORT AND HIGHWAYS,Uttarakhand,NHAI,2022-05,314.31,,314.31,237.31,2024-09,2025-03,2025-03,50.0,ongoing_census,2024-06
N24001995,4L OF DUDHADHARI ELEVATED FLYOVER (MUZAFFARNAGAR ?HARIDWAR SECTION) FROM KM 356.450 TO KM 353.800 OF,ROAD TRANSPORT AND HIGHWAYS,Uttarakhand,Dec-24,2021-05,154.52,,154.52,150.26,2023-11,2024-12,2024-12,98.43,ongoing_census,2024-06
N30000004,INTERCEPTION AND DIVERSION WITH STP AT RISHIKESH,WATER RESOURCES,Uttarakhand,UKJalNigam,2017-03,158.0,,158.0,104.53,2019-11,,2022-02,100.0,ongoing_census,2024-06
N04000080,CONSTRUCTION OF ATC TOWER AND TECHNICAL BLOCK AT NSCBI AIRPORT KOLKATA,CIVIL AVIATION,West Bengal,Jun-22,2016-01,458.0,,458.0,246.64,2020-03,2022-06,2023-12,100.0,ongoing_census,2024-06
N04000081,"AIRSIDE CAPACITY ENHANCEMENT OF NSBI AIRPORT, KOLKATA",CIVIL AVIATION,West Bengal,AAI,,389.71,,392.0,391.79,2021-11,,2023-05,100.0,ongoing_census,2024-06
N04000109,"NSCBI AIRPORT KOLKATA: RE- CONSTRUCTION OF RIGID POSITIONS OF SECONDARY RUNWAY, 'K' AND 'A' TAXIWAY",CIVIL AVIATION,West Bengal,AAI,2023-04,328.3,,328.3,29.44,2025-10,,2025-10,16.0,ongoing_census,2024-06
N06000163,RANIGANJ MASTER PLAN (ECL),COAL,West Bengal,N.A.) (N.A.,2009-08,2661.73,,5146.48,744.45,2019-08,,2024-08,40.0,ongoing_census,2024-06
N06000165,SIDULI MINE (OC AND UG),COAL,West Bengal,N.A.) (N.A.,2018-05,535.18,,535.17,3.91,2026-03,,2026-03,13.2,ongoing_census,2024-06
N06000170,NAKRAKONDA KUMARDIH B OCP (ECL),COAL,West Bengal,N.A.) (N.A.,2018-08,502.68,,502.67,56.62,2029-03,,2029-03,25.3,ongoing_census,2024-06
N06000172,TILABONI UG MINE,COAL,West Bengal,Mar-29) (749.08,2019-02,916.62,749.08,749.07,11.79,2027-03,2029-03,2029-03,10.1,ongoing_census,2024-06
N06000185,PARASEA- BELBAID REORGANISATION UG MINE,COAL,West Bengal,Mar-28) (389.10,,826.42,389.1,389.1,4.47,2027-03,2028-03,2028-03,14.0,ongoing_census,2024-06
N06000191,SHYAMSUNDARPUR UG INCLUDING SAPI UNIT (ECL),COAL,West Bengal,,,483.65,,483.65,26.51,2025-03,2026-03,2026-03,12.0,ongoing_census,2024-06
N06000195,2.0 MTPA BHOJUDIH NLW WASHERY,COAL,West Bengal,N.A.) (341.22,2015-12,304.13,341.22,341.22,286.2,2017-03,,2024-08,90.0,ongoing_census,2024-06
N06000220,SONEPUR BAZARI EXPANSION OC,COAL,West Bengal,ECL,2021-07,5365.88,5366.0,5365.88,480.77,2029-03,,2029-03,17.0,ongoing_census,2024-06
N06000223,EXPANSION PR OF JHANJRA UG (5.00 MTY) (ECL),COAL,West Bengal,,2020-04,1210.12,,1210.12,375.79,2029-03,,2029-03,35.0,ongoing_census,2024-06
N06000236,MOHANPUR EXPANSION OC PHASE II (ECL),COAL,West Bengal,N.A.,,888.99,,888.99,88.55,2025-03,2026-03,2026-03,30.0,ongoing_census,2024-06
N06000244,BONJEMEHARI EXPANSION OCP (ECL),COAL,West Bengal,Mar-26) (N.A.,2021-08,570.12,,570.11,45.33,2025-03,2026-03,2026-03,16.0,ongoing_census,2024-06
N28000146,CONSTRUCTION OF TWO NOS GIRLS HOSTELS AND ONE NO BOYS HOSTEL OF 500 CAPACITY EACH G PLUS 8 STOREYED,DEPARTMENT OF HIGHER EDUCATION,West Bengal,CPWD EDUCATION,2020-03,193.83,,193.83,185.7,2020-06,,2024-05,99.0,ongoing_census,2024-06
N28000104,NSG AT KOLKATA,HOME AFFAIRS,West Bengal,N.A.) (210.83,2014-10,162.88,210.83,210.83,183.32,2018-04,,2024-12,85.0,ongoing_census,2024-06
N10000015,"CONSTRUCTION OF BASEMENTG FLOOR10 STORIES BUILDING FOR THE STATE OF THE ART, DG, GSI AT SECTOR- V, SA",MINES,West Bengal,N.A.,2019-04,255.37,,255.37,50.51,2022-04,,2026-08,22.5,ongoing_census,2024-06
N16000275,DURGAPUR-HALDIA PIPELINE PROJECT (GAIL),PETROLEUM,West Bengal,,2017-03,1740.0,2433.15,2433.15,1943.68,2020-12,2025-03,2025-03,85.8,ongoing_census,2024-06
N16000332,30 INCH CRUDE OIL PIPELINE IN HALDIA- BARAUNI SECTION OF PHBPL AND CONVERSION OF EXISTING 18 INCH HAL,PETROLEUM,West Bengal,IOCL,2018-03,3712.0,3696.0,3696.0,2915.64,2022-09,2024-03,2024-03,100.0,ongoing_census,2024-06
N16000392,CITY GAS DISTRIBUTION IN WEST BENGAL,PETROLEUM,West Bengal,HPCL,2019-03,5830.2,,5830.2,675.9,2031-03,2029-03,2029-03,21.0,ongoing_census,2024-06
N16000478,HALDIA PANAGARH PIPELINE PROJECT (HPCL),PETROLEUM,West Bengal,N.A.) (N.A.,2022-11,1010.0,,1010.0,222.21,2025-11,,2025-11,50.44,ongoing_census,2024-06
N16000491,"CGD PROJECT AT EAST MEDNIPORE, WEST MEDNIPORE AND JHARGRAM DISTRICTS",PETROLEUM,West Bengal,IOCL,2022-03,609.0,,609.0,40.53,2030-03,,2031-06,1.0,ongoing_census,2024-06
N16000498,CGD PROJECT IN WEST BENGAL 11TH ROUND,PETROLEUM,West Bengal,HPCL,2022-06,2628.0,,2628.0,107.75,2030-06,,2030-06,15.6,ongoing_census,2024-06
N16000522,CITY GAS DISTRIBUTION PROJECTS AT ALIPURDUAR AND COOCH BEHAR,PETROLEUM,West Bengal,BPCL,,1017.0,,1017.0,64.32,2030-03,,2030-03,15.1,ongoing_census,2024-06
N18000178,RAMMAM-III HEPP (3X40 MW),POWER,West Bengal,N.A.) (N.A.,2014-09,1381.84,,1803.0,1042.24,2019-09,,2029-03,45.1,ongoing_census,2024-06
N18000277,DURGAPUR PP-III (2X20 MW) - NSPCL,POWER,West Bengal,Mar-24) (633.80,2016-12,529.68,633.8,679.0,558.39,2018-11,2024-03,2024-03,89.0,ongoing_census,2024-06
N22000108,NEW WORK FOR CONSTRUCTION OF METRO RAILWAY FROM NOAPARA- BARASAI VIA BIMANBANDER (MTP),RAILWAYS,West Bengal,KOMRCL,2010-04,2397.72,,2397.72,197.2,2016-03,,2016-03,15.0,ongoing_census,2024-06
N22000109,NEW WORK FOR CONSTRUCTION OF METRO RAILWAY FROM BARANAGAR TO BARRACKPORE AND DAKSHINESHWAR,RAILWAYS,West Bengal,N.A.,2010-04,2298.42,,2733.86,392.84,2014-03,,2025-12,17.0,ongoing_census,2024-06
N22000110,NEW WORK FOR CONSTRUCTION OF METRO RAILWAY FROM NSCB AIRPORT TO NEW GARIA VIA RAJARHAT (MTP),RAILWAYS,West Bengal,RVNL,2010-04,3951.98,,8964.35,6817.2,2016-03,,2026-03,73.0,ongoing_census,2024-06
N22000111,NEW WORK FOR CONSTRUCTION OF METRO RAILWAY FROM JOKA TO BINOY BADAL DINESH BAGH.,RAILWAYS,West Bengal,RVNL,2010-04,2913.51,,4834.54,3869.56,2016-03,,2026-12,76.0,ongoing_census,2024-06
N22000135,EAST WEST METRO CORRIDOR FROM HOWRAH MAIDAN TO SALT LAKE,RAILWAYS,West Bengal,MRTP,2013-03,4874.58,8574.98,10442.41,8008.94,2016-03,2023-12,2023-12,96.2,ongoing_census,2024-06
N22000510,PURULIA TO KOTSHILA DOUBLING (39.1 KM),RAILWAYS,West Bengal,SER,,338.0,,393.83,144.84,2022-06,,2024-12,50.0,ongoing_census,2024-06
N22000530,Rampurhat-Murarai (29.48 km)-3rd line (ER),RAILWAYS,West Bengal,N.A.) (N.A.,2014-10,218.03,,218.03,67.14,2024-03,,2023-12,100.0,ongoing_census,2024-06
N22000624,NAHATI - RANAGHAT 3RD LINE (MM OF KALINARAYANPUR - KRISHNANAGAR),RAILWAYS,West Bengal,ER,,283.54,,283.54,154.57,2025-03,2026-03,2026-03,44.0,ongoing_census,2024-06
N22000628,EAST WEST METRO CORRIDOR KOLKATA,RAILWAYS,West Bengal,KOMRCL,2009-02,4874.58,8575.0,10442.41,,2016-09,,2024-06,0.0,ongoing_census,2024-06
220100272,"TARAKESWAR - BISHNUPUR NEW BG LINE (NL), ER (ER)",RAILWAYS,West Bengal,,,1188.91,,1619.51,1052.86,2019-03,2025-03,2025-03,75.0,ongoing_census,2024-06
N24000463,4 LANING OF NH-31D FROM GHOSHPUKUR - SALSALABARI ( KM 0.00 TO KM . 83.785),ROAD TRANSPORT AND HIGHWAYS,West Bengal,NHAI,2015-12,1083.0,1414.01,1414.01,1080.05,2018-06,2024-05,2024-08,100.0,ongoing_census,2024-06
N24000515,SIX-LANING OF BARWA ADDA-PANAGARH (NHAI),ROAD TRANSPORT AND HIGHWAYS,West Bengal,N.A.) (N.A.,2014-04,1665.0,,4892.98,4892.98,2016-09,,2024-11,92.4,ongoing_census,2024-06
N24000788,REHABILITATION AND UP GRADATION OF EXISTING ROAD TO 2-LANE WITH PAVED SHOULDER CONFIGURATION IN PURU,ROAD TRANSPORT AND HIGHWAYS,West Bengal,NHAI,,841.57,708.3,708.3,4546.54,2022-09,2022-12,2024-12,91.39,ongoing_census,2024-06
N24000874,CONSTRUCTION OF NEW ROAD AT THE MISSING LINK PORTION OF NH-81 ALONG THE APPROVED ALIGNMENT BETWEEN H,ROAD TRANSPORT AND HIGHWAYS,West Bengal,MoRTH,,271.17,291.2,291.2,175.0,2018-11,2023-12,2024-10,76.02,ongoing_census,2024-06
N24000880,UPGRADATION OF NH-81 WITH A MINIMUM OF 2-LANE WITH PAVED SHOULDER CONFIGURATION STARTING FROM KM 19.,ROAD TRANSPORT AND HIGHWAYS,West Bengal,MoRTH,2018-02,426.18,426.18,426.18,364.91,2020-09,2024-01,2024-09,86.77,ongoing_census,2024-06
N24000883,"DEVELOPMENT OF 4-LANING SECTION OF NH-31 FROM KM 551.36 (GHOSHPUKUR) TO KM 563.26 (BIHAR MORE, BAGDO",ROAD TRANSPORT AND HIGHWAYS,West Bengal,MoRTH,,254.3,254.3,254.3,197.33,2020-10,2024-01,2024-06,100.0,ongoing_census,2024-06
N24000885,CONSTRUCTION OF ROB AND ITS APPROACHES IN LIEU OF UNMANNED LEVEL CROSSING AT KM 303.9 ON NH-60 (PAND,ROAD TRANSPORT AND HIGHWAYS,West Bengal,MoRTH,2016-03,160.27,213.97,213.97,144.31,2023-09,2024-03,2024-07,98.5,ongoing_census,2024-06
N24000887,CONSTRUCTION OF TWINS 2-LANE ROB AND ITS APPROACHES IN REPLACEMENT OF EXISTING LEVEL CROSSING GATE N,ROAD TRANSPORT AND HIGHWAYS,West Bengal,MoRTH,,236.78,263.26,263.26,211.51,2021-09,2024-02,2024-07,97.27,ongoing_census,2024-06
N24001747,SIX LANE OF PALSIT TO DANKUNI SECTION FROM 588.870 TO KM. 652.700,ROAD TRANSPORT AND HIGHWAYS,West Bengal,NHAI,2020-03,2193.23,2314.0,2314.0,1822.34,2024-09,,2024-09,70.98,ongoing_census,2024-06
N24001748,SIX LANING OF NATIONAL CORRIDOR NH19 FROM PANAGARH TO PALSIT IN THE STATE OF WEST BENGAL UNDER BHARA,ROAD TRANSPORT AND HIGHWAYS,West Bengal,NHAI,2021-03,2200.93,,2309.84,2309.84,2024-09,,2024-09,84.9,ongoing_census,2024-06
N24001749,FOUR LANING OF PURULIYA BYPASS SECTION OF NH 32 IN THE STATE OF WEST BENGAL ON EPC MODE,ROAD TRANSPORT AND HIGHWAYS,West Bengal,N.A.,2021-08,557.55,,557.55,457.47,2023-08,,2024-11,87.7,ongoing_census,2024-06
N24001750,CONSTRUCTION OF NEW 4 LANE BRIDGE OVER RIVER GANGA AT DOWNSTREAM OF FARAKKA BARRAGE INCLUDING APPROA,ROAD TRANSPORT AND HIGHWAYS,West Bengal,NHAI,2018-08,622.04,,622.04,443.31,2021-12,,2024-12,74.11,ongoing_census,2024-06
N24001752,FOUR LANING OF BAL. WORKS OF BARASAT-KRISHNAGAR FROM KM.48.553 TO KM.115.272,ROAD TRANSPORT AND HIGHWAYS,West Bengal,NHAI,2018-12,2375.87,2843.79,2843.79,2371.78,2023-02,2023-08,2024-05,100.0,ongoing_census,2024-06
N24001850,DEVELOPMENT TO 4/6-LANNING OF NH-31 ROADS FROM KM 569.258 TO KM 5,ROAD TRANSPORT AND HIGHWAYS,West Bengal,NEW NH-10) WITH BOTH SIDE SERVICE (Sep-25) (995.04,,995.04,995.04,995.04,194.64,2025-09,2025-09,2025-09,28.3,ongoing_census,2024-06
N12000132,REBUILDING OF COKE OVEN BATTERY NO.4 OF DURGAPUR STEEL PLANT,STEEL,West Bengal,N.A.,2023-11,916.78,,916.78,39.31,2026-12,,2026-12,0.0,ongoing_census,2024-06
N30000029,DETAILED PROJECT REPORT FOR I AND D SEWERAGE SYSTEM AND STP FOR ASANSOL AND KULTI TOWNS,WATER RESOURCES,West Bengal,KMDA,,384.96,,384.96,,2022-04,2019-02,2024-12,0.0,ongoing_census,2024-06
N30000030,INTERCEPTION AND DIVERSION WORKS WITH STP FOR DRAINS FALLING IN RIVER DAMODAR AT DURGAPURL,WATER RESOURCES,West Bengal,N.A.,2019-03,287.53,,287.53,,2022-04,,2024-12,0.0,ongoing_census,2024-06
N30000031,I AND D AND STP WORKS AT BURDWAN WEST BENGAL,WATER RESOURCES,West Bengal,KMDA,2018-12,234.31,,234.31,,2022-04,,2024-12,0.0,ongoing_census,2024-06
N30000032,INTERCEPTION AND DIVERSION WITH STP AT MAHESHTALA,WATER RESOURCES,West Bengal,N.A.) (224.69,2018-05,198.43,224.69,224.69,59.95,2022-02,,2025-03,70.0,ongoing_census,2024-06
N30000033,INTEGRATION OF STPS WITH REHABILITATION AND O AND M OF EXISTING ASSETS,WATER RESOURCES,West Bengal,KMDA,2018-03,165.16,,165.16,,2022-06,,2024-03,0.0,ongoing_census,2024-06
N30000034,INTERCEPTION DIVERSION TREATMENT WORKS AT TOLLYS NULLAH ADI GANGA,WATER RESOURCES,West Bengal,KMDA,2017-08,307.12,,653.67,,2022-09,2023-01,2026-12,0.0,ongoing_census,2024-06
N30000042,INTERCEPTION AND DIVERSION WITH STP AT HUGHLY-CHINSURAH,WATER RESOURCES,West Bengal,KMDA,2018-05,160.0,154.73,154.73,82.36,2022-02,2020-09,2024-10,87.0,ongoing_census,2024-06
N30000045,"INTERCEPTION, DIVERSION AND TREATMENT WORKS AT HOWRAH",WATER RESOURCES,West Bengal,Feb-21,2017-08,185.22,,185.22,49.99,2021-12,2021-02,2024-02,100.0,ongoing_census,2024-06
N30000046,SEWERAGE SYSTEM AND STP WORKS AT HALISHAHR,WATER RESOURCES,West Bengal,KMDA,,274.76,,274.76,260.69,2019-12,,2019-12,100.0,ongoing_census,2024-06
N30000047,SEWERAGE SYSTEM WITH SEWER NETWORK AT BARRACKPORE,WATER RESOURCES,West Bengal,N.A.) (341.68,2014-12,272.32,341.68,272.32,302.99,2020-04,,2022-06,100.0,ongoing_census,2024-06
N30000048,"INTERCEPTION, DIVERSION AND TREATMENT WORKS AT BARANAGAR AND KAMARAHATI",WATER RESOURCES,West Bengal,KMDA,2018-01,172.1,,172.1,47.2,2021-12,2021-02,2024-02,100.0,ongoing_census,2024-06
N30000049,INTERCEPTION AND DIVERSION WITH STP AT BALLY,WATER RESOURCES,West Bengal,KMDA,2017-10,164.93,,164.93,45.45,2021-12,2021-02,2024-02,100.0,ongoing_census,2024-06
