project_code,project_name,sector,state,agency,approval_date,original_cost,revised_cost,anticipated_cost,expenditure,original_doc,revised_doc,anticipated_doc,physical_progress_pct,schedule_status,report_month
N04000073,"OF NEW INTEGRATED 10/2013 BUILDING AT VSI AIRPORT,",CIVIL AVIATION,Andaman And Nicobar Islands,May-23) (707.73,2013-10,417.23,707.73,707.73,698.8,,2023-05,2023-06,100.0,ongoing_census,2024-09
N22000584,KILA RAIPUR (19 KMS) WITH 3/2019 LINE AT GILL STATION ON LDH- SECTION,RAILWAYS,Andaman And Nicobar Islands,NR,,235.72,,235.72,0.0,,,2025-03,0.0,ongoing_census,2024-09
N24000744,OF MAJOR BRIDGE 3/2015 MIDDLE STRAIT CREEK BETWEEN 106.590 TO KM. 107.762 OF NH 223 (,ROAD TRANSPORT AND HIGHWAYS,Andaman And Nicobar Islands,,2015-03,262.97,,262.97,92.73,,,2026-02,41.55,ongoing_census,2024-09
N24000745,"LANE WITH HARD SHOLDER , 3/2017 AND UP GRADATION SECTION FROM KM 242.0 TO KM OF N",ROAD TRANSPORT AND HIGHWAYS,Andaman And Nicobar Islands,NHIDCL,2017-03,409.85,,409.85,214.23,,2023-03,2024-07,89.07,ongoing_census,2024-09
N24000748,AND UP GRADATION 2/2018 SECTION FROM KM 107.760 TO KM (AFTER MIDDLE STRAIT TO HUM,ROAD TRANSPORT AND HIGHWAYS,Andaman And Nicobar Islands,NHIDCL,2018-02,391.0,,391.0,170.37,,2023-01,2025-08,57.55,ongoing_census,2024-09
N24000749,AND UP GRADATION 3/2018 SECTION FROM KM 206.00 TO KM (NIMBUTALA TO AUSTIN CREEK),ROAD TRANSPORT AND HIGHWAYS,Andaman And Nicobar Islands,NHIDCL,2018-03,234.27,,234.27,126.5,,2022-11,2024-09,76.86,ongoing_census,2024-09
N24000820,and up gradation to 2 lane with 11/2017 shoulder configuration from existing 122.00,ROAD TRANSPORT AND HIGHWAYS,Andaman And Nicobar Islands,MoRTH,,237.8,,238.0,222.13,,,2019-11,97.46,ongoing_census,2024-09
N24000821,WITH GEOMETRIC 11/2017 OF EXISTING 2 LANE TO 2LANE PAVED S,ROAD TRANSPORT AND HIGHWAYS,Andaman And Nicobar Islands,MoRTH,2017-11,257.34,,238.0,214.9,,,2019-11,100.0,ongoing_census,2024-09
N24001008,TO BULDHANA 2/2017,ROAD TRANSPORT AND HIGHWAYS,Andaman And Nicobar Islands,MoRTH,2017-02,401.0,401.0,,260.08,,,,97.0,ongoing_census,2024-09
N04000089,AND STR. OF EXISTING RUNWAY 8/2017 AT TIRUPATI AIRPORT,CIVIL AVIATION,Andhra Pradesh,AAI,2017-08,177.1,,177.1,143.08,,2021-12,2024-01,100.0,ongoing_census,2024-09
N04000091,OF NITB AND ASSOCIATED WORK 4/2020 VIJAYAWADA AIRPORT,CIVIL AVIATION,Andhra Pradesh,AAI,,611.8,,611.8,330.74,,,2025-06,56.0,ongoing_census,2024-09
N04000103,AIRPORT: 12/2022 OF NEW DOMESTIC BUILDING AND WORKS INCLUD,CIVIL AVIATION,Andhra Pradesh,N.A.) (N.A.,2022-12,347.15,,347.15,41.88,,,2025-08,26.0,ongoing_census,2024-09
N04000106,AIRPORT- CONSTRUCTION OF 3/2023 DOMESTIC TERMINAL BUILDING MISCELLANEOUS WORKS MA,CIVIL AVIATION,Andhra Pradesh,AAI,,265.91,,265.91,22.98,,,2026-01,15.0,ongoing_census,2024-09
N42000005,OF PERMANENT 2/2019 FOR INDIAN INSTITUTE OF TIRUPATI AT MERLAPAKA YE,DEPARTMEN T OF HIGHER EDUCATION,Andhra Pradesh,N.A.) (N.A.,2019-02,655.34,,655.34,366.21,,,2020-06,95.0,ongoing_census,2024-09
N42000007,"OF PERMANENT 9/2019 FOR IISER AT JANGALAPALLI YERPEDU MANDAL, CHITTOOR",DEPARTMEN T OF HIGHER EDUCATION,Andhra Pradesh,CPWD EDUCATION,2019-09,588.72,656.39,656.39,666.18,,,2024-06,100.0,ongoing_census,2024-09
N16000235,REFINERY MODERNISATION 7/2016,PETROLEUM,Andhra Pradesh,HPCL,2016-07,20928.0,26264.0,30609.0,26121.72,,2022-07,2024-10,98.5,ongoing_census,2024-09
N16000247,CLUSTER II DEVELOPMENT 3/2016,PETROLEUM,Andhra Pradesh,Mar-25) (N.A.,2016-03,34012.0,,34012.0,30729.58,,2025-03,2025-03,93.3,ongoing_census,2024-09
N16000343,OF FACILITIES AT VIZAG 4/2018,PETROLEUM,Andhra Pradesh,IOCL,2018-04,355.0,,355.0,241.37,,2025-03,2025-03,77.1,ongoing_census,2024-09
N16000378,II WITH LLPH FACILITIES 9/2019,PETROLEUM,Andhra Pradesh,HPCL) (N.A.) (196.26,2019-09,196.26,196.26,,147.53,,,,87.1,ongoing_census,2024-09
N16000432,CRUDE TO OLEFINS AND 9/2021 TECHNOLOGY DEMO UNIT VISAKH REFINERY,PETROLEUM,Andhra Pradesh,N.A.) (N.A.,2021-09,160.0,,160.0,13.2,,,2025-06,41.0,ongoing_census,2024-09
N16000485,"PROJECT AT KURNOOL, GUNTUR 3/2022 PRAKASAM DISTRICTS",PETROLEUM,Andhra Pradesh,IOCL,2022-03,1420.0,,1420.0,113.61,,,2030-03,4.8,ongoing_census,2024-09
N16000499,PIPELINE FROM 9/2019 COASTAL TO THE PROPOSED AT HYDER,PETROLEUM,Andhra Pradesh,BPCL,2019-09,1932.0,,1932.0,1491.58,,,2025-10,67.3,ongoing_census,2024-09
N16000535,TRIJET UNIT IN VR 7/2024,PETROLEUM,Andhra Pradesh,HPCL) (N.A.) (N.A.,2024-07,193.0,,,0.08,,,,6.0,ongoing_census,2024-09
N18000380,SCHEME FOR SOLAR 9/2023 ZONE IN ANANTHPURAM AND KURNOOL (1000MW),POWER,Andhra Pradesh,PGCIL,2023-09,1249.0,,1249.0,93.81,,,2025-09,15.0,ongoing_census,2024-09
N18000395,OF 1500MVA 3RD 5/2023 TRANSFORMATION CAPACITY KURNOOL NEW SUBSTATION,POWER,Andhra Pradesh,N.A.) (N.A.,2023-05,164.0,,164.0,0.0,,,2025-09,0.0,ongoing_census,2024-09
220100265,(NL) (SCR) 12/2001,RAILWAYS,Andhra Pradesh,SCR,2001-12,1045.2,,,1150.74,,,,0.0,ongoing_census,2024-09
N22000286,KALAHASTI 4/2011,RAILWAYS,Andhra Pradesh,SCR) (N.A.) (N.A.,2011-04,2288.7,,,1681.9,,,,0.0,ongoing_census,2024-09
N22000369,4/2016 4/2015,RAILWAYS,Andhra Pradesh,SCR) (N.A.) (N.A.,2016-04,3631.0,,3887.48,3125.17,,,2025-12,0.0,ongoing_census,2024-09
N22000377,- KORAPUT DOUBLING 4/2015,RAILWAYS,Andhra Pradesh,ECOR) (N.A.) (N.A.,2015-04,2499.71,,,1723.47,,,,68.0,ongoing_census,2024-09
N22000555,EXCL. 4/2019 (41.5 KM),RAILWAYS,Andhra Pradesh,SWR,2019-04,294.67,307.66,307.66,125.3,,,2025-02,41.0,ongoing_census,2024-09
N22000556,(17.98 KM) 9/2022,RAILWAYS,Andhra Pradesh,SWR,2022-09,323.14,342.41,342.41,39.46,,,2026-12,12.0,ongoing_census,2024-09
N22000585,BETWEEN GOOTY- 3/2023 (29.225),RAILWAYS,Andhra Pradesh,N.A.) (N.A.,2023-03,351.83,,351.83,0.0,,,2027-03,0.0,ongoing_census,2024-09
N22000586,KAZIPET BYEPASS LINE 4/2016,RAILWAYS,Andhra Pradesh,SCR) (N.A.) (N.A.,,226.72,,,161.84,,,,55.0,ongoing_census,2024-09
N22000587,WADI GOOTY - BYPASS 4/2016,RAILWAYS,Andhra Pradesh,SCR) (N.A.) (N.A.,2016-04,302.0,,,154.5,,,,50.0,ongoing_census,2024-09
N24000282,AND UPGRADATION OF 1/2014 NH-565 FROM KM.86.057 TO OF NAGARJUNASAGAR DAM T,ROAD TRANSPORT AND HIGHWAYS,Andhra Pradesh,N.A.) (N.A.,,195.45,,385.97,294.95,,,2024-05,97.0,ongoing_census,2024-09
N24000301,AND UPGRADATION OF 3/2015 FROM KM 58-600 TO KM 140-750 THE STATE OF ANDHRA PRADES,ROAD TRANSPORT AND HIGHWAYS,Andhra Pradesh,May-21) (N.A.,,271.45,,271.45,238.23,,2021-05,2021-05,100.0,ongoing_census,2024-09
N24000422,AND UPGRADATION OF 3/2015 FROM KM 4-350 TO KM 75-600,ROAD TRANSPORT AND HIGHWAYS,Andhra Pradesh,MoRTH,,309.01,,309.01,0.0,,2017-08,2018-05,100.0,ongoing_census,2024-09
N24000811,OF SIX LANING OF 3/2018 PORT ROAD TO PORT (PACKAGE-I) KM TO KM 1,ROAD TRANSPORT AND HIGHWAYS,Andhra Pradesh,Dec-22) (N.A.,,314.43,,348.72,85.61,,2022-12,2024-12,64.44,ongoing_census,2024-09
N24000928,LANING OF 5.122 KM OF NH9(NEW 10/2015 65) FROM KM 269.900(DESIGN CH0.0) KM 275/622(DESIGN CH 5.12,ROAD TRANSPORT AND HIGHWAYS,Andhra Pradesh,MoRTH,2015-10,333.21,,353.43,342.71,,2019-12,2021-01,100.0,ongoing_census,2024-09
N24000929,AND UPGRADATION OF 9/2016 NH42) FROM KM 244.930 TO (MADANAPALLI PUNGANURU,ROAD TRANSPORT AND HIGHWAYS,Andhra Pradesh,MoRTH,,372.68,,309.37,274.76,,2022-01,2022-02,100.0,ongoing_census,2024-09
N24000931,AND UPGRADATION OF 11/2016 NH-167 FROM KM 14.900 TO 70.00 (DESIGN CH.14.900 TO 69,ROAD TRANSPORT AND HIGHWAYS,Andhra Pradesh,MoRTH,,290.15,,236.16,205.02,,,2024-11,90.0,ongoing_census,2024-09
N24000932,AND UPGRADATION OF 1/2017 FROM KM 0/0 TO KM 60/380 CH. 0/000 TO 60/025 EXCLUD,ROAD TRANSPORT AND HIGHWAYS,Andhra Pradesh,Jul-22) (N.A.,,319.28,,319.28,241.94,,2022-07,2022-07,100.0,ongoing_census,2024-09
N24000937,AND UPGRADATION OF 3/2018 NH-544DD FROM DESIGN KM 56.00 TO 102.20 OF,ROAD TRANSPORT AND HIGHWAYS,Andhra Pradesh,N.A.) (290.00,,289.67,290.0,285.29,254.19,,,2024-08,97.0,ongoing_census,2024-09
N24000963,AND UPGRADATION OF 1/2018 FROM EXISTING KM T JUNCTION) TO KM,ROAD TRANSPORT AND HIGHWAYS,Andhra Pradesh,MoRTH,,418.03,386.99,386.99,365.55,,2021-12,2021-12,100.0,ongoing_census,2024-09
N24000964,OF TIMMAPURAM TO 8/2016 SECTION FROM KM TO 41.161 OF NH-,ROAD TRANSPORT AND HIGHWAYS,Andhra Pradesh,N.A.) (N.A.,,350.61,,411.18,457.55,,,2025-05,98.0,ongoing_census,2024-09
N24000969,OF 2L+PS FROM 1/2017 (105/700 TO OF NH-214) OF NH-216,ROAD TRANSPORT AND HIGHWAYS,Andhra Pradesh,MoRTH,2017-01,263.45,,263.45,241.95,,,2025-03,84.0,ongoing_census,2024-09
N24001301,OF VIJAYAWADA BYPASS 11/2019 GOLLAPUDI (DESIGN CH. 30+000) CHINNAKAKANI (DESIGN CH. 47+881),ROAD TRANSPORT AND HIGHWAYS,Andhra Pradesh,NHAI,2019-11,1601.1,,1601.1,1180.71,,,2024-07,75.27,ongoing_census,2024-09
N24001386,AND UPGRADATION TO 8/2020 WITH PAVED SHOULDERS OF PADERU- SECT,ROAD TRANSPORT AND HIGHWAYS,Andhra Pradesh,MoRTH,,222.61,,222.61,143.53,,,2024-08,76.0,ongoing_census,2024-09
N24001476,OF 4 LANE ACCESS 9/2021 NEW GREENFIELD SECTION OF NH 365BG FROM VI,ROAD TRANSPORT AND HIGHWAYS,Andhra Pradesh,Sep-24) (N.A.,2021-09,517.05,,655.06,517.26,,2024-09,2025-03,60.6,ongoing_census,2024-09
N24001477,OF 4 LANE ACCESS 9/2021 NEW GREENFIELD SECTION OF NH-365BG,ROAD TRANSPORT AND HIGHWAYS,Andhra Pradesh,Sep-24) (N.A.,2021-09,622.0,,817.91,502.15,,2024-09,2025-05,53.09,ongoing_census,2024-09
N24001817,OF CHILKARARUPET BYPASS FROM 2/2019 357.400 TO KM. 371.920 OF NH-16,ROAD TRANSPORT AND HIGHWAYS,Andhra Pradesh,NHAI,,757.45,,757.45,484.16,,2024-10,2024-10,81.07,ongoing_census,2024-09
N24001818,OF PONDAVAKKAM TO KANNIGAIPAIR 2/2021 KM 96.040 TO KM 116.100 OF NH (PKG-IV),ROAD TRANSPORT AND HIGHWAYS,Andhra Pradesh,N.A.) (N.A.,2021-02,818.73,,1105.0,335.42,,,2025-01,17.52,ongoing_census,2024-09
N24001819,OF VEERA KAVERI RAJA PURAM TO 3/2021 FROM KM 61.380 TO KM OF NH 716B (PKG-III),ROAD TRANSPORT AND HIGHWAYS,Andhra Pradesh,NHAI,,1102.63,,1303.0,784.25,,,2025-01,75.3,ongoing_census,2024-09
N24001820,OF VARADHARAJULA TO 2/2021 FROM KM 0.000 TO KM OF NH-716B (PKG-I),ROAD TRANSPORT AND HIGHWAYS,Andhra Pradesh,NHAI,2021-02,1484.83,,1768.0,1028.89,,,2024-12,60.77,ongoing_census,2024-09
N24001821,CHENNAI EXPRESSWAY 11/2020 156.000 (BANGARUPALEM TO GUDIP,ROAD TRANSPORT AND HIGHWAYS,Andhra Pradesh,PHASE-II PKG-III) FROM KM.127.000 TO (N.A.) (N.A.,2020-11,1137.74,,1289.0,907.36,,,2024-10,81.7,ongoing_census,2024-09
N24001822,CHENNAI EXPRESSWAY 12/2020 (BETHAMANGALA IN THE STATE,ROAD TRANSPORT AND HIGHWAYS,Andhra Pradesh,PHASE-II PKG-I) FROM KM.71.000 TO KM (N.A.) (N.A.,2020-12,1075.27,,1307.0,775.28,,,2024-10,63.8,ongoing_census,2024-09
N24001823,OF MADANAPALLE TO PILERU 1/2022 FROM KM 0.000 TO KM 55.900 NH-71(PACKAGE-I) - N/05060/01002/A,ROAD TRANSPORT AND HIGHWAYS,Andhra Pradesh,NHAI,2022-01,1852.12,,1787.0,525.31,,2023-01,2025-01,67.0,ongoing_census,2024-09
N24001824,- POYYA - NAIDUPETA KM 3/2020 TO KM 183.4 OF NH 71 -,ROAD TRANSPORT AND HIGHWAYS,Andhra Pradesh,Dec-24) (N.A.,,1863.09,,2238.0,1227.61,,2024-12,2024-12,92.36,ongoing_census,2024-09
N24001836,KANTAKAPALLE SABBAVARAM 2/2021 OF NH-130CD ROAD FROM KM TO KM 464.662 (PKG-4),ROAD TRANSPORT AND HIGHWAYS,Andhra Pradesh,NHAI,2021-02,824.29,,924.0,388.86,,,2024-10,61.0,ongoing_census,2024-09
N24001837,JAKKUVA KORLAM SECTION OF NH- 2/2021 ROAD FROM KM 396.800 TO KM (PKG 2),ROAD TRANSPORT AND HIGHWAYS,Andhra Pradesh,Jul-24) (N.A.,,663.6,,768.0,305.59,,2024-07,2024-09,90.69,ongoing_census,2024-09
N24001838,ALURU - JAKKUVA SECTION OF NH- 2/2021 ROAD FROM KM 365.033 TO KM (PKG. 1),ROAD TRANSPORT AND HIGHWAYS,Andhra Pradesh,NHAI,,922.5,,1128.68,361.56,,,2025-03,69.9,ongoing_census,2024-09
N24001841,ACCESS CONTROLLED GREENFIELD 12/2022 FROM KODUR 0.000 KMS TO 24.300 KMS OF NH 544G,ROAD TRANSPORT AND HIGHWAYS,Andhra Pradesh,NHAI,2022-12,912.94,,912.94,148.88,,,2026-02,24.73,ongoing_census,2024-09
N24001842,ACCESS CONTROLLED GREENFIELD 12/2022 FROM VANAVOLU 24.300 KM. VANKARAKUNTA 45.700 KM. OF NH 5,ROAD TRANSPORT AND HIGHWAYS,Andhra Pradesh,NHAI,2022-12,750.81,,750.81,99.64,,,2025-11,24.5,ongoing_census,2024-09
N24001843,ACCESS CONTROLLED GREENFIELD 12/2022 FROM VANKARAKUNTA 45.700 TO ODULAPALLE 72.000 KM. OF NH,ROAD TRANSPORT AND HIGHWAYS,Andhra Pradesh,NHAI,2022-12,992.89,,992.89,94.42,,,2025-11,11.5,ongoing_census,2024-09
N24001844,ACCESS CONTROLLED GREENFIELD 12/2022 FROM ODULAPALLE 72.000 TO NALLACHERUVUPALLI 96.300,ROAD TRANSPORT AND HIGHWAYS,Andhra Pradesh,N.A.) (N.A.,2022-12,1058.9,,1058.9,131.39,,,2025-10,10.77,ongoing_census,2024-09
N24001845,ACCESS CONTROLLED GREENFIELD 2/2023 FROM NALLACHERUVU PALLI KM. TO YERRAGUDIPADU 129.000,ROAD TRANSPORT AND HIGHWAYS,Andhra Pradesh,NHAI,2023-02,1253.24,,1253.24,70.84,,,2025-10,3.5,ongoing_census,2024-09
N24001846,ACCESS CONTROLLED GREENFIELD 2/2023 FROM YERRAGUDIPADU KM. TO AUDIREDDIPALLE 160.000,ROAD TRANSPORT AND HIGHWAYS,Andhra Pradesh,N.A.) (N.A.,2023-02,1200.42,,1200.42,57.64,,,2025-10,1.5,ongoing_census,2024-09
N24001847,ACCESS CONTROLLED GREENFIELD 1/2023 FROM AUDIREDDIPALLE KM. TO MALLAPALLE 176.000 KM.,ROAD TRANSPORT AND HIGHWAYS,Andhra Pradesh,NHAI,2023-01,956.14,,956.14,95.51,,,2025-11,14.72,ongoing_census,2024-09
N24001848,ACCESS CONTROLLED GREENFIELD 2/2023 FROM MALLAPALLE 176.000 TO KAVULAKUNTLA 196.000 KM.,ROAD TRANSPORT AND HIGHWAYS,Andhra Pradesh,N.A.) (N.A.,2023-02,909.02,,909.02,60.01,,,2025-10,6.65,ongoing_census,2024-09
N24001849,PS MYDUKUR BADVEL FROM KM 5/2022 TO KM 630.960 SECTION OF NH,ROAD TRANSPORT AND HIGHWAYS,Andhra Pradesh,NHAI,,1063.72,,1063.72,346.39,,,2025-09,40.97,ongoing_census,2024-09
N24001856,OF 4-LANE HIGHWAY 5/2023 SAMARLAKOTA TO ACHAMPETA (FROM KM. 0.000 TO KM.,ROAD TRANSPORT AND HIGHWAYS,Andhra Pradesh,NHAI,2023-05,648.75,,648.75,107.33,,,2025-08,31.8,ongoing_census,2024-09
N24001931,LANING OF BATHALAPALLI TO 3/2022 SECTION (DESIGN KM. 96.300 TO 129.300) BATH,ROAD TRANSPORT AND HIGHWAYS,Andhra Pradesh,N.A.) (N.A.,2022-03,536.0,,536.0,393.81,,,2025-02,43.0,ongoing_census,2024-09
N24001932,FROM KM. 0+000 TO KM. 32+000 3/2022,ROAD TRANSPORT AND HIGHWAYS,Andhra Pradesh,MUDIGUBBA TO PUTTAPARTHI) OF NH- (N.A.) (N.A.,,401.72,,401.72,162.11,,,2024-09,65.0,ongoing_census,2024-09
N24001933,TO MADANAPALLE 12/2021 OF NH42 FROM KM 202.050 TO 245.640 EXCLUDING RETAINED STRE,ROAD TRANSPORT AND HIGHWAYS,Andhra Pradesh,N.A.) (N.A.,2021-12,480.1,,480.1,443.87,,,2024-12,78.0,ongoing_census,2024-09
N24001934,RAYACHOTY TOVEMPALLI 2LPS 12/2021,ROAD TRANSPORT AND HIGHWAYS,Andhra Pradesh,MoRTH) (N.A.) (N.A.,,439.82,,,193.63,,,,27.0,ongoing_census,2024-09
N24001935,LANE WITH PAVED SHOULDER FROM 3/2022 0.000 TO KM 51.119 OF TADIPATRI TO OF NH67,ROAD TRANSPORT AND HIGHWAYS,Andhra Pradesh,MoRTH,,724.17,,724.17,321.81,,,2025-08,60.0,ongoing_census,2024-09
N24001939,FROM KM 0.000 TO KM 64.020 3/2020 TO AKIVEEDU SECTION TO LANE WITH PAVED SHOULDERS,ROAD TRANSPORT AND HIGHWAYS,Andhra Pradesh,MoRTH,2020-03,529.24,,529.24,312.17,,,2025-12,51.78,ongoing_census,2024-09
N24001942,FROM KM36.400 TO KM. 107.224 OF 3/2021 FROM DUTTALUR TO KAVALI,ROAD TRANSPORT AND HIGHWAYS,Andhra Pradesh,MoRTH,,423.67,,423.67,228.15,,,2024-07,58.0,ongoing_census,2024-09
N24001949,FROM KM 99.103 CS PURAM TO 12/2021 143.320 MALAKONDA TO 2LPS,ROAD TRANSPORT AND HIGHWAYS,Andhra Pradesh,N.A.) (N.A.,,277.3,,277.3,168.68,,,2025-12,91.04,ongoing_census,2024-09
N24001950,FROM KM.143.320 MALAKONDA 3/2021 189.050 SINGARAYAKONDA ON NH 16 TWO LANE WITH PAVED SHOULDERS,ROAD TRANSPORT AND HIGHWAYS,Andhra Pradesh,N.A.) (N.A.,2021-03,369.81,,369.81,244.6,,,2025-02,83.85,ongoing_census,2024-09
N24001951,FROM MACHERLA TO 1/2022 FROM KM.0.000 TO 43.659 2LPS,ROAD TRANSPORT AND HIGHWAYS,Andhra Pradesh,MoRTH,2022-01,403.22,,403.22,262.08,,,2025-01,71.0,ongoing_census,2024-09
N24001952,167 B KADAPA NELLORE BORDER TO 3/2022 I.E. FROM KM 58.635 TO KM,ROAD TRANSPORT AND HIGHWAYS,Andhra Pradesh,N.A.) (N.A.,,285.5,,285.5,108.03,,,2025-08,55.3,ongoing_census,2024-09
N24001953,TO KONTA 12/2021 2LPS,ROAD TRANSPORT AND HIGHWAYS,Andhra Pradesh,MoRTH,2021-12,388.71,,388.71,181.43,,,2024-09,67.2,ongoing_census,2024-09
N24001954,TO 2LPS OF 3/2022 - KOYYURU OF NH516E FROM KM.43.700 KM 113.820,ROAD TRANSPORT AND HIGHWAYS,Andhra Pradesh,MoRTH,2022-03,568.12,,568.12,295.33,,,2025-01,79.81,ongoing_census,2024-09
N24001955,TOWN 2 LANE ROB AND 3/2022 IMPROVEMENT OF NH165 IN OF LC NO 3ESPL3 AT KM,ROAD TRANSPORT AND HIGHWAYS,Andhra Pradesh,MoRTH,,317.22,,317.22,136.76,,,2025-05,42.66,ongoing_census,2024-09
N24001956,FROM GONDIGUDA TO ARAKU 8/2020 KM 27.480 TO KM 51.772 OF NH 516E,ROAD TRANSPORT AND HIGHWAYS,Andhra Pradesh,MoRTH,2020-08,296.66,,296.66,216.41,,,2024-12,79.0,ongoing_census,2024-09
N24001957,OF KOYYURU TO 8/2020 SECTION OF NH 516E,ROAD TRANSPORT AND HIGHWAYS,Andhra Pradesh,N.A.) (N.A.,2020-08,349.29,,349.29,138.22,,,2024-07,49.0,ongoing_census,2024-09
N24001958,OF CHAPRATHIPALEM TO 8/2020 SECTION OF NH 516E,ROAD TRANSPORT AND HIGHWAYS,Andhra Pradesh,N.A.) (N.A.,2020-08,311.22,,311.22,100.84,,,2024-10,40.0,ongoing_census,2024-09
N24001959,LANE FROM KM 56.400 TO KM 120.300 3/2022 B.KOTHAPALLI JUNCTION TO OF NH 716G,ROAD TRANSPORT AND HIGHWAYS,Andhra Pradesh,MoRTH,,839.98,,839.98,247.82,,,2025-09,44.59,ongoing_census,2024-09
N24001979,GREENFIELD ROAD CONNECTING 8/2022 AND SOUTH INDUSTRIAL OF KHANDALERU CREEK KRISHNAPAT,ROAD TRANSPORT AND HIGHWAYS,Andhra Pradesh,NHAI,2022-08,609.43,,609.43,25.24,,,2025-09,23.72,ongoing_census,2024-09
N24001980,LANING OF NH 544D FROM EXISTING 10/2022 346.300 OF NH 44 (DESIGN KM 0.000) TO KM 39.380,ROAD TRANSPORT AND HIGHWAYS,Andhra Pradesh,NHAI,2022-10,907.76,,907.76,238.14,,,2025-07,50.18,ongoing_census,2024-09
N24001981,OF SIX LANING OF 7/2022 JUNCTION - SECTION FROM TO KM.91+927,ROAD TRANSPORT AND HIGHWAYS,Andhra Pradesh,NHAI,,1398.84,,1398.84,58.68,,,2025-10,5.92,ongoing_census,2024-09
N24001982,PS FROM KURNOOL (EXISTING KM. 3/2023 OF NH-40/DESIGN KM.0.000) TO (EXISTING KM.38.000/DESI,ROAD TRANSPORT AND HIGHWAYS,Andhra Pradesh,NHAI,,827.39,,827.39,242.65,,,2025-10,71.07,ongoing_census,2024-09
N24001983,LANING FROM EXISTING KM 39.380 10/2022 CH. 69.000) OF MUCHUKOTA,ROAD TRANSPORT AND HIGHWAYS,Andhra Pradesh,DESIGN CH. 37.000) TO KM 74.450 (N.A.) (N.A.,2022-10,972.63,,1055.23,192.22,,,2025-08,32.99,ongoing_census,2024-09
N24001984,PS FROM MANDLEM (EXISTING KM. 3/2023 KM.30.600) TO ATMAKUR KM.73.000/DESIGN KM 6,ROAD TRANSPORT AND HIGHWAYS,Andhra Pradesh,N.A.) (N.A.,,887.28,,887.28,107.97,,,2025-10,23.24,ongoing_census,2024-09
N24001985,CHENNAI EXPRESSWAY 3/2021 PKG-II) FROM KM.96.000 TO KM (BAIREDDYPALLE TO BANGAR,ROAD TRANSPORT AND HIGHWAYS,Andhra Pradesh,NHAI,2021-03,1942.94,2171.0,2171.0,961.35,,,2025-06,40.3,ongoing_census,2024-09
N24001986,OF PILERU TO KALUR SECTION FROM 10/2023 55.900 TO KM 92.800 AND KM 94.500 KM 95.717,ROAD TRANSPORT AND HIGHWAYS,Andhra Pradesh,N.A.) (N.A.,,1047.32,,1047.32,240.43,,,2025-04,59.0,ongoing_census,2024-09
N24001987,"OF 1 NOS ROB, 2 NOS 6/2023 SERVICE ROADS, PROVISION OF AND CONSTRUCTION OF",ROAD TRANSPORT AND HIGHWAYS,Andhra Pradesh,NHAI,,152.05,,152.05,92.6,,,2024-12,54.85,ongoing_census,2024-09
N24001988,OF CHITTOOR TO THATCHUR FROM 2/2021 TO VEERA KAVERI RAJA FROM KM 43.800 TO KM 61.380 O,ROAD TRANSPORT AND HIGHWAYS,Andhra Pradesh,NHAI,,591.99,703.0,703.0,256.19,,,2025-10,39.03,ongoing_census,2024-09
N24002033,OF 4 LANE ACCESS 7/2022 HIGHWAY FROM CROSS ROAD TO KM 0+000,ROAD TRANSPORT AND HIGHWAYS,Andhra Pradesh,NHAI,2022-07,909.47,,909.47,97.03,,,2025-12,12.57,ongoing_census,2024-09
N24002103,OF BALANCE WORKS 9/2022 IN BIT AND PIECES STRETCH AT 7 AND LISTED,ROAD TRANSPORT AND HIGHWAYS,Andhra Pradesh,NHAI,2022-09,166.52,,166.52,43.74,,,2025-01,0.0,ongoing_census,2024-09
N24002122,ACCESS CONTROLLED GREENFIELD 2/2024 FROM NARAYANMPET (CH. TO CHANDRASEKHARPURAM 22,ROAD TRANSPORT AND HIGHWAYS,Andhra Pradesh,N.A.) (N.A.,2024-02,813.66,,813.66,12.51,,,2026-02,1.49,ongoing_census,2024-09
N24002123,ACCESS CONTROLLED GREENFIELD 2/2024 FROM (CH. TO POLAVARAM (CH. 260,ROAD TRANSPORT AND HIGHWAYS,Andhra Pradesh,NHAI,2024-02,1292.65,,1292.65,49.3,,,2026-02,1.91,ongoing_census,2024-09
N24002124,ACCESS CONTROLLED GREENFIELD 2/2024 FROM POLAVARAM (CH. TO MARRIPUDI (CH. 285+500) [,ROAD TRANSPORT AND HIGHWAYS,Andhra Pradesh,N.A.) (N.A.,2024-02,747.29,,747.29,54.44,,,2026-02,2.71,ongoing_census,2024-09
N24002125,ACCESS CONTROLLED GREENFIELD 2/2024 FROM MARRIPUDI (CH. TO SOMAVARAPPADU (CH.,ROAD TRANSPORT AND HIGHWAYS,Andhra Pradesh,NHAI,2024-02,976.4,,976.4,89.7,,,2026-02,12.0,ongoing_census,2024-09
N24002126,ACCESS CONTROLLED GREENFIELD 2/2024 FROM SOMAVARAPPADU TO MUPPAVARAM O,ROAD TRANSPORT AND HIGHWAYS,Andhra Pradesh,N.A.) (N.A.,2024-02,1103.89,,1103.89,54.54,,,2026-02,0.0,ongoing_census,2024-09
N24002139,WITH PAVED SHOULDERS FROM 3/2023 32/0 TO KM 79/650 (DESIGN KM 32+000 TO KM 78+760),ROAD TRANSPORT AND HIGHWAYS,Andhra Pradesh,MoRTH,,1318.57,,1318.57,253.37,,,2025-11,30.0,ongoing_census,2024-09
N24002140,DHONE SECTION OF 4/2023 340B FROM KM.0/0 TO 56/200 CH. KM 0/00 TO KM 53/33],ROAD TRANSPORT AND HIGHWAYS,Andhra Pradesh,N.A.) (N.A.,,629.73,,629.73,185.0,,,2025-12,38.0,ongoing_census,2024-09
N24002141,LANE WITH PAVED SHOULDER 6/2023 FROM TO DUTTALURU OF NH-167 BG FROM,ROAD TRANSPORT AND HIGHWAYS,Andhra Pradesh,N.A.) (N.A.,2023-06,364.07,,364.07,132.87,,,2025-07,69.1,ongoing_census,2024-09
N24002142,WITH PAVED SHOULDER 8/2023 OF LAMBASINGI TO SECTION (KM 205+000 TO KM,ROAD TRANSPORT AND HIGHWAYS,Andhra Pradesh,MoRTH,2023-08,361.24,,361.24,24.93,,,2025-11,8.26,ongoing_census,2024-09
N24002143,ROAD TO ADONI TOWN 8/2023 NH-167 (HAGARI - ROAD) FROM KM.62/700 TO IN KU,ROAD TRANSPORT AND HIGHWAYS,Andhra Pradesh,N.A.) (N.A.,2023-08,361.24,,361.24,29.08,,,2026-02,20.0,ongoing_census,2024-09
N24002144,SECTION 8/2023 CHAINAGE 0+00 TO 47+000) OF (PACKAGE-I),ROAD TRANSPORT AND HIGHWAYS,Andhra Pradesh,MoRTH,2023-08,1064.24,,1064.24,203.83,,,2026-02,15.95,ongoing_census,2024-09
N24002145,BYPASS (KM 0+000 TO KM 11/2023 OF 4-LANE ON NH-67 IN,ROAD TRANSPORT AND HIGHWAYS,Andhra Pradesh,N.A.) (N.A.,,159.66,,159.66,50.76,,,2026-03,48.16,ongoing_census,2024-09
N24002146,BORDER- 11/2023 SECTION OF NH-167K DESIGN CH. KM 248+010 TO KM,ROAD TRANSPORT AND HIGHWAYS,Andhra Pradesh,MoRTH,2023-11,292.63,,292.63,0.0,,,2025-11,0.0,ongoing_census,2024-09
N24002147,TO KUNTA JUNCTION FROM 12/2022 CHAINAGE KM 244+000 TO SECTION OF NH-765 (PACKAGE-,ROAD TRANSPORT AND HIGHWAYS,Andhra Pradesh,N.A.) (N.A.,,244.83,,244.83,34.83,,,2026-03,14.0,ongoing_census,2024-09
N24002148,BYPASS (KM 0+000 TO KM 3/2023 OF 2- LANE WITH PAVED ON NH-516E,ROAD TRANSPORT AND HIGHWAYS,Andhra Pradesh,N.A.) (N.A.,,244.43,,244.43,0.0,,,2026-02,0.0,ongoing_census,2024-09
N24002149,TO MALLAPALEM 1/2024 {DESIGN CH. KM 133+922 TO 154+216 (EXISTING CH. KM 133+922,ROAD TRANSPORT AND HIGHWAYS,Andhra Pradesh,MoRTH,2024-01,393.61,,393.61,41.66,,,2026-02,0.0,ongoing_census,2024-09
N30000002,IRRIGATION PROJECT 2/2009,WATER RESOURCES,Andhra Pradesh,N.A.) (N.A.,2009-02,10151.04,,,21644.53,,,,77.0,ongoing_census,2024-09
N04000092,OF NEW GREEN FIELD 2/2019 AT HOLLONGI ITANAGAR PRADESH,CIVIL AVIATION,Arunachal Pradesh,AAI,,645.63,,712.15,667.54,,2024-12,2024-12,98.43,ongoing_census,2024-09
180100221,LOWER H.E.P (8X250 MW) 9/2003,POWER,Arunachal Pradesh,NHPC) (N.A.) (N.A.,2003-09,6285.33,,21247.54,22026.82,,,2026-05,93.88,ongoing_census,2024-09
N18000362,MULTIPURPOSE PROJECT 2880 2/2023 ARUNACHAL PRADESH,POWER,Arunachal Pradesh,NHPC,,31876.39,,31876.39,2524.53,,,2032-02,12.74,ongoing_census,2024-09
N24000683,LANING OF JORAM KOLORIANG 2/2017 (NH 713) ON EPC BASIS FROM KM. 138+000 TO KM. 154+036,ROAD TRANSPORT AND HIGHWAYS,Arunachal Pradesh,NHIDCL,2017-02,180.57,244.1,180.57,154.17,,2024-03,2024-11,90.01,ongoing_census,2024-09
N24000685,OF TWO LANE WITH 2/2017 SHOULDERS OF JORAM ROAD (NH 713) ON EPC FROM EXI,ROAD TRANSPORT AND HIGHWAYS,Arunachal Pradesh,NHIDCL,,167.28,,167.28,144.91,,2023-11,2023-11,100.0,ongoing_census,2024-09
N24000946,OF 2-LANE ROAD WITH 3/2017 SHOULDERS FROM KM16.00 OF SECTION TO KM 21.500 OF,ROAD TRANSPORT AND HIGHWAYS,Arunachal Pradesh,NHIDCL,,1718.59,1718.59,1718.59,674.32,,2025-06,2025-06,68.84,ongoing_census,2024-09
N24000948,OF 2 LANING OF 9/2016 HUNLI-ANINI ROAD ON EPC FROM DESIGN KM 53.500 TO KM,ROAD TRANSPORT AND HIGHWAYS,Arunachal Pradesh,Aug-24) (568.92,2016-09,568.92,568.92,568.92,508.65,,2024-08,2024-09,100.0,ongoing_census,2024-09
N24000979,OF HAYULIANG HAWAI 1/2017 ROAD ON EPC BASIS FROM KM. 51.825 TO KM. 63.131 EXISTI,ROAD TRANSPORT AND HIGHWAYS,Arunachal Pradesh,NHIDCL,2017-01,256.66,,256.66,0.0,,2023-05,2025-03,63.59,ongoing_census,2024-09
N24001244,OF 2-LANING WITH 8/2020 SHOULDERS OF ARROWA-KHUPA- SECTION OF NH-113 FROM,ROAD TRANSPORT AND HIGHWAYS,Arunachal Pradesh,Feb-25) (N.A.,2020-08,301.06,,301.06,140.37,,2025-02,2025-02,62.09,ongoing_census,2024-09
N24001245,OF 2-LANING WITH 9/2020 SHOULDERS OF DEMWE- SECTION OF NH-13 FROM KM TO,ROAD TRANSPORT AND HIGHWAYS,Arunachal Pradesh,NHIDCL,2020-09,353.9,,353.9,41.82,,2022-10,2024-03,25.38,ongoing_census,2024-09
N24001291,OF 2 LANE ROAD OF 3/2019 TO PANGIN SECTION OF NH 13 KM 77.95 TO KM 117.56 (PACKAGE,ROAD TRANSPORT AND HIGHWAYS,Arunachal Pradesh,N.A.) (N.A.,,421.48,,421.48,365.83,,,2027-03,100.0,ongoing_census,2024-09
N24001292,OF 2 LANE ROAD OF 3/2019 TO PANGIN SECTION OF NH 13 KM 117.56 TO KM 163.59,ROAD TRANSPORT AND HIGHWAYS,Arunachal Pradesh,MoRTH,,543.05,,600.0,568.3,,,2027-03,99.3,ongoing_census,2024-09
N24001293,OF 2 LANE ROAD OF 3/2019 TO PANGIN SECTION OF NH 13 KM 206.66 TO KM 247.05,ROAD TRANSPORT AND HIGHWAYS,Arunachal Pradesh,N.A.) (N.A.,,486.7,,486.7,474.23,,,2027-03,100.0,ongoing_census,2024-09
N24001297,OF 2 LANE ROAD OF 3/2019 TO PANGIN SECTION OF NH 13 KM 163.59 TO KM 206.66,ROAD TRANSPORT AND HIGHWAYS,Arunachal Pradesh,N.A.) (N.A.,,450.65,,450.65,371.45,,,2027-03,91.71,ongoing_census,2024-09
N24001316,- HENKAR 2/2021 - BASAI 2/2021,ROAD TRANSPORT AND HIGHWAYS,Arunachal Pradesh,NHIDCL) (Jun-24) (N.A.,2021-02,550.45,,550.45,113.92,,2024-06,2024-09,44.05,ongoing_census,2024-09
N24001320,- GAU 12/2020,ROAD TRANSPORT AND HIGHWAYS,Arunachal Pradesh,NHIDCL,2020-12,242.3,,,21.47,,,,17.81,ongoing_census,2024-09
N24001372,WORK 2-LANING OF LALPUL 2/2021 CHANGLANG ROAD (NH-215) EPC MODE IN THE STATE OF,ROAD TRANSPORT AND HIGHWAYS,Arunachal Pradesh,MoRTH,2021-02,588.09,,588.09,449.76,,2024-12,2024-12,93.18,ongoing_census,2024-09
N24001374,OF ITANAGAR TO 6/2020 SECTION OF NH-415 KM 51+700 TO KM 59+199 ON EPC,ROAD TRANSPORT AND HIGHWAYS,Arunachal Pradesh,MoRTH,2020-06,437.6,,437.6,365.27,,,2027-03,96.7,ongoing_census,2024-09
N24001375,LANING OF ITANAGAR TO 6/2020 SECTION OF NH-415 KM 40+430 TO KM 51+735 B) ON EPC,ROAD TRANSPORT AND HIGHWAYS,Arunachal Pradesh,MoRTH,2020-06,496.47,,496.47,142.05,,,2027-03,34.41,ongoing_census,2024-09
N24001390,KOLORIANG ROAD FROM 8/2020 KM 50.050 TO KM 70.00 (PKG-3),ROAD TRANSPORT AND HIGHWAYS,Arunachal Pradesh,NHIDCL,2020-08,228.71,,228.71,98.86,,2024-08,2024-09,99.52,ongoing_census,2024-09
N24001391,KOLORIANG ROAD FROM 8/2020 KM 70.00 TO KM 88.700 (PKG-4),ROAD TRANSPORT AND HIGHWAYS,Arunachal Pradesh,Feb-24) (N.A.,2020-08,294.04,,294.04,147.13,,2024-02,2024-09,100.0,ongoing_census,2024-09
N24001392,KOLORIANG ROAD FROM 8/2020 KM104.850 TO KM 122.60 (PKG-,ROAD TRANSPORT AND HIGHWAYS,Arunachal Pradesh,Jul-23) (N.A.,2020-08,199.03,,199.03,102.85,,2023-07,2023-07,100.0,ongoing_census,2024-09
N24001393,KOLORIANG ROAD FROM 8/2020 KM122.600 TO KM138.00 (PKG-,ROAD TRANSPORT AND HIGHWAYS,Arunachal Pradesh,NHIDCL,2020-08,184.88,,184.88,95.64,,2024-02,2024-11,93.83,ongoing_census,2024-09
N04000083,OF NEW INTEGRATED 12/2016 BUILDING AT LGBI AIRPORT,CIVIL AVIATION,Assam,AAI,2016-12,1142.0,,2333.0,1346.22,,,2025-03,66.34,ongoing_census,2024-09
N21000027,"INDIA INSTITUTE OF MEDICAL 5/2017 AT GUWAHATI, ASSAM",HEALTH AND FAMILY WELFARE,Assam,,2017-05,875.0,873.92,860.0,769.3,,2023-04,2024-11,98.94,ongoing_census,2024-09
N16000331,OF SURFACE FACILITIES 1/2018 PRODUCTION AND EVACUATION OF OIL AND NATURAL GAS FROM,PETROLEUM,Assam,OIL,2018-01,543.91,,670.9,491.56,,2023-12,2024-12,93.71,ongoing_census,2024-09
N16000379,REFINERY EXPANSION 1/2019 6 MMTPA REFINARY,PETROLEUM,Assam,N.A.) (N.A.,2019-01,12366.0,,18968.0,12545.43,,,2025-12,63.74,ongoing_census,2024-09
N16000394,REFINERY EXPANSION 1/2019 COIT AND PIPELINES,PETROLEUM,Assam,NRL,2019-01,10228.0,,9058.0,8192.36,,,2025-09,77.65,ongoing_census,2024-09
N16000414,OF GUWAHATI REFINERY 5/2021 1 TO 1.2 MMTPA ALONG WITH OF CATALYTIC UN,PETROLEUM,Assam,IOCL,2021-05,412.0,509.84,509.84,356.9,,2025-02,2025-02,77.8,ongoing_census,2024-09
N16000433,ASSISTED GRAVITY DRAINAGE 8/2021 KASOMARIGAON,PETROLEUM,Assam,ONGC,2021-08,218.38,,218.38,186.79,,2024-06,2024-08,83.3,ongoing_census,2024-09
N16000441,"OF FACILITIES AT EXISTING 3/2022 TERMINAL, ASSAM",PETROLEUM,Assam,Sep-26) (N.A.,2022-03,277.0,,277.0,156.92,,2026-09,2026-09,50.6,ongoing_census,2024-09
N16000449,OF FACILITIES OF 6/2021 PRODUCT (NSPL) FOR TRANSPORTATION ADDIT,PETROLEUM,Assam,OIL,2021-06,860.0,,860.0,399.5,,,2024-12,86.5,ongoing_census,2024-09
N16000450,"TO CONSTRUCT A FIELD GAS 12/2020 STATION AT BAGHJAN FOR COLLECTION,PROCESSING",PETROLEUM,Assam,Mar-24) (N.A.,,430.76,,430.76,245.08,,2024-03,2024-12,72.55,ongoing_census,2024-09
N16000457,EXPANSION OF DIGBOI 6/2022 FROM 0.65 TO 1.0 MMTPA,PETROLEUM,Assam,IOCL,2022-06,768.0,,768.0,59.42,,,2026-03,7.4,ongoing_census,2024-09
N16000484,OF LPG FACILITIES AT 3/2023 ASSAM,PETROLEUM,Assam,HPCL,,156.36,156.36,156.36,1.08,,2027-07,2027-07,11.0,ongoing_census,2024-09
N16000494,"UP OF NEW RAIL FED POL 3/2023 AT KAMARDANGA, ASSAM",PETROLEUM,Assam,HPCL,,384.04,,384.04,31.57,,2027-07,2027-07,3.5,ongoing_census,2024-09
N16000511,RECOVERY TURBINE IN PFCCU 3/2023 REVAMP PROJECT 8/2021,PETROLEUM,Assam,NRL) (N.A.) (N.A.,2021-08,293.5,,293.5,56.33,,,2025-07,71.0,ongoing_census,2024-09
N16000528,NETWORK PROJECT 1/2023,PETROLEUM,Assam,N.A.) (N.A.,2023-01,344.99,,344.99,108.35,,,2026-04,40.1,ongoing_census,2024-09
N16000532,GGS LIFE EXTENSION 9/2023,PETROLEUM,Assam,N.A.) (N.A.,2023-09,198.7,,198.7,3.05,,,2026-05,2.4,ongoing_census,2024-09
N22000388,4/2015 KM),RAILWAYS,Assam,NFR,2015-04,2232.32,,4983.94,3451.65,,,2027-03,92.0,ongoing_census,2024-09
N24000319,LANING OF JORHAT TO JHANJI 6/2015 FROM KM. 453.00 TO KM. (DESIGN KM 403.200 TO KM,ROAD TRANSPORT AND HIGHWAYS,Assam,NHIDCL,2015-06,437.39,,437.39,321.54,,,2024-12,24.35,ongoing_census,2024-09
N24000320,LANING OF JHANJHI JN TO 6/2015 SECTION FROM KM. 491.050 TO 535.250(DESIGN KM 490.800 TO KM 5,ROAD TRANSPORT AND HIGHWAYS,Assam,NHIDCL,2015-06,463.49,,463.49,368.35,,,2025-09,31.56,ongoing_census,2024-09
N24000431,LANING FROM JAMUGURI TO 1/1991 CHARIALI FROM KM 182 TO 208 OF NH-52,ROAD TRANSPORT AND HIGHWAYS,Assam,NHIDCL,1991-01,520.01,,520.01,304.78,,2019-06,2024-10,90.01,ongoing_census,2024-09
N24000438,LANING FROM RANGAGARA TO 12/2015 TINALI FROM KM 297.00 TO 315.315 OF NH-37 ON EPC BASIS.,ROAD TRANSPORT AND HIGHWAYS,Assam,Jul-21) (N.A.,2015-12,289.99,,289.99,232.66,,2021-07,2024-10,87.62,ongoing_census,2024-09
N24000582,LANING OF NH-37 SECTION BETWEEN 1/2016 TO END OF MORAN BYPASS KM. 534.800 TO KM. 561.700) O,ROAD TRANSPORT AND HIGHWAYS,Assam,NHIDCL,2016-01,294.17,,294.17,295.84,,,2024-12,41.24,ongoing_census,2024-09
N24000583,LANING OF NH 37 SECTION BETWEEN 1/2016 OF MORAN BYPASS TO BOGIBEEL NEAR LAPETKETA (KM. 561,ROAD TRANSPORT AND HIGHWAYS,Assam,N.A.) (N.A.,2016-01,252.0,,330.3,146.28,,,2025-03,0.0,ongoing_census,2024-09
N24000902,LANING OF BALACHERA- 10/2017 SECTION OF NH-54 (EXT) KM 275.00 TO KM 244.000 IN THE,ROAD TRANSPORT AND HIGHWAYS,Assam,Dec-23) (887.68,2017-10,818.0,887.68,887.68,873.61,,2023-12,2024-04,100.0,ongoing_census,2024-09
N24001246,OF HAPACHARA - TULUNGIA 3/2020,ROAD TRANSPORT AND HIGHWAYS,Assam,NHIDCL,2020-03,220.2,,220.2,215.69,,,2024-08,97.76,ongoing_census,2024-09
N24001248,TO 4-LANE 8/2020 PAVED SHOULDER FROM TO CH.88.00KM (DESIGN,ROAD TRANSPORT AND HIGHWAYS,Assam,NHIDCL,2020-08,208.84,,208.84,191.18,,,2024-07,100.0,ongoing_census,2024-09
N24001269,OF CHURACHANDPUR TUIVAI 3/2020 OF NH-102B (PKG- IB),ROAD TRANSPORT AND HIGHWAYS,Assam,NHIDCL,,216.49,241.52,216.49,104.36,,2023-12,2024-12,79.48,ongoing_census,2024-09
N24001326,DHUBRI PHULBARI BRIDGE WITH 11/2020 ROAD,ROAD TRANSPORT AND HIGHWAYS,Assam,NHIDCL,,4997.04,,4997.04,2028.1,,,2028-09,51.59,ongoing_census,2024-09
N24001331,FROM YAINGANGPOKPI TO 3/2020 CORNER (PKG-I),ROAD TRANSPORT AND HIGHWAYS,Assam,May-25) (N.A.,,261.13,,261.13,64.96,,2025-05,2025-05,54.59,ongoing_census,2024-09
N24001332,FROM YAINGANGPOKPI TO 3/2020 CORNER (PKG-II),ROAD TRANSPORT AND HIGHWAYS,Assam,NHIDCL,,217.5,,217.5,84.36,,2025-04,2025-04,64.15,ongoing_census,2024-09
N24001366,KATHKATI PACKAGE-5 3/2021,ROAD TRANSPORT AND HIGHWAYS,Assam,NHIDCL) (N.A.) (N.A.,2021-03,288.85,,,231.27,,,,96.08,ongoing_census,2024-09
N24001368,ROAD 3/2021,ROAD TRANSPORT AND HIGHWAYS,Assam,N.A.) (N.A.,,286.72,,286.72,78.65,,,2025-10,30.81,ongoing_census,2024-09
N24001408,OF 2-LANE MAJOR 2/2021 INCLUDING APPROACHESOVER BETWEEN MAJULI ON BAN,ROAD TRANSPORT AND HIGHWAYS,Assam,N.A.) (N.A.,2021-02,925.47,,925.47,321.15,,,2025-07,30.62,ongoing_census,2024-09
N24001432,"FLYOVER AT BORAGAON, GORCHUK, 12/2021 AND BASISTHA JUNCTION ON BYPASS SECTION FROM KM",ROAD TRANSPORT AND HIGHWAYS,Assam,NHAI,2021-12,300.0,,300.0,297.62,,2024-03,2024-08,100.0,ongoing_census,2024-09
N24001434,BRIDGE 8/2021,ROAD TRANSPORT AND HIGHWAYS,Assam,NHIDCL) (N.A.) (N.A.,2021-08,746.76,,,292.37,,,,57.74,ongoing_census,2024-09
N24001450,KATHKATI PACKAGE-6 9/2021,ROAD TRANSPORT AND HIGHWAYS,Assam,NHIDCL) (N.A.) (N.A.,2021-09,625.64,,,457.7,,,,82.62,ongoing_census,2024-09
N24001451,BYPASS 3/2022,ROAD TRANSPORT AND HIGHWAYS,Assam,,2022-03,215.27,,215.27,146.02,,,2024-08,97.94,ongoing_census,2024-09
N24001452,BYPASS 4/2022,ROAD TRANSPORT AND HIGHWAYS,Assam,NHIDCL,2022-04,170.95,,170.95,125.71,,,2024-08,100.0,ongoing_census,2024-09
N24001537,KATHKATI PACKAGE-7 11/2021,ROAD TRANSPORT AND HIGHWAYS,Assam,NHIDCL) (N.A.) (N.A.,2021-11,204.1,,,125.63,,,,81.78,ongoing_census,2024-09
N24001544,LANING OF SRIRAMPUR-DHUBRI 3/2022,ROAD TRANSPORT AND HIGHWAYS,Assam,NHIDCL,2022-03,909.02,,909.02,388.98,,,2025-01,76.17,ongoing_census,2024-09
N24001545,"STANDALONE FLYOVERS AT RAHA, 8/2022 BORGHAT, KATHIATALI AND ROB AT JAGIROAD ON",ROAD TRANSPORT AND HIGHWAYS,Assam,NHAI,,175.0,,175.0,178.56,,2024-09,2024-06,98.13,ongoing_census,2024-09
N24001547,WORK OF 4L OF 3/2022 JATINGA JUNCTION- ROAD SECTION FROM KM TO KM 49.23,ROAD TRANSPORT AND HIGHWAYS,Assam,N.A.) (N.A.,2022-03,1909.98,,1909.98,394.71,,,2026-01,48.37,ongoing_census,2024-09
N24001548,"STANDALONE FLYOVERS AT 3/2022 CHAPAGURI, PATHSALA, CHOWK AND BAIHATA JUNCTI",ROAD TRANSPORT AND HIGHWAYS,Assam,NHAI,2022-03,457.72,,457.72,252.91,,,2024-12,85.0,ongoing_census,2024-09
N24001549,(KM. 0.000) TO 7/2017 (KM. 30.000) OF BIJNI TO BENGAL BORDER OF NH,ROAD TRANSPORT AND HIGHWAYS,Assam,Jul-24) (N.A.,2017-07,442.23,,442.23,265.19,,2024-07,2024-07,100.0,ongoing_census,2024-09
N24001832,- DHUBRI PKG-1 3/2022 BYPASS 1/2023,ROAD TRANSPORT AND HIGHWAYS,Assam,NHIDCL) (N.A.) (N.A.,2022-03,613.89,,613.89,17.09,,,2025-12,9.23,ongoing_census,2024-09
N24001840,OF MANGALDOI 3/2022 (NH-15) STARTING AT CH 26+400 TERMINATING AT CH 41+505 RA,ROAD TRANSPORT AND HIGHWAYS,Assam,N.A.) (N.A.,2022-03,535.03,,535.03,4.07,,,2025-04,10.6,ongoing_census,2024-09
N24001969,AND UPGRADATION TO TWO 3/2023 WITH PAVED SHOULDERS ROAD TAMENGLONG TO MAHUR (NH- I,ROAD TRANSPORT AND HIGHWAYS,Assam,NHIDCL,,904.04,,904.04,281.73,,,2025-08,37.01,ongoing_census,2024-09
N24001970,AND UPGRADATION TO TWO 3/2023 WITH PAVED SHOULDERS ROAD TAMENGLONG TO MAHUR (NH- IN,ROAD TRANSPORT AND HIGHWAYS,Assam,N.A.) (N.A.,,860.37,,860.37,267.62,,,2025-08,37.12,ongoing_census,2024-09
N24001971,AND UPGRADATION TO TWO 3/2023 WITH PAVED SHOULDERS ROAD TAMENGLONG TO MAHUR (NH- IN,ROAD TRANSPORT AND HIGHWAYS,Assam,N.A.) (N.A.,,890.33,,890.33,326.53,,,2025-08,33.78,ongoing_census,2024-09
N24001972,TO 4-LANE 3/2023 PAVED SHOULDER FROM KM (KANDULIJAN GAON) TO KM (SI,ROAD TRANSPORT AND HIGHWAYS,Assam,NHIDCL,2023-03,609.16,,609.16,182.45,,,2026-04,51.25,ongoing_census,2024-09
N24001973,TO 4-LANE 3/2023 PAVED SHOULDER FROM KM (SIMEN CHAPORI) TO KM 55+000,ROAD TRANSPORT AND HIGHWAYS,Assam,N.A.) (N.A.,2023-03,562.05,,562.05,165.88,,,2026-02,50.16,ongoing_census,2024-09
N24002022,ROAD PKG-8 3/2023 ROAD PKG-9 3/2023,ROAD TRANSPORT AND HIGHWAYS,Assam,NHIDCL) (N.A.) (N.A.,2023-03,1457.59,,1457.59,349.64,,,2026-12,23.67,ongoing_census,2024-09
N24002023,ROAD PKG-10 3/2023,ROAD TRANSPORT AND HIGHWAYS,Assam,NHIDCL) (N.A.) (N.A.,2023-03,1264.9,,,269.25,,,,11.97,ongoing_census,2024-09
N24002024,BYPASS OF DABOKA - 1/2023 PKG -1,ROAD TRANSPORT AND HIGHWAYS,Assam,NHIDCL,2023-01,516.88,,516.88,152.6,,,2025-11,41.3,ongoing_census,2024-09
N24002025,LANE WITH PAVED SHOULDER FROM 1/2023 16+900 (BOGAPANI) TO KM 27+150 GAON) ON EXISTING DIBRUGARH,ROAD TRANSPORT AND HIGHWAYS,Assam,NHIDCL,,356.65,,356.65,115.18,,,2025-12,5.05,ongoing_census,2024-09
N24002026,LANE WITH PAVED SHOULDER FROM 3/2023 27+150 (GOLAI GAON) TO KM 47+682 ON EXISTING DIBRUGARH TO,ROAD TRANSPORT AND HIGHWAYS,Assam,N.A.) (N.A.,,643.42,,643.42,65.32,,,2025-12,8.35,ongoing_census,2024-09
N24002030,OF EXTERNAL TRUNK 2/2020 AND INTERNAL WORKS AT MULTI LOGISTIC,ROAD TRANSPORT AND HIGHWAYS,Assam,NHIDCL,2020-02,592.06,,592.06,291.85,,,2024-10,97.9,ongoing_census,2024-09
N24002127,VAIRENGTE SAIRANG ROAD 2/2023,ROAD TRANSPORT AND HIGHWAYS,Assam,N.A.) (N.A.,,1256.9,,1256.9,313.76,,,2026-07,12.11,ongoing_census,2024-09
N24002128,VAIRENGTE SAIRANG ROAD 3/2023,ROAD TRANSPORT AND HIGHWAYS,Assam,NHIDCL,,1716.21,,1716.21,731.85,,,2026-08,28.42,ongoing_census,2024-09
N24002129,LANNING OF BADARPUR BYPASS 2/2023 DESIGN CHAINAGE KM 27+300 AT WITH NH-6,ROAD TRANSPORT AND HIGHWAYS,Assam,NHIDCL,,574.26,,574.26,172.77,,,2026-08,18.3,ongoing_census,2024-09
N24002130,MAHUR ROAD PKG-7 12/2023,ROAD TRANSPORT AND HIGHWAYS,Assam,NHIDCL) (N.A.) (N.A.,2023-12,846.82,,,278.53,,,,29.35,ongoing_census,2024-09
N24002154,OF 4-LANE 3/2023 BYPASS FROM DESIGN KM 15+500 ON NH-37 (OLD NH- AT KALIN,ROAD TRANSPORT AND HIGHWAYS,Assam,NHIDCL,2023-03,728.97,,728.97,88.64,,,2027-02,0.0,ongoing_census,2024-09
N24002155,TO 4-LANE 3/2023 PAVED SHOULDER FROM KM (NAGABANG GAMSUK) TO KM (OY,ROAD TRANSPORT AND HIGHWAYS,Assam,N.A.) (N.A.,2023-03,665.47,,665.47,73.01,,,2027-03,0.0,ongoing_census,2024-09
N04000082,OF NEW DORNESTIC 5/2018 BUILDING AND OTHER PHASE I AND II,CIVIL AVIATION,Bihar,Dec-24) (N.A.,2018-05,1216.9,,1216.9,797.98,,2024-12,2024-12,72.62,ongoing_census,2024-09
N04000112,"OF NEW 7/2024 ENCLAVE AT DARBHANGA, BIHAR. CONSTRUCTION OF NEW TERMINAL",CIVIL AVIATION,Bihar,AAI,,911.66,,911.66,0.0,,,2026-07,0.0,ongoing_census,2024-09
N28000100,OF ACADEMIC AND 2/2016 COMPLEX UNDER PHASE- FOR THE CAMPUS OF IIT PATNA,DEPARTMEN T OF HIGHER EDUCATION,Bihar,Jan-24) (496.00,,496.18,496.0,460.0,390.15,,2024-01,2024-01,100.0,ongoing_census,2024-09
N42000009,CAMPUS FOR IIM BODH 9/2018 EDUCATION),DEPARTMEN T OF HIGHER EDUCATION,Bihar,,2018-09,375.0,,375.0,327.75,,,2020-09,98.9,ongoing_census,2024-09
N16000386,REFINERY CAPACITY 1/2020 FROM 6.0 TO 9.0 MMTPA,PETROLEUM,Bihar,IOCL,2020-01,14810.0,,14810.0,9640.59,,2024-12,2025-12,79.6,ongoing_census,2024-09
N16000423,"PROJECT AT KHAGARIA, SAHARSA 6/2019 MADHEPURA",PETROLEUM,Bihar,IOCL,2019-06,163.0,,163.0,83.69,,2030-03,2030-03,23.5,ongoing_census,2024-09
N16000453,OF BITUMEN 1/2022 UNIT ALONG WITH FACILITIES AT BARAUNI,PETROLEUM,Bihar,IOCL,2022-01,389.0,,389.0,22.13,,,2025-04,18.7,ongoing_census,2024-09
N16000523,GAS DISTRIBUTION PROJECTS AT 12/2022 SIWAN WEST CHAMPARAN CHAMPARAN AND DEORIA,PETROLEUM,Bihar,N.A.) (N.A.,,3919.0,,3919.0,186.17,,,2030-06,12.5,ongoing_census,2024-09
N16000524,"GAS DISTRIBUTION PROJECTS AT 12/2022 MADHUBANI, SUPAUL, AND SHEOHAR DISTRICTS",PETROLEUM,Bihar,N.A.) (N.A.,,3638.0,,3638.0,210.71,,,2030-03,12.9,ongoing_census,2024-09
N18000194,STPP(3X660MW) NTPC 2/2005 THERMAL POWER PLANT (1320 3/2019,POWER,Bihar,SJVN,2005-02,8692.97,21312.11,21312.11,22311.28,,2023-07,2024-11,90.0,ongoing_census,2024-09
220100240,4/1997,RAILWAYS,Bihar,N.A.) (967.29,1997-04,324.73,967.29,1250.0,1236.75,,,2023-12,99.0,ongoing_census,2024-09
220100257,ASTHAN (NL) 4/1997,RAILWAYS,Bihar,ECR) (N.A.) (614.45,1997-04,162.87,614.45,614.45,454.81,1997-04,,2026-12,50.0,ongoing_census,2024-09
220100303,"VIA VAISHALI (NL), 4/2003",RAILWAYS,Bihar,ECR,2003-04,528.65,2087.36,2087.36,2010.32,2003-04,,2024-12,48.0,ongoing_census,2024-09
N22000087,"B.G. LINE FROM ARARIA TO 9/2006 (THAKURGUNG), NEFR",RAILWAYS,Bihar,NFR,2006-09,532.87,2132.03,4415.08,2832.81,,,2025-06,81.0,ongoing_census,2024-09
N22000171,ROAD (NL) 4/1999,RAILWAYS,Bihar,ECR) (N.A.) (735.20,1999-04,325.0,735.2,,578.17,1999-04,,,78.0,ongoing_census,2024-09
N22000180,(NL) 4/2008 AND JHANJHARPUR- 4/2004 AND SAHARSA- (GC),RAILWAYS,Bihar,ECR,2008-04,1605.17,1605.17,1605.17,1390.28,2008-04,,2025-01,26.0,ongoing_census,2024-09
N22000181,INCLUDING 4/2009 BIJALPURA- GC,RAILWAYS,Bihar,ECR,2009-04,548.0,548.0,783.83,544.31,,,2026-03,78.0,ongoing_census,2024-09
N22000329,5/2015,RAILWAYS,Bihar,ECR,2015-05,380.0,519.33,,543.01,2015-05,,,62.0,ongoing_census,2024-09
N22000349,- GAYA DOUBLING PROJECT 12/2015,RAILWAYS,Bihar,,2015-12,1200.2,1200.2,,1719.05,,,,96.0,ongoing_census,2024-09
N22000350,DUMRA - TAL - RAJENDRAPUL 12/2015 INCLUDING GANGA BRIDGE,RAILWAYS,Bihar,ECR,2015-12,1491.47,1491.47,1600.0,1647.46,,,2025-05,77.0,ongoing_census,2024-09
N22000472,VALMIKINAGAR DOUBLING 4/2016 KM,RAILWAYS,Bihar,ECR,2016-04,744.04,1215.54,1215.54,1415.3,,,2024-12,85.0,ongoing_census,2024-09
N22000473,SAGAULI DOUBLING 4/2016 KM,RAILWAYS,Bihar,ECR,2016-04,731.64,1185.73,1300.0,1393.52,,,2024-09,80.0,ongoing_census,2024-09
N22000476,INCL. MM FOR 4/1991 OF NEW LINE FORM DANIYAWAN-,RAILWAYS,Bihar,ECR,1991-04,329.39,803.09,2722.16,2583.23,1991-04,,2024-12,90.0,ongoing_census,2024-09
N22000523,- BYPASS LINE 6/2019 SHISHO HALT AND EXCL DARBHANGA YARD KM),RAILWAYS,Bihar,N.A.) (253.23,2019-06,983.62,253.23,415.0,382.48,,,2024-09,80.0,ongoing_census,2024-09
N22000524,BACHWARA 3RD AND 4TH 7/2022,RAILWAYS,Bihar,ECR,,486.0,,486.0,97.6,,,2025-06,30.0,ongoing_census,2024-09
N22000526,- BATIA (UMBRELLA WORK 2/2019,RAILWAYS,Bihar,ECR,2019-02,496.47,,496.47,2.53,,,2027-03,0.0,ongoing_census,2024-09
N22000528,BYE PASS LINE FROM 10/2022 TO BAGHA BISHUNPUR,RAILWAYS,Bihar,ECR,2022-10,234.0,223.69,223.69,15.16,,,2025-06,0.0,ongoing_census,2024-09
N22000570,& KATIHAR- 8/2022 (64.5 KM) (UMBRELLA WORK,RAILWAYS,Bihar,N.A.) (N.A.,2022-08,745.0,,745.0,0.0,,,2027-08,0.0,ongoing_census,2024-09
N24000187,8/2010 OF CHAPRA-HAJIPUR 1/2011,ROAD TRANSPORT AND HIGHWAYS,Bihar,NHAI) (Dec-24) (N.A.,2010-08,671.3,,671.3,1830.13,,2024-12,2024-12,97.15,ongoing_census,2024-09
N24000382,AND UPGRADING TO 2 1/2014 LANE WITH PAVED SHOULDERS OF BIRPUR - BIHPUR,ROAD TRANSPORT AND HIGHWAYS,Bihar,Dec-24) (780.77,,675.0,780.77,780.77,702.2,,2024-12,2024-12,87.82,ongoing_census,2024-09
N24000480,OF SIMARIA - KHAGARIA SECTION 12/2015 NH-31,ROAD TRANSPORT AND HIGHWAYS,Bihar,NHAI,,1041.1,567.0,639.58,553.73,,2022-07,2025-03,97.27,ongoing_census,2024-09
N24000507,LANING OF BAKHTIYARPUR - 12/2015 SECTION OF NH-31,ROAD TRANSPORT AND HIGHWAYS,Bihar,NHAI,,1167.45,,1182.94,735.99,,,2024-12,94.25,ongoing_census,2024-09
N24000531,AND UPGRADING TO 2 2/2016 LANE WITH PAVED SHOULDERS 40 TO KM 219.945) OF NH-104,ROAD TRANSPORT AND HIGHWAYS,Bihar,Sep-24) (503.28,,319.68,503.28,503.28,430.14,,2024-09,2024-09,99.0,ongoing_census,2024-09
N24000576,OF REHABILITATION 2/2016 UPGRADING TO 2 LANES/2 LOT-I-KM 40.00 TO KM 65.400 K,ROAD TRANSPORT AND HIGHWAYS,Bihar,MoRTH,2016-02,178.85,225.06,278.54,232.61,,2024-09,2024-09,98.0,ongoing_census,2024-09
N24000578,AND CONSTRUCTION 2/2016 REHABILITATION AND UPGRADING 2 LANES/2 LANE(FOR LOT-III-KM 156.5,ROAD TRANSPORT AND HIGHWAYS,Bihar,Sep-24) (706.39,2016-02,553.3,706.39,706.39,607.49,,2024-09,2024-09,98.0,ongoing_census,2024-09
N24000579,LANING OF GAYA-HISUA-RAJGIRI- 1/2014 SECTION TO 92.935) ON NH-82 IN BIHAR,ROAD TRANSPORT AND HIGHWAYS,Bihar,MoRTH,2014-01,1408.85,2138.16,2138.16,1703.04,,2024-12,2024-12,96.0,ongoing_census,2024-09
N24000665,WITH PAVED SHOULDER 3/2017 MAHSHKUNT-SAHARSA-PURNEA FROM EXISTING KM.89.020,ROAD TRANSPORT AND HIGHWAYS,Bihar,NHAI,2017-03,672.89,736.01,830.31,566.83,,2025-03,2025-03,75.14,ongoing_census,2024-09
N24000696,LANNING OF AUNTA-SIMARIA(GANGA 8/2017 WITH APPROACH ROADS) OF NH-31,ROAD TRANSPORT AND HIGHWAYS,Bihar,NHAI,2017-08,950.64,1161.0,1168.33,980.81,,2023-08,2025-03,83.95,ongoing_census,2024-09
N24000714,OF NEW LINK (NH-133B) 12/2017 KM 0/00 (KM 200/87 OF SAHIBANJ IN JHARKHAND TO KM 15,ROAD TRANSPORT AND HIGHWAYS,Bihar,NHAI,2017-12,2598.0,,1962.5,1249.32,,2025-04,2025-06,68.33,ongoing_census,2024-09
N24000723,AND UPGRADATION OF 1/2018 LANING OF MAHESHKHUNT - - PURNEA SECTION PKG - I,ROAD TRANSPORT AND HIGHWAYS,Bihar,Dec-19) (644.50,,573.7,644.5,726.99,468.93,,2019-12,2025-03,75.58,ongoing_census,2024-09
N24000813,OF NEWLY DECLARED 3/2018 FROM MAJHAULI TO CHAROUT TO 2 LANE WITH PAVED,ROAD TRANSPORT AND HIGHWAYS,Bihar,NHAI,2018-03,496.2,470.18,537.17,368.86,,2024-12,2024-12,94.37,ongoing_census,2024-09
N24000943,OF A NEW 4 LANE 9/2018 BRIDGE ACROSS RIVER KOSI AT INCLUDING RHABILITATION,ROAD TRANSPORT AND HIGHWAYS,Bihar,Feb-26) (N.A.,2018-09,1478.4,,1478.4,806.35,,2026-02,2026-02,58.15,ongoing_census,2024-09
N24001201,OF A NEW 4 LANE 2/2019 PARALLEL TO EXISTING MG WITH ITS APPROACHES FROM 0.00,ROAD TRANSPORT AND HIGHWAYS,Bihar,N.A.) (N.A.,2019-02,2926.42,,2926.42,970.95,,,2026-02,47.0,ongoing_census,2024-09
N24001303,WORK OF 4- LANING OF 10/2013 SECTION (KM. 0.00 KM. 127.217) OF NH-83 IN THE STAT,ROAD TRANSPORT AND HIGHWAYS,Bihar,NHAI,,649.9,,750.0,711.53,,2024-12,2024-12,98.3,ongoing_census,2024-09
N24001304,WORK OF 4- LANING OF 10/2013 SECTION (KM. 39.00 KM. 83.00) OF NH-83 IN THE STATE,ROAD TRANSPORT AND HIGHWAYS,Bihar,Dec-24) (598.48,,446.97,598.48,740.5,638.8,,2024-12,2024-12,96.3,ongoing_census,2024-09
N24001305,WORK OF 4- L ANING OF 10/2013 SECTION (KM.83.00 KM. 127.217) OF NH-83 IN THE STA,ROAD TRANSPORT AND HIGHWAYS,Bihar,NHAI,,464.09,605.53,765.12,698.25,,2024-12,2024-12,97.3,ongoing_census,2024-09
N24001371,OF 2 LANE BRIDGE 10/2019 RIVER KOSI WITH APPROACH FROM BHEJA TO BAKAUR OF N,ROAD TRANSPORT AND HIGHWAYS,Bihar,Dec-24) (N.A.,2019-10,1101.99,,1101.99,772.33,,2024-12,2024-12,66.12,ongoing_census,2024-09
N24001697,GREENFIELD ALIGNMENT FROM 2/2023 TO TAL DASHRAHA OF NH- (PKG-III),ROAD TRANSPORT AND HIGHWAYS,Bihar,NHAI,2023-02,1358.0,,1358.0,146.66,,,2025-12,11.5,ongoing_census,2024-09
N24001698,LANING OF MUNGER TO 8/2022 (NH-80) SECTION FROM RASULPUR TO MIRZACHAUKI CH,ROAD TRANSPORT AND HIGHWAYS,Bihar,NHAI,2022-08,1198.02,,1198.02,0.0,,,2024-08,0.0,ongoing_census,2024-09
N24001699,OF 4 LANE ELEVATED 3/2022 AND AT- GRADE AT BEGUSARAI TOWN OF NH-3,ROAD TRANSPORT AND HIGHWAYS,Bihar,N.A.) (N.A.,2022-03,312.58,,312.58,135.11,,,2025-03,57.4,ongoing_census,2024-09
N24001700,LANNING OF AURANGABAD TO 12/2021 BORDER SECTION NH-19 (OLD NH-2) FROM KM. 209.827,ROAD TRANSPORT AND HIGHWAYS,Bihar,NHAI,,552.55,553.0,553.0,414.79,,2024-12,2024-12,54.95,ongoing_census,2024-09
N24001701,LANING OF MUNGER TO 4/2022 (NH-80) SECTION FROM OF EXISTING BHAGALPUR TO RASU,ROAD TRANSPORT AND HIGHWAYS,Bihar,N.A.) (N.A.,2022-04,1769.5,,1769.5,0.0,,,2024-04,0.0,ongoing_census,2024-09
N24001702,OF 4 LANE ELEVATED 12/2021 AND AT-GRADE AT GOPALGANJ TOWN DESIGN CH:,ROAD TRANSPORT AND HIGHWAYS,Bihar,NHAI,2021-12,184.9,185.0,185.0,163.01,,,2024-09,86.8,ongoing_census,2024-09
N24001703,L OF AURANGABAD TO BIHAR- 2/2022 BORDER (CHORDAHA) FROM KM. 180.000 TO KM. OF N,ROAD TRANSPORT AND HIGHWAYS,Bihar,N.A.) (787.00,2022-02,786.81,787.0,787.0,0.0,,,2025-05,0.0,ongoing_census,2024-09
N24001704,LANING OF MUNGER TO 3/2021 (NH-80) SECTION FROM VILLAGE JUNCTION TO START EXISTI,ROAD TRANSPORT AND HIGHWAYS,Bihar,NHAI,2021-03,1020.84,,1020.84,84.78,,2024-12,2024-12,0.0,ongoing_census,2024-09
N24001705,LANING OF MUNGER TO 3/2022 (NH-80) SECTION FROM TO KHARIA VILLAGE JUNCTION C,ROAD TRANSPORT AND HIGHWAYS,Bihar,Dec-24) (N.A.,2022-03,1485.66,,1485.66,0.0,,2024-12,2024-12,0.0,ongoing_census,2024-09
N24001706,LANING OF GALGALIA - BAHADURGANJ 3/2021 FROM KM 0.000 TO KM 49.000 OF NH-327E.,ROAD TRANSPORT AND HIGHWAYS,Bihar,NHAI,2021-03,1097.18,1097.0,1097.0,518.04,,2024-12,2024-12,99.79,ongoing_census,2024-09
N24001707,LANING OF BAHADURGANJ ARARIA 3/2021 FROM KM 49.000 TO KM 94.000 OF NH-327E,ROAD TRANSPORT AND HIGHWAYS,Bihar,NHAI,2021-03,1143.46,1143.46,1143.46,487.45,,2024-12,2024-12,97.8,ongoing_census,2024-09
N24001708,RAJAULI PKG-III FROM 9/2020 101.630 TO KM 152.520 NH20,ROAD TRANSPORT AND HIGHWAYS,Bihar,N.A.) (N.A.,,2156.22,,2156.22,2134.67,,,2024-12,96.57,ongoing_census,2024-09
N24001709,RAJAULI PKG-II FROM 9/2020 54.405 TO KM 101.630 NH20,ROAD TRANSPORT AND HIGHWAYS,Bihar,NHAI,,897.45,,1090.0,1037.63,,2024-12,2024-12,97.85,ongoing_census,2024-09
N24001710,LANING FROM KM. 34.600 TO KM. 9/2020 and 2LPS FROM KM. 79.970 TO KM. OF NARENPUR - PURNEA S,ROAD TRANSPORT AND HIGHWAYS,Bihar,NHAI,2020-09,2334.68,2494.2,2494.2,913.7,,2024-12,2024-12,99.2,ongoing_census,2024-09
N24001711,OF KANHAULI RAMNAGAR PATNA 9/2020 ROAD PKG I FROM KM 0.000 TO KM OF SH78 NEW NH131G,ROAD TRANSPORT AND HIGHWAYS,Bihar,NHAI,2020-09,939.43,,939.43,370.62,,2024-12,2024-12,100.0,ongoing_census,2024-09
N24001712,LANING OF PARARIA TO MOHANIA 8/2020 OF NH 319 (OLD NH 30) FROM 54+530 (DESIGN CHAINAGE) TO,ROAD TRANSPORT AND HIGHWAYS,Bihar,NHAI,2020-08,690.0,,690.0,770.73,,2024-12,2024-12,98.65,ongoing_census,2024-09
N24001715,WORK OF TWO LANING WITH 12/2018 SHOULDER OF MOTIHARI- RAXAUL OF NH-28A FRO,ROAD TRANSPORT AND HIGHWAYS,Bihar,N.A.) (466.59,,333.6,466.59,461.41,460.38,,,2024-01,100.0,ongoing_census,2024-09
N24001870,IMPROVEMENT TO TWO LANE WITH 2/2022 SHOULDERS OF NH 122B FROM 29.730 TO KM 72.348 IN STATE OF BIH,ROAD TRANSPORT AND HIGHWAYS,Bihar,MoRTH,,624.43,,624.43,188.9,,2025-03,2025-03,68.0,ongoing_census,2024-09
N24001875,AND STRENTHENING FROM 3/2021 70.15 TO KM 121.025 OF NH-80,ROAD TRANSPORT AND HIGHWAYS,Bihar,Mar-25) (N.A.,,477.54,,477.54,215.22,,2025-03,2025-03,56.92,ongoing_census,2024-09
N24001876,and STRENTHENING FROM 3/2021 TO KM 190.15 NH-80,ROAD TRANSPORT AND HIGHWAYS,Bihar,MoRTH,,566.15,,566.15,159.74,,2025-06,2025-06,35.1,ongoing_census,2024-09
N24001877,OF NEW 4-LANE 7/2020 (PARALLEL TO EXISTING SETU)FROM KM 8+920 KM 13+375,ROAD TRANSPORT AND HIGHWAYS,Bihar,MoRTH,2020-07,1110.23,,1110.23,263.84,,,2027-05,28.5,ongoing_census,2024-09
N24001878,IMPROVEMENT TO TWO LANE WITH 2/2022 SHOULDERS OF NH-319A FROM 0 TO KM 45 IN STATE OF BIHAR,ROAD TRANSPORT AND HIGHWAYS,Bihar,MoRTH,,427.29,,427.29,166.86,,2025-03,2025-03,55.9,ongoing_census,2024-09
N24001879,OF PROPOSED 4_LANE 3/2022 BYPASS NH-19 IN THE OF BIHAR ON EPC MODE,ROAD TRANSPORT AND HIGHWAYS,Bihar,MoRTH,,295.24,,295.24,31.83,,,2025-07,27.4,ongoing_census,2024-09
N24002062,OF 6- LANE BRIDGE 3/2023 ITS APPROACHES ACROSS RIVER AS PART OF PATNA RING ROAD,ROAD TRANSPORT AND HIGHWAYS,Bihar,N.A.) (N.A.,2023-03,3012.27,,3012.27,0.0,,,2027-09,0.0,ongoing_census,2024-09
N24002063,WORK - WB-10 (GANDAK 12/2021 KM 402.00 TO KM 440.00,ROAD TRANSPORT AND HIGHWAYS,Bihar,DEVANPUR - KOTWA,2021-12,210.05,,210.05,100.28,,,2025-06,68.58,ongoing_census,2024-09
N24002064,RECTIFICATION OF 3 NOS. 12/2022 BLACK SPOTS IN PROJECT HIGHWAY OF U.P BORDER - DEWAPUR -,ROAD TRANSPORT AND HIGHWAYS,Bihar,N.A.) (N.A.,,381.8,,381.8,32.97,,,2025-12,16.01,ongoing_census,2024-09
N24002065,GREENFIELD ALIGNMENT OF AMAS 2/2022 SHIVRAMPUR FROM 0.000 KM. TO KM. OF NH 119 D (PKG-I),ROAD TRANSPORT AND HIGHWAYS,Bihar,NHAI,,1390.92,,1390.92,150.71,,,2025-03,8.17,ongoing_census,2024-09
N24002066,GREENFIELD ALIGNMENT OF 2/2022 TO RAMNAGAR FROM KM. TO KM. 109.300 OF NH 119 D (PKG-,ROAD TRANSPORT AND HIGHWAYS,Bihar,NHAI,2022-02,1494.31,,1494.31,38.28,,,2025-07,4.59,ongoing_census,2024-09
N24002133,OF 2 LANE WITH PAVED 3/2021 OF STRETCH FROM DAWATH MELAYABAGH -DUM,ROAD TRANSPORT AND HIGHWAYS,Bihar,MoRTH,,178.63,,178.63,54.73,,,2025-06,46.0,ongoing_census,2024-09
N28000148,METRO RAIL CORPORATION 2/2019 METRO RAI),URBAN DEVELOPME NT,Bihar,,2019-02,13365.77,,13925.5,2710.21,,,2024-09,38.67,ongoing_census,2024-09
N30000026,NETWORK SPS AND STP 3/2018,WATER RESOURCES,Bihar,BUIDCO,2018-03,230.06,,230.06,234.0,,2019-12,2024-09,96.0,ongoing_census,2024-09
N30000027,AND D AND STP WORKS FOR 10/2017,WATER RESOURCES,Bihar,Nov-20) (413.29,2017-10,254.13,413.29,413.29,120.95,,2020-11,2024-10,83.0,ongoing_census,2024-09
N30000028,AND D AND STP AT CHAPPRA 11/2018,WATER RESOURCES,Bihar,BUIDCO) (N.A.) (N.A.,2018-11,236.15,,,142.08,,,,100.0,ongoing_census,2024-09
N30000035,NETWORKS SPS AND STP 3/2018,WATER RESOURCES,Bihar,,,305.19,,305.19,311.42,,2018-03,2024-09,90.0,ongoing_census,2024-09
N30000036,"NETWORKS, SPS AND STP, 3/2018",WATER RESOURCES,Bihar,Mar-18) (350.79,,294.02,350.79,522.85,406.16,,2018-03,2024-06,100.0,ongoing_census,2024-09
N30000037,SYSTEM WITH SEWER 12/2014 PATNA BEUR,WATER RESOURCES,Bihar,BUIDCO,2014-12,225.77,,398.9,363.79,,,2022-06,100.0,ongoing_census,2024-09
N30000040,SEWER NETWORK PATNA 4/2015 SCHEME AT PAHARI ZONE V 5/2017,WATER RESOURCES,Bihar,BUIDCO) (N.A.) (N.A.,2015-04,268.63,364.0,493.85,489.65,,2017-05,2022-06,100.0,ongoing_census,2024-09
N30000043,TREATMENT PLANT AT 5/2017 PATNA,WATER RESOURCES,Bihar,BUIDCO,,191.62,,191.62,123.27,,2017-05,2022-05,100.0,ongoing_census,2024-09
N30000044,SYSTEM WITH SEWER 3/2017 PATNA KARMALICHAK,WATER RESOURCES,Bihar,BUIDCO,2017-03,277.42,253.98,277.42,355.31,,2017-03,2023-02,100.0,ongoing_census,2024-09
N30000050,SYSTEM AND STP FOR 8/2017 ZONE PATNA,WATER RESOURCES,Bihar,BUIDCO,2017-08,578.89,453.83,578.89,150.5,,,2024-09,46.0,ongoing_census,2024-09
N30000051,"SYSTEM AND STP FOR 8/2017 ZONE, PATNA",WATER RESOURCES,Bihar,BUIDCO,2017-08,824.0,734.09,824.0,377.18,,,2024-09,48.0,ongoing_census,2024-09
060100093,EXPANSION OCP (SECL) (35-70) 6/2010,COAL,Chhattisg Arh,N.A.) (N.A.,2010-06,11816.4,,11816.4,6152.08,,,2025-03,77.0,ongoing_census,2024-09
N06000008,EXPN.OCP(SECL)(15-50)MTY 8/2013,COAL,Chhattisg Arh,SECL) (N.A.) (N.A.,2013-08,7612.33,,,4587.59,,,,81.0,ongoing_census,2024-09
N06000045,OCP(15.00MTY) 11/2014,COAL,Chhattisg Arh,SECL) (N.A.) (N.A.,2014-11,1624.59,,,13.65,,,,16.0,ongoing_census,2024-09
N06000104,OC SEAM -III (6.00 MTY) 12/2013,COAL,Chhattisg Arh,SECL,2013-12,610.63,,,568.33,,2025-03,,85.0,ongoing_census,2024-09
N06000123,OC RCE 2/2015,COAL,Chhattisg Arh,SECL) (Mar-26) (N.A.,2015-02,335.97,,,173.32,,2026-03,,42.0,ongoing_census,2024-09
N06000135,OPENCAST PROJECT RCE 7/2015,COAL,Chhattisg Arh,SECL) (Mar-26) (N.A.,,316.1,,,187.5,,2026-03,,65.0,ongoing_census,2024-09
N06000164,OPENCAST PROJECT 5/2018,COAL,Chhattisg Arh,SECL) (N.A.) (N.A.,2018-05,410.26,,,178.9,,,,38.0,ongoing_census,2024-09
N06000166,WEST OPENCAST PROJECT 11/2018,COAL,Chhattisg Arh,SECL,2018-11,366.94,,,30.01,,,,36.0,ongoing_census,2024-09
N06000197,OC EXPANSION (3-10 MTY) 8/2020,COAL,Chhattisg Arh,SECL) (N.A.) (N.A.,2020-08,2309.8,,,844.94,,,,38.0,ongoing_census,2024-09
N06000199,OCP RCE 5/2020 CHIMTAPANI OCP (10 MTY) 12/2020,COAL,Chhattisg Arh,SECL) (Mar-25) (N.A.,2020-05,278.64,,278.64,207.81,,2025-03,2025-03,73.0,ongoing_census,2024-09
N06000200,OC EXPANSION 40 MTY 12/2020,COAL,Chhattisg Arh,SECL,2020-12,5241.4,,,2688.16,,,,30.0,ongoing_census,2024-09
N06000232,OC RCE (3.0 MTY) 7/2016,COAL,Chhattisg Arh,SECL) (Mar-05) (N.A.,2016-07,459.49,,,256.58,,2005-03,,92.0,ongoing_census,2024-09
N06000274,RO UG PROJECT (1.74 MTY) 1/2023,COAL,Chhattisg Arh,SECL,2023-01,329.22,,,0.0,,,,2.0,ongoing_census,2024-09
N28000141,"PERMANENT CAMPUS OF IIT BHILAI 3/2020 KUTHELABHATA, DURG STAGE I PHASE I.",DEPARTMEN T OF HIGHER EDUCATION,Chhattisg Arh,CPWD EDUCATION,,808.62,,808.62,640.7,,,2022-07,93.0,ongoing_census,2024-09
N16000413,OF FACILITIES AT THE 3/2021 RAIPUR DEPOT,PETROLEUM,Chhattisg Arh,HPCL,,456.0,,456.0,336.9,,2025-03,2025-03,82.6,ongoing_census,2024-09
N18000350,REGION EXPANSION SCHEME 2/2023,POWER,Chhattisg Arh,N.A.) (N.A.,,385.84,,385.84,136.71,,,2025-01,50.0,ongoing_census,2024-09
N18000354,SYSTEM ASSOCIATED 3/2023 WESTERN REGION EXPANSION XXVII,POWER,Chhattisg Arh,PGCIL,2023-03,271.69,,271.69,117.04,,,2024-12,54.0,ongoing_census,2024-09
N18000355,SYSTEM ASSOCIATED 3/2023 WESTERN REGION EXPANSION AND XXIX,POWER,Chhattisg Arh,PGCIL,2023-03,260.3,,260.3,106.79,,,2025-03,78.0,ongoing_census,2024-09
N18000381,SUPER THERMAL POWER 8/2023 STAGE-II (2X800 MW),POWER,Chhattisg Arh,BHEL,2023-08,15530.0,,15530.0,709.38,,,2028-06,0.0,ongoing_census,2024-09
N22000484,- JAGDALPUR DOUBLING 12/2012 4TH LINE 4/2015,RAILWAYS,Chhattisg Arh,ECOR) (N.A.) (N.A.,2012-12,1160.0,2135.34,1440.0,1434.16,,2023-12,2024-03,88.5,ongoing_census,2024-09
N22000489,DHARAMJAIGARH WITH SPUR 4/2013 EAST CORRIDOR-PHASE I,RAILWAYS,Chhattisg Arh,IRCON,,3055.0,3438.39,3438.39,3041.21,,,2024-12,93.0,ongoing_census,2024-09
N22000572,conversion of Raipur(Kendri)- 7/2011 and Abhanpur-Rajim branch (67.20,RAILWAYS,Chhattisg Arh,N.A.) (N.A.,2011-07,1171.3,,1171.3,469.63,,,2025-02,45.0,ongoing_census,2024-09
N22000573,(14.4 KM) 4TH LINE 9/2022,RAILWAYS,Chhattisg Arh,SECR,,170.49,,170.49,0.1,,,2026-12,0.0,ongoing_census,2024-09
N22000574,LINE - BHATAPARA-HATHBAND (8.8 12/2022 (PB#72/NR/2022-23),RAILWAYS,Chhattisg Arh,SECR,,177.03,,177.03,0.21,,,2026-12,0.0,ongoing_census,2024-09
N22000575,LINE - BHILAI-BHILAI NAGAR (8.8 KM) 9/2022,RAILWAYS,Chhattisg Arh,N.A.) (N.A.,2022-09,169.06,,177.34,0.63,,,2026-09,0.0,ongoing_census,2024-09
N22000576,LINE - DADHAPARA-BELHA (9.2 KM) 9/2022,RAILWAYS,Chhattisg Arh,SECR,2022-09,169.06,,169.06,0.22,,,2026-09,0.0,ongoing_census,2024-09
N22000577,LINE - RAJNANDGAON- 9/2022 (31.2 KM),RAILWAYS,Chhattisg Arh,SECR,2022-09,328.34,,328.34,0.37,,,2026-09,0.0,ongoing_census,2024-09
N22000579,AND 4TH LINE - SARAGBUNDIA AND 9/2022,RAILWAYS,Chhattisg Arh,N.A.) (N.A.,,167.64,,167.64,0.0,,,2026-09,0.0,ongoing_census,2024-09
N22000580,OF BORIDAND - AMBIKAPUR ( 6/2022,RAILWAYS,Chhattisg Arh,SECR,2022-06,1376.2,,775.82,48.71,,,2030-06,5.0,ongoing_census,2024-09
N22000602,- ROWGHAT (95 KM) 3/2008 OF DALLIRAJHARA-JAGDALPUR KM)},RAILWAYS,Chhattisg Arh,RVNL,2008-03,631.78,,1627.56,1323.64,,,2025-06,84.0,ongoing_census,2024-09
N22000616,HALT 10/2018,RAILWAYS,Chhattisg Arh,SECR) (N.A.) (N.A.,2018-10,241.0,,,0.0,,,,0.0,ongoing_census,2024-09
N24001217,AND UPGRADATION OF 1/2016 43 KANKER TO BEDMA SECTION KM. TO 180,ROAD TRANSPORT AND HIGHWAYS,Chhattisg Arh,N.A.) (572.66,,497.14,572.66,572.66,363.29,,,2024-12,57.37,ongoing_census,2024-09
N24001221,AND UPGRADATION OF 1/2016 78 FROM KM 373.505 TO 469.300 TO PATHALGAON SECTION,ROAD TRANSPORT AND HIGHWAYS,Chhattisg Arh,MoRTH,,624.98,731.5,731.5,604.79,,,2024-09,99.0,ongoing_census,2024-09
N24001222,AND UPGRADATION OF 3/2016 78 FROM KM 469.000 TO 531.000 TO KUNKURI,ROAD TRANSPORT AND HIGHWAYS,Chhattisg Arh,N.A.) (N.A.,,452.94,,435.61,292.28,,,2025-03,63.04,ongoing_census,2024-09
N24001227,OF 4 NOS GRADE 3/2018 BETWEEN KM. 281.000 TO 307.600 KM. 286.400 KUMHARI KM.,ROAD TRANSPORT AND HIGHWAYS,Chhattisg Arh,MoRTH,2018-03,349.03,,349.03,316.52,,,2024-09,97.9,ongoing_census,2024-09
N24001228,AND WIDENING OF 11/2017 TO MUNGELI SECTION NH-,ROAD TRANSPORT AND HIGHWAYS,Chhattisg Arh,N.A.) (N.A.,,188.8,,188.8,136.81,,,2024-12,97.0,ongoing_census,2024-09
N24001588,OF SIX LANE SARGI- 12/2021 OF NH 130 CD FROM TO 99+500 UNDER RAIPUR,ROAD TRANSPORT AND HIGHWAYS,Chhattisg Arh,NHAI,2021-12,1470.73,,1470.73,504.46,,,2025-09,52.1,ongoing_census,2024-09
N24001593,OF SIX LANE JHANKI 11/2021 OF NH 130 CD FROM KM.0+000 TO UNDER RAIPUR VISAKHAPATTNA,ROAD TRANSPORT AND HIGHWAYS,Chhattisg Arh,NHAI,2021-11,1368.19,,1368.19,782.5,,,2025-06,76.53,ongoing_census,2024-09
N24001611,LANE OF BILASPUR TO URGA 4/2020 (KM 0.00 TO KM 70.2) OF NH-,ROAD TRANSPORT AND HIGHWAYS,Chhattisg Arh,NHAI,2020-04,1855.59,2523.86,2523.86,388.19,,,2025-09,70.92,ongoing_census,2024-09
N24001917,GRADATION OF NH 930 SHERPAR TO 3/2020 FROM KM 67.880 TO KM 114.860 TWO LANE WITH PAVED SHOULDER,ROAD TRANSPORT AND HIGHWAYS,Chhattisg Arh,MoRTH,,278.97,,278.97,169.62,,,2024-11,71.26,ongoing_census,2024-09
N24001919,GRADATION OF NH 130C ABHANPUR 12/2020 PAUND FROM NK KM 0.000 TO KM. TO TWO LANE WITH PAVED SHOU,ROAD TRANSPORT AND HIGHWAYS,Chhattisg Arh,Nov-24) (N.A.,2020-12,193.16,,193.16,79.16,,2024-11,2024-11,61.3,ongoing_census,2024-09
N24001920,OF NH 130A MUNGELI TO 3/2021 FROM NH KM. 51.600 TO KM. KM. 80.970 TO 96.970 TO 2,ROAD TRANSPORT AND HIGHWAYS,Chhattisg Arh,MoRTH,,218.57,,218.57,91.72,,,2025-01,77.12,ongoing_census,2024-09
N24002017,OF SIX LANE 3/2022 OF NH 130 FROM KM.99+500 TO 124+661 UNDER VIS,ROAD TRANSPORT AND HIGHWAYS,Chhattisg Arh,NHAI,2022-03,1307.16,,1307.16,82.01,,,2026-09,9.8,ongoing_census,2024-09
N24002045,OF 6 LANE DURG 6/2022 ARANG BYPASS PKG 1 OF NH 53 FROM CH 0.000 TO 44.50,ROAD TRANSPORT AND HIGHWAYS,Chhattisg Arh,NHAI,2022-06,1828.0,,1828.0,318.96,,,2025-07,11.76,ongoing_census,2024-09
N24002046,OF 6 LANE DURG 6/2022 ARANG BYPASS PKG 2 SECTION NH 53 FROM CH 44+500 TO I,ROAD TRANSPORT AND HIGHWAYS,Chhattisg Arh,NHAI,2022-06,1958.94,1959.0,1958.94,585.16,,,2025-05,22.1,ongoing_census,2024-09
N12000124,SLURRY PIPE LINE PROJECT - 11/2015,STEEL,Chhattisg Arh,NMDC,,2907.0,,2907.0,2179.24,,2024-07,2025-12,59.2,ongoing_census,2024-09
N12000127,PLANT-III AT KIRANDUL 3/2021,STEEL,Chhattisg Arh,NMDC,2021-03,2092.97,2718.84,,1243.56,,,,63.5,ongoing_census,2024-09
N12000130,OF RESIDENTIAL 7/2021 AT BIOM KIRANDUL COMPLEX,STEEL,Chhattisg Arh,NMDC,2021-07,282.44,,282.44,120.4,,,2025-12,45.0,ongoing_census,2024-09
N12000131,"OF CONVERTER 10/2023 TRUNNION RINGS, SUPPORT AND INSTALLATION OF EMISS",STEEL,Chhattisg Arh,SAIL,2023-10,471.83,,471.83,38.21,,,2026-06,1.9,ongoing_census,2024-09
N12000134,OF COKE OVEN BATTERY 11/2023 AND 8 OF BHILAI STEEL PLANT,STEEL,Chhattisg Arh,SAIL,2023-11,884.1,,884.1,235.69,,,2025-10,43.8,ongoing_census,2024-09
N28000149,QUARTERS (TYPE II- 5/2019 TYPE III-364 TYPE IV-112 TYPE V-68 SHOPS COMMUNI,URBAN DEVELOPME NT,Chhattisg Arh,CPWD,,299.97,299.97,299.97,245.83,,2024-10,2024-10,81.0,ongoing_census,2024-09
N04000076,"OF COMBINED 11/2016 OFFICES FOR DGCA, AAIB, AERA AND AAI AT AIRPOR",CIVIL AVIATION,Delhi,Apr-24) (374.98,2016-11,303.8,374.98,374.98,327.64,,2024-04,2024-04,100.0,ongoing_census,2024-09
N40000002,INTERNATIONAL CONVENTION 11/2017 EXPO CENTRE FOR DPIIT),DPIIT,Delhi,,2017-11,4773.0,,5401.0,4789.71,,,2024-10,97.3,ongoing_census,2024-09
N07000001,"RESIDENTIAL COMPLEX BUILDING 7/2018 CENTRAL BOARD OF INDIRECT AND CUSTOMS AT SECTOR-9,",FINANCE,Delhi,N.A.) (N.A.,2018-07,228.5,,220.27,176.28,,,2022-04,85.0,ongoing_census,2024-09
N28000071,OF CENTRAL ARMED 10/2013 FORCE INSTITUTE OF MEDICAL AT NEW DELHI,HOME AFFAIRS,Delhi,CPWD FOR MHA,,1219.21,2091.53,2091.53,1914.49,,,2024-09,100.0,ongoing_census,2024-09
N45000002,OF HEADQUARTER 6/2019 OF CRPF AT LODHI ROAD DELHI,HOME AFFAIRS,Delhi,CPWD FOR MHA,2019-06,277.35,,277.35,90.58,,,2025-05,54.0,ongoing_census,2024-09
N22000281,VIHAR-TILAK BRIDGE 3RD AND 4/2012 LINE,RAILWAYS,Delhi,N.A.) (N.A.,,295.68,,419.0,133.78,2012-04,,2023-09,30.0,ongoing_census,2024-09
N24001771,LANE ACCESS CONTROLLED OF 6/2020 SAHARANPUR HIGHWAY FROM NH 9 JUNCTION TO DELHI BOR,ROAD TRANSPORT AND HIGHWAYS,Delhi,NHAI,,1479.22,,1479.22,1491.26,,,2024-12,98.0,ongoing_census,2024-09
N24001773,ACCESS CONTROLLED HIGHWAY 5/2020 DND MAHARANI BAGH JN. WITH PUSHTA ROAD OF NH 148NA,ROAD TRANSPORT AND HIGHWAYS,Delhi,NHAI,2020-05,1467.44,,1942.89,913.85,,,2026-01,78.48,ongoing_census,2024-09
N24001777,OF 6L UER-II (PACKAGE- 7/2020 (NH-1 NEAR BAKOLI TILL KARALA ROAD) FROM KM. (-)0.70,ROAD TRANSPORT AND HIGHWAYS,Delhi,NHAI,2020-07,2171.8,,2171.8,958.13,,,2024-09,99.0,ongoing_census,2024-09
N24001778,OF 4L UER II [PACKAGE - 7/2020 (SPUR TO BAHADURGARH BYPASS) FROM KM. 0.00 TO KM.7.30,ROAD TRANSPORT AND HIGHWAYS,Delhi,NHAI,,801.46,,801.46,382.03,,,2024-10,99.33,ongoing_census,2024-09
N24001779,EXPRESSWAY FROM KM -0.600 3/2018 KM 5.300 - PKG-I (SHIVMURTI CHOWK- NEAR DWARKA SECTOR 21),ROAD TRANSPORT AND HIGHWAYS,Delhi,NHAI,,2507.0,,3030.73,1155.7,,,2024-10,85.07,ongoing_census,2024-09
N24001781,OF DWARKA EXPRESSWAY PKG-II 1/2018 NEAR DWARKA SECTOR 21-DL/HR FROM 5.300 KM.TO 9.500 KM. O,ROAD TRANSPORT AND HIGHWAYS,Delhi,N.A.) (N.A.,2018-01,2067.67,,2160.0,1496.49,,,2024-10,95.65,ongoing_census,2024-09
N24001825,OF 6L UER II [PACKAGE - 7/2020 (KARALA KANJHAWALA ROAD TILL - NAJAFGARH ROAD) FROM,ROAD TRANSPORT AND HIGHWAYS,Delhi,NHAI,,1894.96,,1894.96,741.88,,,2024-11,83.63,ongoing_census,2024-09
N28000115,UP PHYSICAL 10/2014 FOR THE NATIONAL OF COMMUNICATION AT GHIT,TELECOMMU NICATIONS,Delhi,N.A.) (N.A.,2014-10,248.2,,248.2,213.22,,,2025-03,98.0,ongoing_census,2024-09
N28000105,MRTS PHASE-III 9/2011 OF GPRA COLONY AT 7/2016 NAGAR,URBAN DEVELOPME NT,Delhi,NBCC,2011-09,38585.0,43095.35,40180.91,40529.39,2016-07,2021-08,2021-08,99.99,ongoing_census,2024-09
N28000128,OF GENERAL POOL 10/2016 COLONY AT NEW DELHI PHASE-I,URBAN DEVELOPME NT,Delhi,N.A.) (N.A.,,1180.0,,1100.8,36.69,,,2024-06,2.0,ongoing_census,2024-09
N28000129,OF GPRA AT 10/2016 NAGAR PHASE I,URBAN DEVELOPME NT,Delhi,CPWD,2016-10,1128.0,,1128.0,550.45,,,2024-06,46.0,ongoing_census,2024-09
N28000135,METRO PHASE IV THREE 7/2019 CORRIDORS,URBAN DEVELOPME NT,Delhi,DMRC,2019-07,24948.65,,24948.65,13014.06,,,2026-03,54.5,ongoing_census,2024-09
N28000136,METRO RAIL EXTENSION FROM 5/2017 TO DHANSA BUS STAND,URBAN DEVELOPME NT,Delhi,DMRC,,565.0,739.49,565.0,521.75,,2022-11,2022-11,100.0,ongoing_census,2024-09
N28000153,"OF 184 MULTI STORIED 1/2022 FOR HON'BLE MPS AT BKS MARG, DELHI",URBAN DEVELOPME NT,Delhi,May-25) (N.A.,,646.52,,646.52,291.91,,2025-05,2025-05,62.0,ongoing_census,2024-09
N28000156,OF GPRA AT NETAJI 10/2016 NEW DELHI PACKAGE 2,URBAN DEVELOPME NT,Delhi,NBCC,,1536.72,,1536.72,305.31,,,2025-03,76.0,ongoing_census,2024-09
N30000014,OF 564 MLD 124 MGD 3/2017 WATER TREATMENT PLANT EFFLUENT STANDARDS OF BOD,WATER RESOURCES,Delhi,DJB,,665.78,,665.78,782.51,,,2024-09,96.0,ongoing_census,2024-09
N30000015,AND UP-GRADATION 5/2016 PHASE I STP 182 MLD R2,WATER RESOURCES,Delhi,DJB,2016-05,211.79,223.7,211.79,208.71,,,2024-02,100.0,ongoing_census,2024-09
N30000016,AND UPGRADATION OF 5/2016 PHASE I STP 45 MLD PHASE II 114 MLD AND PHASE III S,WATER RESOURCES,Delhi,DJB,,239.11,314.71,239.11,268.13,,2023-09,2023-07,100.0,ongoing_census,2024-09
N30000017,OF 318 MLD WWTP 12/2018 10 YEARS O AND M AT PILLAR DELHI,WATER RESOURCES,Delhi,DJB,2018-12,515.07,,515.07,388.08,,,2022-03,100.0,ongoing_census,2024-09
N30000018,NOS PRIORITIZED STPS 1 NO. SPS 5/2017 PERIPHERAL SEWERS IN AREA OF NAJAFHARH DRAIN TO,WATER RESOURCES,Delhi,DJB,,344.81,,344.81,0.0,,,2020-05,0.0,ongoing_census,2024-09
N04000095,EXTENSION OF EXISTING INTEGRATED 11/2017 BUILDING AND ALLIED AT GOA AIRPORT.,CIVIL AVIATION,Goa,N.A.) (N.A.,2017-11,255.69,,255.69,75.31,,,2025-03,56.0,ongoing_census,2024-09
N42000002,"OF PERMANENT 5/2019 FOR NATIONAL INSTITUTE OF GOA AT CUNCOLIM, GOA.",DEPARTMEN T OF HIGHER EDUCATION,Goa,N.A.) (N.A.,2019-05,303.9,,390.4,364.0,,,2024-12,99.3,ongoing_census,2024-09
N16000502,"IPSHEM TO WORLD CLASS 3/2023 OF ONGC, GOA",PETROLEUM,Goa,ONGC,,325.53,,325.53,290.46,,,2024-11,99.1,ongoing_census,2024-09
N24000444,OF BRIDGE INCLUDING 10/2015 ACROSS RIVER ZUARI ON (NH-66) ON PANJIM-MANGALORE,ROAD TRANSPORT AND HIGHWAYS,Goa,,2015-10,936.4,,936.4,770.9,2015-10,2023-09,2023-09,100.0,ongoing_census,2024-09
N24000516,TO 4/6/8 LANES OF EXISTING 12/2015 FROM KM 522/615 (NEAR GMC) TO 530/850 JOINING NEW ZUIAR,ROAD TRANSPORT AND HIGHWAYS,Goa,MoRTH,2015-12,819.95,,819.95,504.65,2015-12,,2023-12,99.0,ongoing_census,2024-09
N24001458,AIRPORT 12/2021,ROAD TRANSPORT AND HIGHWAYS,Goa,MoRTH) (Sep-24) (N.A.,2021-12,1183.16,,,1106.3,,2024-09,,97.0,ongoing_census,2024-09
N02000010,ATOMIC POWER PROJECT - 3 10/2009 4,ATOMIC ENERGY,Gujarat,NPCIL,,11459.0,22517.0,22517.0,21479.0,,,2024-03,100.0,ongoing_census,2024-09
N04000088,"NEW GREENFIELD AIRPORT AT 1/2018 RAJKOT, GUJARAT",CIVIL AVIATION,Gujarat,AAI,,1405.0,,1405.0,1278.77,,2024-05,2024-10,99.9,ongoing_census,2024-09
N04000093,"OF TERMINAL BUILDING, 8/2018 APRON AND CAR PARK AT SURAT",CIVIL AVIATION,Gujarat,AAI,2018-08,353.25,,353.25,341.37,,,2024-10,98.0,ongoing_census,2024-09
N04000099,"DEVELOPMENT OF NEW GREENFIELD 6/2022 AT DHOLERA, AHMEDABAD PHASE-1.",CIVIL AVIATION,Gujarat,AAI,2022-06,1305.0,1143.95,1143.95,237.55,,,2025-12,32.0,ongoing_census,2024-09
N16000279,OF SANTHAL FIELD 2/2017,PETROLEUM,Gujarat,ONGC,,1162.56,,,1093.53,,,,89.4,ongoing_census,2024-09
N16000382,OR OXO-ALCOHOL PROJECT 11/2019 GUJARAT REFINERY,PETROLEUM,Gujarat,IOCL,2019-11,5251.0,5894.0,5894.0,4343.11,,2024-03,2024-12,98.4,ongoing_census,2024-09
N16000409,AND LUBE 9/2020 PROJECT AT GUJARAT,PETROLEUM,Gujarat,IOCL,2020-09,18936.0,,18936.0,8884.89,,2025-12,2025-12,75.3,ongoing_census,2024-09
N16000411,OF SALAYA MATHURA 10/2020 OIL PIPELINE SYSTEM,PETROLEUM,Gujarat,Nov-24) (N.A.,2020-10,1614.0,,1614.0,1003.59,,2024-11,2024-11,90.19,ongoing_census,2024-09
N16000431,OF LINCH FIELD 4/2021 OF SOBHASAN 8/2021,PETROLEUM,Gujarat,ONGC) (N.A.) (860.04,2021-04,631.03,860.04,860.04,270.34,,,2025-07,52.2,ongoing_census,2024-09
N16000444,POLYMER FLOODING 1/2022 IN BECHRAJI FIELD,PETROLEUM,Gujarat,N.A.) (N.A.,2022-01,621.4,,621.4,101.03,,,2024-11,19.8,ongoing_census,2024-09
N16000454,OF NEW BITUMEN UNIT 1/2022 WITH ALLIED FACILITIES AT,PETROLEUM,Gujarat,IOCL,,328.0,,328.0,27.86,,,2025-08,20.9,ongoing_census,2024-09
N16000477,"OF GAS TERMINAL, 5/2022 (PART-A), HAZIRA PLANT",PETROLEUM,Gujarat,ONGC,2022-05,249.43,,249.43,98.17,,,2025-02,78.4,ongoing_census,2024-09
N16000481,REDEVELOPMENT PROJECT 8/2022,PETROLEUM,Gujarat,ONGC) (N.A.) (N.A.,2022-08,1487.41,,,733.89,,,,52.0,ongoing_census,2024-09
N16000482,OF TWO PRODUCED 7/2021 TREATMENT PLANTS (PWTP) AT AND SOBHASAN OF,PETROLEUM,Gujarat,N.A.) (N.A.,2021-07,320.2,,187.61,176.01,,,2024-09,100.0,ongoing_census,2024-09
N16000483,PIPE LINE REPLACEMENT (OPRP) 7/2021,PETROLEUM,Gujarat,ONGC,2021-07,173.03,,169.84,120.79,,,2025-07,75.7,ongoing_census,2024-09
N16000514,"OF SV STATIONS, GAS 11/2022 AND KRIBHCO TERMINAL",PETROLEUM,Gujarat,ONGC,2022-11,837.34,,837.34,39.93,,,2026-08,21.0,ongoing_census,2024-09
N18000295,200 MW (GUVNL TENDER) 1/2021,POWER,Gujarat,NTPC) (N.A.) (N.A.,2021-01,842.27,,,494.8,,,,0.0,ongoing_census,2024-09
N18000296,"MW SOLAR PV PROJECT IN 5/2021 (LIMBDI, MESANKA AND",POWER,Gujarat,NTPC,2021-05,674.92,,674.92,457.9,,,2022-09,0.0,ongoing_census,2024-09
N18000297,Solar Power Project 5/2021,POWER,Gujarat,SJVN,2021-05,339.35,,,330.05,,,,51.0,ongoing_census,2024-09
N18000319,WIND ENERGY PROJECT 11/2021,POWER,Gujarat,NTPC,2021-11,937.8,,937.8,690.34,,,2024-06,0.0,ongoing_census,2024-09
N18000345,WIND ENERGY PROJECT 7/2022,POWER,Gujarat,NTPC,2022-07,1316.02,,1316.02,207.34,,,2025-03,0.0,ongoing_census,2024-09
N18000346,1255MW SOLAR PROJECT 9/2022,POWER,Gujarat,KHAWDA SOLAR PARK) (N.A.) (N.A.,2022-09,7179.54,,7179.54,916.13,,,2024-09,0.0,ongoing_census,2024-09
N18000349,SOLAR 300MW (TRANCHE-IV WIND 11/2022 HYBRID),POWER,Gujarat,NTPC,,1442.6,,1442.6,80.6,,,2024-06,0.0,ongoing_census,2024-09
N18000357,OF KHAVDA POOLING 3/2023 3 (KPS3) IN KHAVDA RE PARK,POWER,Gujarat,N.A.) (N.A.,2023-03,922.3,,922.3,259.67,,,2025-02,30.0,ongoing_census,2024-09
N18000358,NETWORK EXPANSION 3/2023 GUJARAT ASSOCIATED WITH OF RE PROJECTS FROM POT,POWER,Gujarat,PGCIL,2023-03,815.12,,815.12,7.99,,,2025-03,26.0,ongoing_census,2024-09
N18000359,GUJARAT- ESTABLISHMENT 3/2023 KHAVDA POOLING STATION-2 (KPS2) KHAVDA RE PARK,POWER,Gujarat,N.A.) (N.A.,2023-03,966.79,,966.79,133.22,,,2025-02,37.0,ongoing_census,2024-09
N18000360,"PHASE-II-PART B, GUJARAT- 3/2023 SCHEME FOR OF 4.5 GW RE INJECTION KHAVDA",POWER,Gujarat,PGCIL,2023-03,1167.55,,1167.55,509.14,,,2025-03,22.0,ongoing_census,2024-09
N18000361,"PHASE-II-PART C, GUJARAT- 3/2023 SCHEME FOR OF 4.5 GW RE INJECTION KHAVDA",POWER,Gujarat,N.A.) (N.A.,2023-03,2820.99,,2820.99,336.1,,,2025-03,19.0,ongoing_census,2024-09
N18000365,1200MW (4X300MW) IN KHAVDA 6/2023 PARK,POWER,Gujarat,NTPC,,6283.81,,6283.81,383.77,,,2024-12,0.0,ongoing_census,2024-09
N18000366,WIND- III (HYBRID TRANCHE-V) 5/2023,POWER,Gujarat,NTPC) (N.A.) (N.A.,2023-05,1095.01,,,119.46,,,,0.0,ongoing_census,2024-09
N18000383,FOR EVACUATION OF POWER FROM 7/2023 RE ZONE IN KHAVDA AREA GUJARAT UNDER PH-IV PART E3,POWER,Gujarat,N.A.) (N.A.,,334.0,,334.0,0.0,,,2025-07,0.0,ongoing_census,2024-09
N18000384,FOR EVACUATION OF ADDITIONAL 12/2023 RE POWER FROM KHAVDA RE UNDER PHASE-III PART B TRA,POWER,Gujarat,N.A.) (N.A.,2023-12,3752.0,,3752.0,187.02,,,2025-12,1.0,ongoing_census,2024-09
N18000390,FOR EVACUATION OF POWER FROM 5/2024 REZ IN KHAVDA AREA UNDER PART E2,POWER,Gujarat,PGCIL,,679.0,,679.0,0.0,,,2026-05,0.0,ongoing_census,2024-09
N22000123,WITH EXTENSION 4/2008 NALIYA TO VAYOR (WR),RAILWAYS,Gujarat,WR,2008-04,318.24,1531.55,1531.55,1317.64,,2026-09,2026-09,86.0,ongoing_census,2024-09
N22000142,4/2011,RAILWAYS,Gujarat,GC) (Oct-25) (844.10,2011-04,844.1,844.1,844.1,540.46,2011-04,2025-10,2025-10,41.0,ongoing_census,2024-09
N22000504,GODHRA DOUBLING PROJECT 79 4/2017,RAILWAYS,Gujarat,,,692.25,692.26,692.26,540.99,,2024-12,2024-12,90.0,ongoing_census,2024-09
N22000505,PALANPUR DOUBLING 4/2018 65.10 KMS,RAILWAYS,Gujarat,WR,2018-04,537.31,537.31,537.31,564.48,,,2024-12,96.0,ongoing_census,2024-09
N22000532,LINE BETWEEN BAREJADI NANDEJ 2/2023 BYPASS).,RAILWAYS,Gujarat,GERATPUR)- SANAND (38.20 KM) (Feb-27) (961.67,2023-02,961.67,961.67,961.67,23.1,,2027-02,2027-02,1.0,ongoing_census,2024-09
N22000533,BETWEEN GANDHIDHAM - 2/2023 WITH Y CONNECTION AT FOR PROVIDING DIRECT ENTRY,RAILWAYS,Gujarat,WR,,152.44,152.44,152.44,23.19,,2025-10,2025-10,5.0,ongoing_census,2024-09
N22000534,(65.1 KM) 9/2020,RAILWAYS,Gujarat,WR) (Oct-24) (N.A.,2020-09,529.3,,,371.32,,2024-10,,97.0,ongoing_census,2024-09
N22000535,(111.20 KM) 10/2021,RAILWAYS,Gujarat,,2021-10,1011.72,1080.58,,841.26,,2025-12,,61.0,ongoing_census,2024-09
N22000537,(54.83 KM) 6/2022,RAILWAYS,Gujarat,WR,2022-06,354.99,482.42,,431.7,,2025-02,,53.0,ongoing_census,2024-09
N22000538,(22.5 KM) 5/2022,RAILWAYS,Gujarat,WR) (N.A.) (307.12,2022-05,202.5,307.12,,47.3,,,,7.0,ongoing_census,2024-09
N22000540,(37.26 KM) 5/2022 ROAD (53.53 KM) 2/2023,RAILWAYS,Gujarat,WR) (N.A.) (461.91,2022-05,335.34,461.91,461.91,47.4,,,2025-12,7.0,ongoing_census,2024-09
N22000541,(24.08 KM) 5/2022,RAILWAYS,Gujarat,WR) (Apr-26) (349.93,2022-05,216.72,349.93,,62.36,,2026-04,,25.0,ongoing_census,2024-09
N22000547,(41.53 KM) 5/2022,RAILWAYS,Gujarat,WR) (Feb-25) (415.38,2022-05,309.81,415.38,,341.43,,2025-02,,70.0,ongoing_census,2024-09
N22000549,MOTI-VIAJAPUR (39.75 KM) 5/2022 ROAD (37.23 KM) 6/2022,RAILWAYS,Gujarat,WR) (N.A.) (N.A.,2022-05,296.54,346.94,296.54,0.0,,2024-10,2030-05,0.0,ongoing_census,2024-09
N22000550,BG LINE BETWEEN NALIYA-JAKHAU 2/2023,RAILWAYS,Gujarat,Sep-26) (410.46,2023-02,410.46,410.46,410.46,21.58,,2026-09,2026-09,2.0,ongoing_census,2024-09
N22000551,BG LINE INTERSECTION (5 NOS) 10/2022 GERATPUR-SANAND & BOTAD- (16.51 KM) (PB#29/NR/202,RAILWAYS,Gujarat,WR,2022-10,437.21,,437.21,0.0,,,2027-10,0.0,ongoing_census,2024-09
N22000592,HILL ABU ROAD VIA AMBAJI 7/2022 LINE,RAILWAYS,Gujarat,N.A.) (N.A.,2022-07,1695.82,,2798.16,706.51,,,2026-12,10.0,ongoing_census,2024-09
N22000600,-VISAVADAR (42.28) KM 6/2022,RAILWAYS,Gujarat,RVNL) (N.A.) (N.A.,,492.83,,,0.0,,,,0.0,ongoing_census,2024-09
N22000622,SHAMLAJI NEW LINE ( MM OF 9/2012 KM)),RAILWAYS,Gujarat,Mar-26) (261.68,,261.68,261.68,261.68,367.54,,2026-03,2026-03,40.0,ongoing_census,2024-09
N22000623,NATHDWARA NEW 6/2013 ( MM OF AJMER-CHITTAURGARH-,RAILWAYS,Gujarat,WR,,166.33,,166.33,55.81,,,2025-06,8.0,ongoing_census,2024-09
N24000567,LANING OF BHAVNAGAR-TALAJA 5/2016 OF NH-8E FROM KM. 7.090 TO 53.585 (DESIGN CH FROM KM. 6.,ROAD TRANSPORT AND HIGHWAYS,Gujarat,,2016-05,998.18,,998.18,802.04,,,2024-02,100.0,ongoing_census,2024-09
N24000569,LANING OF KAGAVADAR - UNA 5/2016 OF NH-8E FROM KM 139.915 TO 180.478 (PACKAGE-IV) IN THE ST,ROAD TRANSPORT AND HIGHWAYS,Gujarat,NHAI,,723.64,,723.64,559.55,,2024-05,2024-10,95.98,ongoing_census,2024-09
N24000570,LANING OF UNA TO KODINAR OF 5/2016 FROM KM. 180.478 TO KM 221.610 IN THE STATE OF GU,ROAD TRANSPORT AND HIGHWAYS,Gujarat,NHAI,,763.08,,763.08,507.35,,,2024-10,95.18,ongoing_census,2024-09
N24000592,OF KODINAR TO VERAVAL 7/2016 OF NH-8E FROM KM 221.610 TO 263.000,ROAD TRANSPORT AND HIGHWAYS,Gujarat,NHAI,2016-07,829.97,,829.97,457.75,,,2024-10,92.2,ongoing_census,2024-09
N24000649,LANNING FROM KM. 401.200 TO 1/2017 OF NH-8 ON HYBRID ANNUITY UNDER NHDP-V(PKG VI)REG.,ROAD TRANSPORT AND HIGHWAYS,Gujarat,NHAI,,1251.11,1527.75,1527.75,683.63,,2025-06,2025-06,83.84,ongoing_census,2024-09
N24000834,OF EIGHT LANE 3/2018 KIM EXPRESSWAY FROM KM TO KM 279.000 (KIM TO,ROAD TRANSPORT AND HIGHWAYS,Gujarat,NHAI,2018-03,1161.39,1404.0,1404.0,418.51,,2024-09,2024-09,39.17,ongoing_census,2024-09
N24000925,OF MISSING LINKS 10/2018 LANE) IN LAKHPAT GADULI ODMA KHAVDA DHOLAVIRA,ROAD TRANSPORT AND HIGHWAYS,Gujarat,Sep-24) (394.44,2018-10,400.76,394.44,394.44,287.39,,2024-09,2024-09,87.0,ongoing_census,2024-09
N24001427,OF ROB WITH 6/2020 IN LIEU OF L C NO 165 OF PALANPUR BETWEEN STAT,ROAD TRANSPORT AND HIGHWAYS,Gujarat,MoRTH,2020-06,166.21,,166.21,98.65,,2024-09,2024-09,93.0,ongoing_census,2024-09
N24001443,OF FOUR LANE 5/2020 FROM START OF SARDAR RING ROAD TO SINDHREJ (CH. 0,ROAD TRANSPORT AND HIGHWAYS,Gujarat,Oct-24) (929.95,2020-05,690.3,929.95,929.95,693.41,,2024-10,2024-11,79.0,ongoing_census,2024-09
N24001444,OF FOUR LANE 5/2020 FROM START OF VILLAGE (CH. 22.00 TO CH. SECTION,ROAD TRANSPORT AND HIGHWAYS,Gujarat,NHAI,2020-05,882.0,,882.0,737.57,,2024-10,2024-11,71.96,ongoing_census,2024-09
N24001445,OF FOUR LANE 5/2020 FROM START OF VILLAGE TO START OF DSIR OF AHMEDAB,ROAD TRANSPORT AND HIGHWAYS,Gujarat,Oct-24) (903.85,2020-05,691.52,903.85,903.85,728.37,,2024-10,2024-11,85.1,ongoing_census,2024-09
N24001446,OF FOUR LANE 5/2020 FROM START OF DSIR OF AHMEDABAD DISTRICT TO VILLAG,ROAD TRANSPORT AND HIGHWAYS,Gujarat,NHAI,2020-05,894.0,1210.06,1210.06,878.86,,2024-10,2024-11,81.08,ongoing_census,2024-09
N24001515,VADODARA GREENFIELD 9/2020 SECTION OF NH 148N 26,ROAD TRANSPORT AND HIGHWAYS,Gujarat,N.A.) (N.A.,2020-09,1542.02,,1542.02,778.07,,,2025-01,50.51,ongoing_census,2024-09
N24001516,VADODARA GREENFIELD 9/2020 SECTION OF NH 148N 27,ROAD TRANSPORT AND HIGHWAYS,Gujarat,Aug-24) (N.A.,2020-09,1185.69,,1185.69,845.32,,2024-08,2024-08,82.3,ongoing_census,2024-09
N24001518,VADODARA GREENFIELD 11/2019 SECTION OF NH 148N 30,ROAD TRANSPORT AND HIGHWAYS,Gujarat,NHAI,2019-11,1669.56,,1669.56,967.79,,,2024-10,88.12,ongoing_census,2024-09
N24001519,VADODARA GREENFIELD 9/2020 SECTION OF NH 148N 28,ROAD TRANSPORT AND HIGHWAYS,Gujarat,NHAI,2020-09,1198.55,,1198.55,802.45,,,2024-09,85.29,ongoing_census,2024-09
N24001520,VADODARA GREENFIELD 11/2019 SECTION OF NH 148N 31,ROAD TRANSPORT AND HIGHWAYS,Gujarat,NHAI,2019-11,1604.06,,1604.06,1219.52,,,2024-11,95.73,ongoing_census,2024-09
N24001785,TO 4-LANE WITH PAVED 3/2022 OF BHIMASAR JUNCTION OF TO ANJAR BHUJ UPTO AIRPORT,ROAD TRANSPORT AND HIGHWAYS,Gujarat,NHAI,,1373.06,1085.0,1373.06,491.22,,,2025-06,61.03,ongoing_census,2024-09
N24001786,OF EIGHT LANE 3/2021 CONTROLLED EXPRESSWAY KM 103.400 TO KM 128.000 OF MU,ROAD TRANSPORT AND HIGHWAYS,Gujarat,N.A.) (N.A.,2021-03,1259.0,,1910.0,137.93,,,2025-03,15.02,ongoing_census,2024-09
N24001788,OF EIGHT LANE 7/2020 CONTROLLED EXPRESSWAY KM 217.500 TO KM 254.430 OF MU,ROAD TRANSPORT AND HIGHWAYS,Gujarat,NHAI,2020-07,2271.86,,3916.0,518.25,,,2024-06,74.55,ongoing_census,2024-09
N24001789,OF EIGHT LANE 7/2020 FROM KM 190.000 TO KM GANDEVA TO ENA SECTION OF,ROAD TRANSPORT AND HIGHWAYS,Gujarat,N.A.) (N.A.,2020-07,1710.3,,1927.0,362.81,,,2024-06,68.11,ongoing_census,2024-09
N24001790,- SANTALPUR FROM KM 2/2020 KM 99.000 OF NH-754K (AJ-RGBS-,ROAD TRANSPORT AND HIGHWAYS,Gujarat,Dec-24) (N.A.,,752.3,,766.2,451.11,,2024-12,2024-10,98.14,ongoing_census,2024-09
N24001791,- SANTALPUR FROM KM 2/2020 - KM 35.000 OF NH-754K (AJ-RGBS-,ROAD TRANSPORT AND HIGHWAYS,Gujarat,NHAI,,606.51,,657.0,453.89,,2024-03,2024-05,98.99,ongoing_census,2024-09
N24001792,OF BAL WORKS OF TALAJA - MAHUVA 3/2021 54.990 KM. TO 100.450 KM. OF OLD (PACKAGE-II),ROAD TRANSPORT AND HIGHWAYS,Gujarat,NHAI,,536.03,,536.03,445.87,,,2024-09,98.87,ongoing_census,2024-09
N24001793,OF BAL WORKS OF MAHUVA TO 3/2021 FROM 100.450 KM. TO KM. OF NH-8E (PKG- III),ROAD TRANSPORT AND HIGHWAYS,Gujarat,NHAI,,485.75,,485.75,383.09,,,2024-09,97.71,ongoing_census,2024-09
N24001794,- SANTALPUR FROM KM 2/2020 KM 130.073 OF NH-754K (AJ-RGBS-,ROAD TRANSPORT AND HIGHWAYS,Gujarat,NHAI,,778.15,,785.67,539.42,,2024-12,2024-10,99.61,ongoing_census,2024-09
N24001827,KODINAR - VERAVAL (PACKAGE VI) 3/2022 KM. 222.400 TO KM. 230.00 BYPASS) OF NH-8E (NH 51 NE,ROAD TRANSPORT AND HIGHWAYS,Gujarat,N.A.) (N.A.,2022-03,162.73,,162.73,131.79,,,2024-07,95.3,ongoing_census,2024-09
N24002014,AND STRENGTHENING 9/2022 2 LANE PS FROM KM 95/500 TO KM OF NH 168 G IDAR BHILODA SA,ROAD TRANSPORT AND HIGHWAYS,Gujarat,MoRTH,2022-09,237.28,,237.28,0.59,,2025-12,2025-12,0.0,ongoing_census,2024-09
N24002034,TO 4L PS DIVIDED 12/2021 FROM PATAN (NEAR TO GOJARIYA FROM KM 52.000 KM 1,ROAD TRANSPORT AND HIGHWAYS,Gujarat,NHAI,2021-12,1181.34,1181.0,1181.34,329.33,,,2025-03,49.3,ongoing_census,2024-09
N24002035,TO 6L OF EXISTING 4L 9/2023 - GONDAL - RAJKOT SECTION KM. 117.600 TO KM. 185.00 ON NH-,ROAD TRANSPORT AND HIGHWAYS,Gujarat,N.A.) (N.A.,2023-09,2070.44,,2070.44,169.27,,,2025-09,11.45,ongoing_census,2024-09
N24002117,OF DHORAJI 10/2022 KALAVAD SECTION OF 927D FROM DESIGN CHAINAGE KM TO KM 58.11,ROAD TRANSPORT AND HIGHWAYS,Gujarat,MoRTH,2022-10,246.6,291.0,291.0,29.33,,2026-02,2026-02,15.0,ongoing_census,2024-09
N24002118,TO TWO LANE WITH 12/2022 SHULDER CONFIGUARATION KM 00 TO 47 OF NH 351 MAHUVA BADHA,ROAD TRANSPORT AND HIGHWAYS,Gujarat,Aug-25) (N.A.,2022-12,173.06,,219.0,0.15,,2025-08,2025-08,0.0,ongoing_census,2024-09
N28000122,METRO RAIL PROJECT 11/2014 1,URBAN DEVELOPME NT,Gujarat,,2014-11,10773.0,,12924.55,12295.84,,,2024-12,99.79,ongoing_census,2024-09
N28000137,METRO RAIL PROJECT 3/2019 II,URBAN DEVELOPME NT,Gujarat,MEGA,2019-03,5384.17,,5384.17,3411.86,,,2025-06,73.45,ongoing_census,2024-09
N28000138,METRO RAIL PROJECT 3/2019,URBAN DEVELOPME NT,Gujarat,MEGA) (N.A.) (N.A.,2019-03,12020.32,,,5415.51,,,,52.8,ongoing_census,2024-09
N21000032,"INDIA INSTITUTE OF MEDICAL 3/2019 AT MANETHI, HARYANA.",HEALTH AND FAMILY WELFARE,Haryana,,2019-03,1294.34,1294.34,1294.34,117.69,,2026-03,2026-03,3.5,ongoing_census,2024-09
N28000147,separate family accommodation (Phase- 1/2020 on EPC basis for SSB at Faridabad,HOME AFFAIRS,Haryana,CPWD FOR MHA,,166.98,167.0,166.98,108.99,,2025-01,2025-01,89.0,ongoing_census,2024-09
N16000375,and D CAMPUS II AT FARIDABAD 6/2019,PETROLEUM,Haryana,,2019-06,2281.94,3219.94,,1569.66,,2025-07,,60.7,ongoing_census,2024-09
N16000412,CAPACITY EXPANSION OF PANIPAT 2/2021 FROM 15 TO 25 MMTPA,PETROLEUM,Haryana,IOCL,2021-02,34627.0,38231.0,38231.0,13973.41,,2025-12,2025-12,72.6,ongoing_census,2024-09
N16000458,BUTADIENE RUBBER PLANT AT 3/2022,PETROLEUM,Haryana,IOCL,,1459.0,2102.79,2102.79,443.17,,,2025-12,40.2,ongoing_census,2024-09
N22000604,BETWEEN BHIWANI-DOBH 2/2023,RAILWAYS,Haryana,NWR,2023-02,471.06,,471.06,38.9,,,2026-02,27.0,ongoing_census,2024-09
N22000606,BETWEEN REWARI- 2/2023 (27.73 KM),RAILWAYS,Haryana,N.A.) (N.A.,2023-02,352.41,,352.41,35.7,,,2025-06,15.0,ongoing_census,2024-09
N24000835,OF 8 LANE DWARKA 3/2018 (NH-248BB PACKAGE IV RAIL OVER BRIDGE (ROB) TILL P,ROAD TRANSPORT AND HIGHWAYS,Haryana,NHAI,2018-03,1484.3,,2182.41,1237.02,,2024-12,2024-03,100.0,ongoing_census,2024-09
N24001532,"OF 4-LANE NH-344P- 11/2021 (FROM KM 0+000 TO KM 29.6KM), STARTING FROM",ROAD TRANSPORT AND HIGHWAYS,Haryana,NHAI,2021-11,694.0,1918.0,1500.0,1682.82,,2024-01,2024-08,100.0,ongoing_census,2024-09
N24001533,OF 4-LANE GREEN 11/2020 DELHI-AMRITSAR-KATRA (NE-05) FROM JUSSUR ON KMP,ROAD TRANSPORT AND HIGHWAYS,Haryana,NHAI,2020-11,1690.23,,2010.17,1311.87,,,2024-10,96.1,ongoing_census,2024-09
N24001534,OF FOUR-LANE 12/2020 DELHI-AMRITSAR-KATRA FROM JUNCTION WITH,ROAD TRANSPORT AND HIGHWAYS,Haryana,NHAI,2020-12,1334.04,,1334.0,974.53,,2024-04,2024-09,93.55,ongoing_census,2024-09
N24001535,OF GOHANA-SONIPAT (PKG-2) 7/2020 FROM KM 40.601 TO KM 78.837 = 38.236KM) OF NH-352,ROAD TRANSPORT AND HIGHWAYS,Haryana,NHAI,2020-07,899.0,1882.46,1882.46,1123.98,,2024-05,2024-10,91.76,ongoing_census,2024-09
N24001536,LANING OF JIND GOHANA 7/2020 ALIGNMENT PACKAGE 1 IN STATE OF HARYANA UNDER ANNUI,ROAD TRANSPORT AND HIGHWAYS,Haryana,NHAI,2020-07,817.0,1605.0,1605.0,1025.56,,,2024-10,97.1,ongoing_census,2024-09
N24001633,OF FOUR LANE 12/2020 PROJECT OF DELHI- EXPRESSWAY (PHASE- PKG-III) F,ROAD TRANSPORT AND HIGHWAYS,Haryana,Feb-24) (N.A.,2020-12,1430.88,,1430.88,1035.6,,2024-02,2024-10,95.72,ongoing_census,2024-09
N24001634,OF FOUR LANE 1/2021 PROJECT OF DELHI- EXPRESSWAY (PHASE- PKG-IV) FRO,ROAD TRANSPORT AND HIGHWAYS,Haryana,NHAI,2021-01,1306.95,,1306.95,942.46,,2024-03,2024-10,94.83,ongoing_census,2024-09
N24001635,LANING OF JAGADHRI TAJEWALA 3/2022 SECTION OF NH 907 (OLD NH 73A) NH(O) (PKG 1) IN THE STATE O,ROAD TRANSPORT AND HIGHWAYS,Haryana,N.A.) (N.A.,2022-03,1269.5,,1269.5,182.0,,,2025-02,46.0,ongoing_census,2024-09
N24001672,LANNING OF MANDI DABWALI 1/2021 ROAD SECTION FROM MANDI DABW,ROAD TRANSPORT AND HIGHWAYS,Haryana,PUNJAB/HARYANA BORDER)- (Sep-24) (864.00,2021-01,864.27,864.0,864.27,586.82,,2024-09,2024-09,99.96,ongoing_census,2024-09
N24001673,LANING OF ROHTAK-JIND SECTION 3/2020 KM. 307+000 TO KM. 347+800 OF AND CONNECTING LINK FROM K,ROAD TRANSPORT AND HIGHWAYS,Haryana,Nov-24) (N.A.,2020-03,510.97,,510.97,529.0,,2024-11,2024-11,88.0,ongoing_census,2024-09
N24001774,OF GURGAON - 12/2020 - REWARI SECTION OF NH- (DESIGN LENGTH 46.11 KM) AS ROU,ROAD TRANSPORT AND HIGHWAYS,Haryana,N.A.) (N.A.,,1524.03,,1524.03,1075.15,,,2024-06,58.09,ongoing_census,2024-09
N24001775,OF PROPOSED REWARI 2/2020 (DESIGN LENGTH 14.4 KM) NH- AS A FEEDER ROUTE IN THE STATE,ROAD TRANSPORT AND HIGHWAYS,Haryana,NHAI,,808.31,,958.0,805.1,,2024-12,2024-12,99.51,ongoing_census,2024-09
N24001780,EXPRESSWAY PKG-III 1/2018 BORDER TO START OF ROB,ROAD TRANSPORT AND HIGHWAYS,Haryana,Dec-24) (N.A.,2018-01,2228.0,,2228.0,1411.27,,2024-12,2024-03,100.0,ongoing_census,2024-09
N24001783,OF 8LANE 11/2018 NE4 STARTING BEFORE EXPRESSWAY AND ENDS AT CH. NEAR KHAN,ROAD TRANSPORT AND HIGHWAYS,Haryana,NHAI,2018-11,2252.75,,2252.75,1223.07,,,2024-10,99.95,ongoing_census,2024-09
N24001784,OF EIGHT LANE 11/2018 STARTING AT CH. 47+000 KHANPUR GHATI AND ENDS AT,ROAD TRANSPORT AND HIGHWAYS,Haryana,NHAI,2018-11,1935.61,,1935.61,856.41,,,2024-10,99.9,ongoing_census,2024-09
N24002037,OF EXISTING 4 LANE 1/2023 SECTION (KM. TO KM 42+500) (PART OF AMBALA-,ROAD TRANSPORT AND HIGHWAYS,Haryana,NHAI,2023-01,609.32,609.0,609.0,58.37,,,2025-12,19.0,ongoing_census,2024-09
N24002038,OF 6-LANE 11/2022 KARNAL RING ROAD FROM NH-44 NEAR VILLAGE (DESIGN,ROAD TRANSPORT AND HIGHWAYS,Haryana,NHAI,2022-11,1691.45,1998.0,1998.0,590.77,,,2025-08,42.0,ongoing_census,2024-09
N24002039,OF 6-LANE 2/2023 AMBALA RING ROAD FROM JUNCTION WITH SECTION,ROAD TRANSPORT AND HIGHWAYS,Haryana,NHAI,2023-02,1088.64,1178.0,1178.0,316.25,,,2025-10,27.23,ongoing_census,2024-09
N24002040,OF SIX-LANE ACCESS 4/2022 HIGHWAY FROM RANIPUR (SAHARANPUR DISTRICT) TO,ROAD TRANSPORT AND HIGHWAYS,Haryana,NHAI,2022-04,1554.21,,1554.21,409.06,,,2028-05,36.1,ongoing_census,2024-09
N24002041,OF SIX-LANE ACCESS 4/2022 HIGHWAY FROM ADHOYA (AMBALA DISTRICT) TO,ROAD TRANSPORT AND HIGHWAYS,Haryana,N.A.) (N.A.,2022-04,1491.71,,1491.71,606.1,,,2025-05,35.22,ongoing_census,2024-09
N24002042,OF 4-LANING OF 11/2022 HANSI ROAD SECTION OF NH (DESIGN LENGTH 42.934 KM) BH,ROAD TRANSPORT AND HIGHWAYS,Haryana,NHAI,2022-11,1322.13,,1322.13,156.12,,,2025-12,43.18,ongoing_census,2024-09
N24002043,OF 4-LANE 3/2022 JALBEHRA - SHAHBAD OF NH 152G FROM KM 0+000 KM 22+850,ROAD TRANSPORT AND HIGHWAYS,Haryana,N.A.) (N.A.,2022-03,927.22,,927.22,354.1,,,2025-06,52.11,ongoing_census,2024-09
N24002044,AMBALA - KALAAMB FROM KM. -0.800 6/2023 KM. 33.015 OF OLD NH-72,ROAD TRANSPORT AND HIGHWAYS,Haryana,NHAI,,629.16,,629.16,121.0,,,2025-06,69.0,ongoing_census,2024-09
N24002047,ACCESS CONTROLLED HIGHWAY 5/2020 JN WITH JAITPUR PUSHTA ROAD JN WITH SECTOR 62/65 DIVIDING,ROAD TRANSPORT AND HIGHWAYS,Haryana,NHAI,2020-05,1328.07,2346.0,2346.0,1087.16,,,2024-10,97.12,ongoing_census,2024-09
N24002048,OF GREENFIELD 7/2022 TO JEWAR AIRPORT FROM DND BALLABHGAR,ROAD TRANSPORT AND HIGHWAYS,Haryana,NHAI,2022-07,2414.67,2898.0,2898.0,1028.68,,,2025-06,25.6,ongoing_census,2024-09
N42000008,OF PERMANENT 9/2018 PHASE 1 OF IIM SIRMAUR EDUCATION),DEPARTMEN T OF HIGHER EDUCATION,Himachal Pradesh,,2018-09,392.51,,446.43,295.98,,2024-12,2025-01,88.0,ongoing_census,2024-09
N42000011,OF PERMANENT 3/2021 OF CENTRAL UNIVERSITY HIMACHAL PRADESH AT DEHRA AND,DEPARTMEN T OF HIGHER EDUCATION,Himachal Pradesh,CPWD,2021-03,512.37,512.37,512.37,109.56,,2025-07,2025-07,52.0,ongoing_census,2024-09
N28000127,OF 300 BEDDED 12/2018 AND TEACHING BLOCK IN DR PARMAR GMC AT NAHAN HIMACHAL,HEALTH AND FAMILY WELFARE,Himachal Pradesh,CPWD FOR HEALTH,2018-12,260.0,371.78,371.78,46.24,,2026-08,2026-08,7.0,ongoing_census,2024-09
180100210,HEP (4X200 MW) (NHPC) II 9/2002,POWER,Himachal Pradesh,NHPC) (N.A.) (N.A.,,3919.59,,,11879.05,,,,97.91,ongoing_census,2024-09
N18000279,HYDROELECTRIC PROJECT 11/2020,POWER,Himachal Pradesh,STAGE1,2020-11,1810.56,,3060.71,1506.13,,,2027-06,50.99,ongoing_census,2024-09
N18000291,HYDROELECTRIC 10/2020 (66 MW),POWER,Himachal Pradesh,SJVN,2020-10,687.97,,1426.0,696.74,,,2026-05,59.38,ongoing_census,2024-09
N18000344,DAM HYDRO ELECTRIC PROJECT 1/2023,POWER,Himachal Pradesh,SJVN) (N.A.) (N.A.,2023-01,2614.51,,,771.43,,,,25.67,ongoing_census,2024-09
N22000273,BERI NL 4/2008,RAILWAYS,Himachal Pradesh,RVNL) (N.A.) (N.A.,2008-04,2966.99,,,5190.99,,,,49.0,ongoing_census,2024-09
N24000613,LANNING OF NERCHOWK-PANDOH 9/2016 SECTION OF NH-21(PACKAGE-I 190.000 TO KM 221.305) UNDER NH,ROAD TRANSPORT AND HIGHWAYS,Himachal Pradesh,N.A.) (N.A.,2016-09,1273.71,,1478.61,1383.76,,,2024-08,92.46,ongoing_census,2024-09
N24000852,"LANING OF SOLAN-KAITHLIGHAT 3/2018 OF NH-22 (NOW NH-5) FROM 106.139 TO KM 129.050, ON EPC M",ROAD TRANSPORT AND HIGHWAYS,Himachal Pradesh,NHAI,2018-03,478.74,,1514.46,1349.59,,2024-12,2024-12,83.0,ongoing_census,2024-09
N24001381,AND UPGRADATION TO 8/2020 WITH PAVED CONFIGURATION PAONTA,ROAD TRANSPORT AND HIGHWAYS,Himachal Pradesh,N.A.) (N.A.,,272.98,,272.98,132.82,,,2021-04,97.0,ongoing_census,2024-09
N24001382,AND UPGRADATION TO 8/2020 CONFIGURATION OF HEWNA- SECTION (KM 25.000 TO KM 50.,ROAD TRANSPORT AND HIGHWAYS,Himachal Pradesh,MoRTH,,242.8,,242.8,81.08,,,2024-07,83.0,ongoing_census,2024-09
N24001383,AND UPGRADATION TO 8/2020 LANE CONFIGURATION SHRI KYARI-GUMMA SECTION (KM 75,ROAD TRANSPORT AND HIGHWAYS,Himachal Pradesh,N.A.) (N.A.,,349.2,,349.2,239.34,,,2021-04,100.0,ongoing_census,2024-09
N24001422,AND UPGRADATION TO 2/2021 CONFIGURATION OF ASHYARI- KYARI SECTION (KM 50.000 TO K,ROAD TRANSPORT AND HIGHWAYS,Himachal Pradesh,MoRTH,,345.89,,345.89,147.63,,,2024-07,80.0,ongoing_census,2024-09
N24001447,AND UPGRADATION TO 8/2020 CONFIGURATION OF HAMIRPUR- SECTION (KM 141.000 TO K,ROAD TRANSPORT AND HIGHWAYS,Himachal Pradesh,N.A.) (N.A.,,371.93,,371.93,187.96,,,2024-12,0.0,ongoing_census,2024-09
N24001470,AND UPGRADATION TO 8/2020 CONFIGURATION OF KALWAHAN- SECTION (KM 208.950 TO KM 2,ROAD TRANSPORT AND HIGHWAYS,Himachal Pradesh,N.A.) (N.A.,,314.32,,314.32,68.39,,,2025-04,0.0,ongoing_census,2024-09
N24001808,AND UPGRADING 3/2021 2 L TO 4 L FROM RANITAL) TO KANGRA SECTION OF,ROAD TRANSPORT AND HIGHWAYS,Himachal Pradesh,NHAI,2021-03,1322.95,1442.47,1442.47,762.01,,2024-12,2024-12,77.73,ongoing_census,2024-09
N24001809,OF PARTIALLY 5/2022 ESCAPE TUNNEL TO TWO LANE TUNNEL CONSTRU,ROAD TRANSPORT AND HIGHWAYS,Himachal Pradesh,Dec-24) (N.A.,2022-05,469.95,,280.0,289.24,,2024-12,2024-12,95.68,ongoing_census,2024-09
N24001810,SUNDER NAGAR BYPASS FROM 2/2022 TO KM 179.600 OF NH-21 IN STATE OF HP,ROAD TRANSPORT AND HIGHWAYS,Himachal Pradesh,NHAI,2022-02,190.6,,163.0,103.48,,,2024-06,100.0,ongoing_census,2024-09
N24001811,OF MO - SIHUNI FROM KM. 42.00 TO 4/2021 51.00 OF OLD NH-20 (NEW NH-154),ROAD TRANSPORT AND HIGHWAYS,Himachal Pradesh,N.A.) (704.30,,583.93,704.3,704.3,170.71,,,2024-09,98.13,ongoing_census,2024-09
N24001812,OF HP/PUNJAB BO4L OF HP/PUNJAB 3/2021 - MO FROM KM. 11.00 TO KM. OF OLD NH-20 (NEW NH-154),ROAD TRANSPORT AND HIGHWAYS,Himachal Pradesh,NHAI,2021-03,1002.11,1361.79,1361.79,188.77,,,2025-12,40.97,ongoing_census,2024-09
N24001813,OF END OF PINJORE BYPASS - BADDI - 7/2021 SECTION (KM. 4.200 TO KM. OF NH21A,ROAD TRANSPORT AND HIGHWAYS,Himachal Pradesh,NHAI,,1692.05,,1692.05,942.14,,,2024-09,21.6,ongoing_census,2024-09
N24001915,OF 3/2021 CLASS-5 ROAD TO NH LANE SPECIFICATION HARD SH,ROAD TRANSPORT AND HIGHWAYS,Himachal Pradesh,N.A.) (N.A.,,230.54,,230.54,0.0,,,2026-06,20.0,ongoing_census,2024-09
N24001916,OF 3/2021 CLASS 5 ROAD TO NH LANE SPECIFICATION HARD SH,ROAD TRANSPORT AND HIGHWAYS,Himachal Pradesh,BRO,,314.67,,314.67,0.0,,,2026-05,29.0,ongoing_census,2024-09
N24002049,NAME: 4L OF KATHLIGHAT TO 3/2022 VILLAGE FROM KM 128.835 TO 146.300 OF NH- 5 (SHIMLA BYPASS,ROAD TRANSPORT AND HIGHWAYS,Himachal Pradesh,NHAI,,1703.48,2278.0,2278.0,651.98,,,2026-04,14.5,ongoing_census,2024-09
N24002050,AND UPGRADATION TO 2/2022 CONFIGURATION and OF SIHUNI TO RAJOL KM 51.0,ROAD TRANSPORT AND HIGHWAYS,Himachal Pradesh,NHAI,,696.65,698.46,698.46,326.95,,,2025-09,40.25,ongoing_census,2024-09
N24002051,OF NEW 2 LANE WITH 7/2022 SHOULDER OF HAMIRPUR (PACKAGE IVA) OF NH-88 (NEW,ROAD TRANSPORT AND HIGHWAYS,Himachal Pradesh,N.A.) (N.A.,,739.39,,739.39,268.7,,,2025-10,43.26,ongoing_census,2024-09
N24002052,AND UP-GRADATION 2/2022 EXISTING ROAD TO 2L PS FROM END HAMIRPUR BYPASS (NEAR CHILBAHA,ROAD TRANSPORT AND HIGHWAYS,Himachal Pradesh,NHAI,2022-02,1146.19,,1146.19,867.07,,,2025-04,47.37,ongoing_census,2024-09
N28000154,OF PERMANENT 4/2022 OF CENTRAL UNIVERSITY OF PRADESH AT DEHRA AND (D,URBAN DEVELOPME NT,Himachal Pradesh,N.A.) (N.A.,2022-04,512.34,,512.34,0.0,,,2024-11,0.0,ongoing_census,2024-09
N04000107,- CONSTRUCTION OF NEW CIVIL 7/2022,CIVIL AVIATION,Jammu And Kashmir,N.A.) (N.A.,,861.37,,861.37,56.09,,,2026-06,11.0,ongoing_census,2024-09
N28000130,OF PERMANENT 3/2019 OF IIM JAMMU (PHASE 1) EDUCATION),DEPARTMEN T OF HIGHER EDUCATION,Jammu And Kashmir,,2019-03,424.93,500.91,500.91,467.62,,2024-08,2024-08,98.0,ongoing_census,2024-09
N28000131,OF PERMANENT 1/2018 IIT JAMMU (PHASE 1C),DEPARTMEN T OF HIGHER EDUCATION,Jammu And Kashmir,CPWD EDUCATION,2018-01,676.0,1148.68,1144.68,64.75,,2024-09,2024-09,96.0,ongoing_census,2024-09
N21000029,OF AIIMS AT JAMMU 3/2019 SAMBA JAMMU AND KASHMIR FOR HEALTH),HEALTH AND FAMILY WELFARE,Jammu And Kashmir,,2019-03,1404.0,1642.0,1642.0,1415.98,,2024-10,2024-10,99.5,ongoing_census,2024-09
N28000150,AIIMS AT AWANTIPORA (KASHMIR) 3/2019 AND KASHMIR,HEALTH AND FAMILY WELFARE,Jammu And Kashmir,CPWD FOR HEALTH,2019-03,1828.0,1577.0,1577.0,1099.94,,2025-01,2025-11,57.0,ongoing_census,2024-09
N16000500,UP A COMMON USER 4/2021 TERMINAL AT JAMMU FOR OF EXISTING DEPOTS OF OMCS,PETROLEUM,Jammu And Kashmir,BPCL,2021-04,676.89,,676.89,439.01,,,2025-03,46.5,ongoing_census,2024-09
N16000527,PROJECT AT JAMMU DISTRICTS 3/2022,PETROLEUM,Jammu And Kashmir,IOCL) (Sep-34) (N.A.,2022-03,538.0,,,4.16,,2034-09,,0.4,ongoing_census,2024-09
N18000172,DUL HYDRO ELECTRIC PROJECT 10/2014 MW),POWER,Jammu And Kashmir,CVPPPL,2014-10,8112.12,,8112.12,4943.12,,2025-07,2026-09,59.0,ongoing_census,2024-09
N18000278,HYDRO ELECTRIC PROJECT 3/2019,POWER,Jammu And Kashmir,CVPPPL) (N.A.) (N.A.,2019-03,4287.59,,,1844.78,,,,42.63,ongoing_census,2024-09
N18000324,HE PROJECT 2/2021,POWER,Jammu And Kashmir,NHPC) (N.A.) (N.A.,2021-02,5281.94,,,784.25,,,,16.08,ongoing_census,2024-09
N18000363,HE PROJECT 5/2022,POWER,Jammu And Kashmir,CVPPPL) (N.A.) (N.A.,2022-05,4526.12,,,738.69,,,,12.13,ongoing_census,2024-09
220100133,3/1995,RAILWAYS,Jammu And Kashmir,NR,1995-03,2500.0,37012.26,42500.0,40742.04,,2024-12,2024-12,99.0,ongoing_census,2024-09
N24000717,LANING OF UDHAMBUR - RAMBAN 12/2015 OF NH-1A OF STAND ALONE RING 12/2017 BYPASS AROUND JAMMU CITY IN STATE OF J AND K ON EPC MODE,ROAD TRANSPORT AND HIGHWAYS,Jammu And Kashmir,NHAI,,2136.97,2644.0,2644.0,2377.88,,2024-11,2024-11,99.5,ongoing_census,2024-09
N24000868,TO 4-LANE WITH PAVED 3/2018 OF JAMMU-AKHNOOR ROAD OF NH-144A FROM GANESH,ROAD TRANSPORT AND HIGHWAYS,Jammu And Kashmir,NHIDCL,,253.44,,253.44,179.18,,2023-08,2024-12,77.58,ongoing_census,2024-09
N24001253,OPERATION AND 12/2019 OF Z-MORH TUNNEL APPROACHES ON NH-01,ROAD TRANSPORT AND HIGHWAYS,Jammu And Kashmir,NHIDCL,2019-12,2680.42,,2680.42,0.0,,,2024-07,95.05,ongoing_census,2024-09
N24001256,OF (I) CONNECTING 8/2020 FROM Z-MORH TUNNEL TO ZOJILA AND (II) 14.150 KM LONG BI-D,ROAD TRANSPORT AND HIGHWAYS,Jammu And Kashmir,N.A.) (N.A.,2020-08,6808.69,,6808.69,3013.84,,,2026-09,49.92,ongoing_census,2024-09
N24001264,TO 2-LANE WITH PAVED 7/2020 FROM KM 12.850 TO OF 7.450KM LENGTH ON GOHA-,ROAD TRANSPORT AND HIGHWAYS,Jammu And Kashmir,NHIDCL,,228.39,,228.39,63.12,,2024-10,2024-12,84.91,ongoing_census,2024-09
N24001266,TO 2-LANE WITH PAVED 7/2020 FROM KM 20.300 TO KM OF 8.730 KM LENGTH ON GOHA-K,ROAD TRANSPORT AND HIGHWAYS,Jammu And Kashmir,Nov-23) (N.A.,,210.79,,210.79,64.28,,2023-11,2024-12,86.38,ongoing_census,2024-09
N24001323,PKG-1 3/2021,ROAD TRANSPORT AND HIGHWAYS,Jammu And Kashmir,NHIDCL,2021-03,486.45,,,120.08,,2024-10,,94.36,ongoing_census,2024-09
N24001341,PKG-3 3/2021,ROAD TRANSPORT AND HIGHWAYS,Jammu And Kashmir,NHIDCL) (Jul-24) (N.A.,2021-03,398.51,,,75.26,,2024-07,,90.07,ongoing_census,2024-09
N24001342,TO ASHAJIPORA BYPASS 3/2021,ROAD TRANSPORT AND HIGHWAYS,Jammu And Kashmir,NHIDCL,2021-03,260.4,,260.4,191.88,,,2024-07,93.8,ongoing_census,2024-09
N24001394,PKG-2 7/2021,ROAD TRANSPORT AND HIGHWAYS,Jammu And Kashmir,NHIDCL) (Jun-25) (N.A.,2021-07,512.43,,,65.31,,2025-06,,48.21,ongoing_census,2024-09
N24001395,PKG-4 7/2021,ROAD TRANSPORT AND HIGHWAYS,Jammu And Kashmir,NHIDCL) (Jul-24) (N.A.,2021-07,859.67,,,163.52,,2024-07,,37.93,ongoing_census,2024-09
N24001396,PKG-5 7/2021,ROAD TRANSPORT AND HIGHWAYS,Jammu And Kashmir,NHIDCL) (Jul-24) (N.A.,2021-07,497.09,,,142.12,,2024-07,,70.58,ongoing_census,2024-09
N24001472,PKG-3 2/2021 WORKS OF FOUR LANING 9/2021 RAMBAN KM 151.00 TO BANIHAL 187.00 OF NH-1A (NOW NH-44) WITH,ROAD TRANSPORT AND HIGHWAYS,Jammu And Kashmir,NHIDCL) (Oct-24) (N.A.,2021-02,431.28,,431.28,296.98,,2024-10,2024-12,87.9,ongoing_census,2024-09
N24001511,OF FOUR LANE 3/2021 BYPASS SRINAGAR CITY,ROAD TRANSPORT AND HIGHWAYS,Jammu And Kashmir,NHAI,2021-03,2919.96,,2919.96,2147.28,,2024-08,2025-06,58.8,ongoing_census,2024-09
N24001543,LANING OF JAMMU-AKHNOOR 7/2022,ROAD TRANSPORT AND HIGHWAYS,Jammu And Kashmir,NHIDCL,2022-07,245.34,,245.34,46.49,,,2025-01,31.02,ongoing_census,2024-09
N24001550,EXPRESSWAY 9/2021 PKG-XVI) EXISTING JAKH SECTION OF NH-,ROAD TRANSPORT AND HIGHWAYS,Jammu And Kashmir,NHAI,2021-09,1821.72,1917.32,1917.32,791.93,,2025-09,2025-09,61.53,ongoing_census,2024-09
N24001551,EXPRESSWAY 10/2021 PKG-XIV) FROM JUNCTION PATHANKOT-GURDASPUR ROAD,ROAD TRANSPORT AND HIGHWAYS,Jammu And Kashmir,NHAI,2021-10,3044.02,3044.02,3044.02,1232.0,,2025-07,2025-07,48.53,ongoing_census,2024-09
N24001552,EXPRESSWAY 10/2021 PKG-XV) [JUNCTION WITH ROAD NEAR VILLAGE B,ROAD TRANSPORT AND HIGHWAYS,Jammu And Kashmir,NHAI,2021-10,2714.95,2714.95,2714.95,1468.77,,2025-07,2025-07,64.6,ongoing_census,2024-09
N24001619,EFFICIENCY IMPROVEMENT 8/2022 REMOVAL OF BLACK SPOTS LAKHANPUR - SAMBA SECTION OF NH-,ROAD TRANSPORT AND HIGHWAYS,Jammu And Kashmir,Jun-25) (200.05,2022-08,200.05,200.05,208.92,93.73,,2025-06,2025-06,38.5,ongoing_census,2024-09
N24001620,OF TUNNELS/VIADUCTS 9/2021 IDENTIFIED SLIDING/SLIP ZONES AT 130.550 TO KM.130.750; KM.,ROAD TRANSPORT AND HIGHWAYS,Jammu And Kashmir,NHAI,2021-09,442.14,,442.14,245.08,,2025-05,2025-05,19.88,ongoing_census,2024-09
N24001621,"OF KM.165.092 TO KM.171.855 (NORTH 7/2021 AND FROM KM.166.895 TO (SOUTH BOUND), EXCL.",ROAD TRANSPORT AND HIGHWAYS,Jammu And Kashmir,Jun-25) (N.A.,,614.48,,614.48,151.85,,2025-06,2025-06,7.0,ongoing_census,2024-09
N24001622,TWIN TUBE TUNNEL INCLUDING 7/2021 FROM DIGDOL TO KHUNI (NORTH BOUND CONNECTING EX,ROAD TRANSPORT AND HIGHWAYS,Jammu And Kashmir,NHAI,2021-07,1401.87,,1401.87,516.78,,2025-06,2025-06,0.0,ongoing_census,2024-09
N24001623,BYPASS (DELINKED FROM 1/2020 - BANIHAL) FROM KM. 187.00 KM. 189.350,ROAD TRANSPORT AND HIGHWAYS,Jammu And Kashmir,Dec-24) (N.A.,2020-01,336.01,,336.01,175.08,,2024-12,2024-12,34.0,ongoing_census,2024-09
N24001624,OF EMERGENCY 7/2019 FACILITY FROM KM. 246.60 TO 249.70 ON SRINAGAR - BANIHAL,ROAD TRANSPORT AND HIGHWAYS,Jammu And Kashmir,Apr-23) (N.A.,2019-07,157.05,,157.05,134.6,,2023-04,2024-09,100.0,ongoing_census,2024-09
N24001627,OF TWIN TUBE TUNNEL 7/2021 INCLUDING FROM MAROG TO DIGDOL KM.154.210 TO K,ROAD TRANSPORT AND HIGHWAYS,Jammu And Kashmir,NHAI,2021-07,1912.17,,1912.17,37.21,,2025-02,2025-02,0.0,ongoing_census,2024-09
N24001833,- AKHNOOR SECTION OF NH 7/2022 PKG-3B,ROAD TRANSPORT AND HIGHWAYS,Jammu And Kashmir,N.A.) (N.A.,,198.28,,198.28,65.99,,,2025-03,49.01,ongoing_census,2024-09
N24001897,AND UPGRADATION TO 3/2021 LANE WITH PAVED SHOULDER FROM CHAINAGE KM 102 TO KM 13,ROAD TRANSPORT AND HIGHWAYS,Jammu And Kashmir,BRO,,642.24,,642.24,469.6,,,2024-12,92.0,ongoing_census,2024-09
N24001898,AND UPGRADATION TO 7/2020 LANE WITH PAVED SHOULDER FROM CHAINAGE KM 30.000 TO K,ROAD TRANSPORT AND HIGHWAYS,Jammu And Kashmir,BRO,,272.49,,272.49,169.15,,,2024-11,82.02,ongoing_census,2024-09
N24001899,AND UPGRADATION TO 2/2021 LANE WITH PAVED SHOULDER FROM CHAINAGE KM 134.95 TO KM,ROAD TRANSPORT AND HIGHWAYS,Jammu And Kashmir,BRO,,395.25,,395.25,198.77,,,2025-03,60.0,ongoing_census,2024-09
N24001900,AND UPGRADATION TO 3/2020 LANE WITH PAVED SHOULDER FROM CHAINAGE KM 49.150 TO KM,ROAD TRANSPORT AND HIGHWAYS,Jammu And Kashmir,BRO,,796.97,,796.97,453.08,,,2025-03,75.0,ongoing_census,2024-09
N24001901,AND UPGRADATION TO 3/2020 LANE WITH PAVED SHOULDER FROM CHAINAGE KM 64.535 TO K,ROAD TRANSPORT AND HIGHWAYS,Jammu And Kashmir,N.A.) (N.A.,,152.93,,152.93,101.68,,,2025-03,77.0,ongoing_census,2024-09
N24001926,OF TWIN TUBE 3/2023 ON JAMMU KASHMIR RING (NH-244A) BETWEEN DESIGN CH. TO,ROAD TRANSPORT AND HIGHWAYS,Jammu And Kashmir,NHAI,2023-03,939.86,,939.86,235.63,,,2025-06,36.46,ongoing_census,2024-09
N24001998,"OF 4 LANE WITH PAVED 6/2022 FROM (DESIGN CH. 14+200 24+400), (DESIGN CH. 35+300 TO",ROAD TRANSPORT AND HIGHWAYS,Jammu And Kashmir,N.A.) (N.A.,,832.46,,823.46,301.83,,,2025-08,24.01,ongoing_census,2024-09
N24002059,NH-1 FROM KM 8.660 TO KM 33.775 9/2022 NH STANDARD AS PART S,ROAD TRANSPORT AND HIGHWAYS,Jammu And Kashmir,SUMBAL TO WAYUL) TO 4L DUAL (N.A.) (N.A.,,1183.6,,1183.6,121.14,,,2026-06,2.0,ongoing_census,2024-09
N24002060,AMRITSAR KATRA EXPRESSWAY 3/2023 PKG XVIII) DEVELOPMENT AND OF FOUR LANE ACCESS,ROAD TRANSPORT AND HIGHWAYS,Jammu And Kashmir,N.A.) (N.A.,2023-03,1107.0,,1107.0,77.75,,,2025-11,13.83,ongoing_census,2024-09
N24002061,ACCESS CONTROL EXPRESSWAY 8/2022 DESIGN CHAINAGE KM 515.000 TO (KUNJWANI TO SIDHRA SECTIO,ROAD TRANSPORT AND HIGHWAYS,Jammu And Kashmir,NHAI,2022-08,2474.47,,2675.93,715.57,,,2025-06,17.5,ongoing_census,2024-09
N24002119,AND UPGRADATION TO 10/2022 LANE WITH PAVED SHOULDER FROM CHAINAGE KM 162.800 TO KM,ROAD TRANSPORT AND HIGHWAYS,Jammu And Kashmir,N.A.) (N.A.,,562.45,,562.45,25.62,,,2026-01,4.0,ongoing_census,2024-09
N06000083,BENTI UG (0.81 MTY) 8/2007,COAL,Jharkhand,CCL) (N.A.) (N.A.,2007-08,163.51,,,133.35,,,,84.4,ongoing_census,2024-09
N06000087,RCE OCP ( 3.0 MTY) 12/2009,COAL,Jharkhand,CCL,2009-12,510.85,,,488.31,,,,74.5,ongoing_census,2024-09
N06000096,UG TURN-KEY PROJECT 2/2011,COAL,Jharkhand,BCCL) (N.A.) (N.A.,2011-02,339.88,,,151.61,,,,70.0,ongoing_census,2024-09
N06000126,XV SEAM UG 8/2011 NLW WASHERY 8/2010,COAL,Jharkhand,BCCL) (N.A.) (N.A.,2011-08,1230.27,,1230.27,592.64,,,2026-02,80.0,ongoing_census,2024-09
N06000169,EAST (RCE) OCP 8/2018,COAL,Jharkhand,ECL,2018-08,513.98,,,182.9,,2026-03,,51.0,ongoing_census,2024-09
N06000186,EXPANSION OCP 11/2019,COAL,Jharkhand,CCL) (N.A.) (N.A.,2019-11,243.52,,,44.35,,,,46.6,ongoing_census,2024-09
N06000194,SOUTH COAL BLOCK 7/2013 2.5 NLW COAL WASHERY 10/2015,COAL,Jharkhand,BCCL) (N.A.) (N.A.,2013-07,2242.92,2242.9,2242.9,223.28,,,2028-09,43.0,ongoing_census,2024-09
N06000216,PROJECT REPORT MAGADH 8/2020 OCP,COAL,Jharkhand,N.A.) (N.A.,2020-08,7254.37,,7254.37,1245.76,,,2028-03,19.0,ongoing_census,2024-09
N06000217,PROJECT AMRAPALI OCP 8/2020,COAL,Jharkhand,CCL) (N.A.) (N.A.,,5136.15,,,686.05,,,,19.0,ongoing_census,2024-09
N06000218,OF EPR OF NORTH URIMARI OCP 7/2021,COAL,Jharkhand,CCL) (N.A.) (N.A.,,778.8,,,683.05,,,,75.0,ongoing_census,2024-09
N06000237,BASANTPUR PACHMO OCP 8/2020,COAL,Jharkhand,CCL,2020-08,625.4,625.4,,394.31,,,,38.0,ongoing_census,2024-09
N06000238,OCP 8/2020,COAL,Jharkhand,CCL) (N.A.) (N.A.,2020-08,973.5,,,7.95,,,,12.4,ongoing_census,2024-09
N06000239,OCP 5/2020,COAL,Jharkhand,CCL,2020-05,222.82,,,139.31,,,,60.0,ongoing_census,2024-09
N06000240,LAIYO OCP 8/2020,COAL,Jharkhand,CCL) (N.A.) (N.A.,2020-08,764.57,,,145.8,,,,20.0,ongoing_census,2024-09
N06000242,TAPIN SOUTH OCP 11/2020 PUNDI OCP 11/2020,COAL,Jharkhand,CCL) (N.A.) (N.A.,2020-11,230.41,,230.41,18.14,,,2025-03,18.3,ongoing_census,2024-09
N06000243,ROHINI KARKATA OCP 1/2021,COAL,Jharkhand,CCL,2021-01,1020.42,,,82.92,,,,11.7,ongoing_census,2024-09
N06000245,OF KONAR OCP 1/2022,COAL,Jharkhand,CCL) (N.A.) (N.A.,2022-01,799.34,,,384.03,,,,32.0,ongoing_census,2024-09
N06000247,OF KARO OCP 1/2022 OF ASHOK OCP 5/2021,COAL,Jharkhand,CCL) (N.A.) (N.A.,2022-01,908.47,,908.47,145.14,,,2026-03,17.2,ongoing_census,2024-09
N06000273,NTST KUJAMA OCP 8.5 1/2023,COAL,Jharkhand,N.A.) (N.A.,,4011.85,,4011.85,389.65,,,2030-03,24.1,ongoing_census,2024-09
N06000275,C OC 8/2022,COAL,Jharkhand,ECL) (N.A.) (N.A.,2022-08,859.41,,,33.33,,,,62.0,ongoing_census,2024-09
N28000067,BOYS HOSTEL(1000 DOUBLE 9/2012 ROOM) AT ISM DHANBAD EDUCATION),DEPARTMEN T OF HIGHER EDUCATION,Jharkhand,,2012-09,171.86,,171.86,175.21,,,2016-03,0.0,ongoing_census,2024-09
N16000239,PLAN OF CBM - BOKARO 12/2015,PETROLEUM,Jharkhand,ONGC,,823.27,1137.79,1137.79,1046.44,,2024-03,2025-03,83.1,ongoing_census,2024-09
N16000445,OF JHARIA CBM BLOCK 11/2019,PETROLEUM,Jharkhand,PHASE-1) (Mar-24) (N.A.,,431.0,,431.0,162.34,,2024-03,2024-12,56.4,ongoing_census,2024-09
N16000480,OF NATURAL GAS PIPELINE 3/2023 HAZARIBAGH TO RANCHI,PETROLEUM,Jharkhand,N.A.) (N.A.,2023-03,202.07,,202.07,45.05,,,2026-02,33.42,ongoing_census,2024-09
N16000497,PROJECT IN BIHAR JHARKHAND 6/2022,PETROLEUM,Jharkhand,HPCL) (N.A.) (N.A.,2022-06,1377.0,,,178.29,,,,17.7,ongoing_census,2024-09
N18000177,KARANPURA STPP (3X660 MW) 2/2014,POWER,Jharkhand,NTPC) (Oct-22) (N.A.,2014-02,16242.9,,,15361.62,,2022-10,,85.0,ongoing_census,2024-09
N18000275,STPP-I (3X800MW) 11/2017,POWER,Jharkhand,NTPC,2017-11,17112.0,,,13151.45,,,,68.0,ongoing_census,2024-09
N18000367,COAL MINING PROJECT 2/2019,POWER,Jharkhand,NTPC) (N.A.) (N.A.,2019-02,501.79,,,40.35,,,,0.0,ongoing_census,2024-09
220100305,"COAL MINING PROJECT 9/2015 (NL), ECR 4/2002",RAILWAYS,Jharkhand,NTPC) (N.A.) (N.A.,2015-09,1553.0,1625.87,2804.0,0.0,2002-04,,2019-11,0.0,ongoing_census,2024-09
N22000396,RANCHI DOUBLING 3/2016,RAILWAYS,Jharkhand,SER,2016-03,1724.2,3029.04,,2162.68,,,,80.0,ongoing_census,2024-09
N22000508,TO PISKA LINK LINE BY 4/2018 HATIA/RANCHI WITH Y (17.2 KM),RAILWAYS,Jharkhand,SER,2018-04,428.65,,472.5,272.44,,,2026-06,2.0,ongoing_census,2024-09
N22000529,OF PRADHANKHUNTA JN - 11/2022 BAZAR-BHOJUDIH,RAILWAYS,Jharkhand,ECR,,202.0,349.22,349.22,6.62,,,2027-11,0.0,ongoing_census,2024-09
N22000595,- 3RD LINE (132 12/2015,RAILWAYS,Jharkhand,N.A.) (N.A.,,1116.0,,3270.07,2875.04,,,2025-03,98.0,ongoing_census,2024-09
N22000599,LINE BETWEEN DHANBAD 11/2016,RAILWAYS,Jharkhand,RVNL,2016-11,8975.0,,7906.38,4630.47,,,2026-03,90.0,ongoing_census,2024-09
N22000610,ROAD - RAIL OVER RAIL 3/2017,RAILWAYS,Jharkhand,ECR,2017-03,262.71,,,196.01,,,,73.0,ongoing_census,2024-09
N22000611,- FLYOVER FOR DOWN TRAINS 1/2018,RAILWAYS,Jharkhand,ECR) (N.A.) (N.A.,,487.73,,,303.35,,,,16.0,ongoing_census,2024-09
N24000726,LANING OF BARHI - KODERMA 1/2018 OF NH - 31 LANING OF BIHAR - JHARKHAND 1/2018 (CHORDAHA) TO GORHAR,ROAD TRANSPORT AND HIGHWAYS,Jharkhand,Jun-25) (N.A.,2018-01,273.46,,276.17,255.63,,2024-09,2024-09,97.0,ongoing_census,2024-09
N24000854,OF LOHA - WARANGA SECTION 3/2018 NH-361 FROM KM. 187.800 TO KM. (DESIGN LENGTH 56.569 K,ROAD TRANSPORT AND HIGHWAYS,Jharkhand,NHAI,,1005.08,1073.1,1073.1,699.05,,2024-12,2024-12,81.0,ongoing_census,2024-09
N24001216,TO 2 LANE WITH PAVED 12/2016 AND GEOMETRIC OF NH-114A FROM KM TO KM 184 I,ROAD TRANSPORT AND HIGHWAYS,Jharkhand,MoRTH,2016-12,196.0,,196.0,164.21,,2024-12,2024-12,90.0,ongoing_census,2024-09
N24001589,TO PARWA MODE 9/2020 FROM KM 23.284 TO KM 57.049 NH-98,ROAD TRANSPORT AND HIGHWAYS,Jharkhand,NHAI,2020-09,755.26,,1039.0,546.41,,2024-12,2024-12,82.5,ongoing_census,2024-09
N24001590,FROM KM 196.87 (SANKHA) TO KM 9/2020 (KHAJURI) ON NH-75 [REHLA / BYPASS],ROAD TRANSPORT AND HIGHWAYS,Jharkhand,NHAI,,748.99,,903.0,808.09,,2024-12,2024-12,99.98,ongoing_census,2024-09
N24001594,CORRIDOR IN RANCHI CITY 2/2022 KM 0.00 TO KM 3.260 OF NH-75 DOWN RAMP ON NH-23,ROAD TRANSPORT AND HIGHWAYS,Jharkhand,N.A.) (N.A.,,534.73,,534.73,14.87,,,2025-01,70.0,ongoing_census,2024-09
N24001595,OF PALMA TO GUMLA SECTION OF 8/2020 FROM KM. 26.00 TO KM. 89.170 ON MODE IN THE STATE OF JHARKH,ROAD TRANSPORT AND HIGHWAYS,Jharkhand,NHAI,,1034.0,1785.18,1785.18,41.5,,,2024-10,81.72,ongoing_census,2024-09
N24001596,OF MIRZA CHAUKI TO FARKKA 11/2021 OF NH80 FROM KM 215.00 TO 260.00 ON HAM MODE IN THE STATE,ROAD TRANSPORT AND HIGHWAYS,Jharkhand,NHAI,2021-11,1302.72,1504.8,1504.8,798.61,,2025-06,2025-06,54.47,ongoing_census,2024-09
N24001597,WORK OF RANCHI-MAHULIA 1/2019 OF NH-33 FROM KM 113.730 TO KM 140.000 (RAMPUR) (PKG-,ROAD TRANSPORT AND HIGHWAYS,Jharkhand,Jul-24) (518.00,2019-01,466.55,518.0,466.55,0.0,,2024-07,2024-07,99.25,ongoing_census,2024-09
N24001854,LANING WITH PAVED SHOULDER 6/2023 SECTION FROM KM 53.600 (GOLA ON TO KM 81.446 (ORMANJHI ON,ROAD TRANSPORT AND HIGHWAYS,Jharkhand,NHAI,2023-06,1214.93,1324.95,1324.95,650.5,,,2025-06,42.0,ongoing_census,2024-09
N24001922,TO 2-LANE WITH PAVED 2/2020 FROM KM 0.00 TO 44.00 SECTION) OF NH-143A,ROAD TRANSPORT AND HIGHWAYS,Jharkhand,Dec-24) (N.A.,2020-02,153.01,,153.01,83.63,,2024-12,2024-12,84.0,ongoing_census,2024-09
N24001923,AND STRENGTHENING OF 1/2022 PAVEEMNT TO TWO LANE PAVED SHOULDERS FROM KM TO K,ROAD TRANSPORT AND HIGHWAYS,Jharkhand,MoRTH,,315.21,,315.21,75.24,,2024-12,2024-12,75.0,ongoing_census,2024-09
N24001924,AND STRENGTHENING TO 3/2022 LANE WITH PAVED LANE+ PAVED WITH SERVICE ROA,ROAD TRANSPORT AND HIGHWAYS,Jharkhand,N.A.) (N.A.,,514.22,,514.22,10.49,,,2025-08,6.0,ongoing_census,2024-09
N24001925,AND 3/2022 TWO LANE WITH PAVED SHOULDER/ LANE WITH PAVED SHOUL,ROAD TRANSPORT AND HIGHWAYS,Jharkhand,N.A.) (N.A.,2022-03,423.18,,423.18,0.11,,,2025-08,0.0,ongoing_census,2024-09
N24002053,LANING OF KHAJURI TO 4/2022 FROM KM 219.600 TO 260.483 ON NH-75 PKG SEC-V ON,ROAD TRANSPORT AND HIGHWAYS,Jharkhand,NHAI,2022-04,1232.0,1343.0,1400.0,343.03,,,2025-09,47.18,ongoing_census,2024-09
N24002054,LANING OF BHOGU TO SANKHA 10/2022 KM 147.450 TO KM 196.870 ON NH- PKG SEC-III,ROAD TRANSPORT AND HIGHWAYS,Jharkhand,NHAI,2022-10,1390.77,1391.0,1600.0,196.32,,,2025-11,52.05,ongoing_census,2024-09
N24002055,LANING OF BASUKINATH- 3/2023 SECTION OF NH-114A FROM 85.081 TO KM 130.240 UNDER NHDP,ROAD TRANSPORT AND HIGHWAYS,Jharkhand,NHAI,2023-03,1444.94,,1444.94,0.0,,,2025-12,0.0,ongoing_census,2024-09
N24002056,PARIYOJANA OF BOKARO 6/2020 MORE - GOLA SECTION OF NH-320 KM. 21.110 TO KM. 53.600 IN,ROAD TRANSPORT AND HIGHWAYS,Jharkhand,N.A.) (N.A.,,964.64,,964.64,362.33,,,2025-06,25.7,ongoing_census,2024-09
N24002057,LANING OF MEHGAMA HANSDIHA 12/2022 OF NH-33 FROM EXISTING KM TO 93.000 IN THE STATE OF J,ROAD TRANSPORT AND HIGHWAYS,Jharkhand,NHAI,2022-12,1443.77,,1443.77,0.0,,,2025-05,0.0,ongoing_census,2024-09
N12000095,SINTER PLANT AT BOKARO STEEL 3/2015,STEEL,Jharkhand,Dec-21) (N.A.,,1034.01,,1034.01,871.85,,2021-12,2026-11,51.74,ongoing_census,2024-09
N12000129,OF OLD SUB SYSTEM OF 9/2023 FURNACE 3 AT BOKARO STEEL,STEEL,Jharkhand,SAIL,,513.82,,513.82,74.46,,,2025-07,40.0,ongoing_census,2024-09
N12000133,OF COKE OVEN BATTERY 11/2023 OF BOKARO STEEL PLANT,STEEL,Jharkhand,N.A.) (N.A.,2023-11,627.31,,627.31,50.84,,,2026-11,18.0,ongoing_census,2024-09
N12000135,OF REMAINING 04 NOS. 3/2024 BATTERY CYCLONES WITH 04 NOS. ESPS IN SINTER PLANT-1 AT BSL,STEEL,Jharkhand,SAIL,,260.37,,260.37,0.0,,,2026-06,1.5,ongoing_census,2024-09
N04000105,AIRPORT- EXPANSION OF 6/2023 BUILDING AND ASSOCIATED,CIVIL AVIATION,Karnataka,N.A.) (N.A.,,322.45,,322.45,40.61,,,2026-02,16.0,ongoing_census,2024-09
N04000108,AIRPORT - CONSTRUCTION OF 6/2023 DOMESTIC TERMINAL BUILDING MISCELLANEOUS WORKS,CIVIL AVIATION,Karnataka,AAI,,320.47,,320.47,14.07,,,2026-01,13.0,ongoing_census,2024-09
N42000006,OF PERMANENT 7/2019 FOR INDIAN INSTITUTE OF DHARWAD (PHASE 1A),DEPARTMEN T OF HIGHER EDUCATION,Karnataka,CPWD EDUCATION,2019-07,851.0,851.0,851.0,886.26,,2022-10,2023-03,100.0,ongoing_census,2024-09
N42000010,ADDITIONAL INFRASTRUCTURE AT IISC 8/2021 SH RCC MONOLITHIC FOR WOMEN HOSTEL,DEPARTMEN T OF HIGHER EDUCATION,Karnataka,CPWD,,316.25,,316.25,333.42,,2024-11,2024-11,94.0,ongoing_census,2024-09
N16000369,OF 80000MT LPG 12/2018 AT MANGALORE,PETROLEUM,Karnataka,HPCL,2018-12,854.0,854.0,854.0,618.55,,2025-03,2025-03,90.0,ongoing_census,2024-09
N16000437,AUGMENTATION OF 1/2022 AT EXISTING PORT AT MANGALORE,PETROLEUM,Karnataka,Dec-25) (500.62,2022-01,463.0,500.62,500.62,170.51,,2025-12,2025-12,56.2,ongoing_census,2024-09
N16000509,SYSTEM UPGRADATION 10/2023,PETROLEUM,Karnataka,N.A.) (N.A.,2023-10,385.0,,385.0,57.52,,,2026-02,28.87,ongoing_census,2024-09
N16000536,PLANT FOR PRODUCTION OF BIO- 3/2024,PETROLEUM,Karnataka,MANGALORE REFIN,,364.0,,364.0,5.25,,,2027-03,0.0,ongoing_census,2024-09
N18000385,FOR INTRGRATION OF RE ZONE 12/2023 GADAG II (PHASE A) IN KARNATAK,POWER,Karnataka,PHASE II) IN KOPPAL II (PHASE A&B) (N.A.) (N.A.,2023-12,2889.0,,2889.0,0.0,,,2025-12,0.0,ongoing_census,2024-09
N18000388,FOR SOLAR ENERGY ZONE IN BIDAR 2/2024 KARNATAKA [BIDAR LTD],POWER,Karnataka,PGCIL,,2148.0,,2148.0,0.0,,,2026-02,3.0,ongoing_census,2024-09
N22000256,4/2011,RAILWAYS,Karnataka,,2011-04,1801.01,,1801.01,324.85,2011-04,,2027-12,12.0,ongoing_census,2024-09
N22000258,NL 4/2010,RAILWAYS,Karnataka,,2010-04,986.3,1378.0,,537.7,,,,34.0,ongoing_census,2024-09
N22000297,4/2010,RAILWAYS,Karnataka,N.A.) (N.A.,2010-04,2127.0,,3692.6,3481.82,,,2026-12,86.0,ongoing_census,2024-09
N22000299,NL 4/2013,RAILWAYS,Karnataka,SWR) (N.A.) (N.A.,2013-04,2841.84,,,1203.98,,,,28.0,ongoing_census,2024-09
N22000308,- KUPPAM 4/2012,RAILWAYS,Karnataka,SWR) (N.A.) (296.72,2012-04,279.54,296.72,,99.49,,,,14.0,ongoing_census,2024-09
N22000486,CHIKMAGALUR SAKLESHPUR 3/1996 LINE (93 KM),RAILWAYS,Karnataka,N.A.) (825.31,1996-03,644.78,825.31,825.31,605.47,,,2025-12,66.0,ongoing_census,2024-09
N22000542,(48 KM) 4/2019,RAILWAYS,Karnataka,NCRTC) (N.A.) (N.A.,2019-04,375.67,,,0.0,,,,0.0,ongoing_census,2024-09
N22000543,(21.7 4/2019,RAILWAYS,Karnataka,N.A.) (N.A.,,169.65,,169.65,71.75,,,2026-03,0.0,ongoing_census,2024-09
N22000557,VIA KITTUR (73.10 9/2020 (UMBRELLA WORK PB#22/2019-,RAILWAYS,Karnataka,SWR,,1590.8,927.42,927.42,0.36,,,2027-12,0.0,ongoing_census,2024-09
N22000558,(ALUR) - BELUR (32 KM) 6/2019 WORK PB#23/2018-19/NR),RAILWAYS,Karnataka,SWR,2019-06,663.03,748.85,748.85,0.34,,,2027-12,1.0,ongoing_census,2024-09
N22000559,9/2019 WORK PB#23/2018-19/NR),RAILWAYS,Karnataka,SWR,2019-09,1453.73,994.47,994.47,66.02,,,2027-12,7.0,ongoing_census,2024-09
N22000621,3/2018,RAILWAYS,Karnataka,SWR,2018-03,492.87,,492.87,169.03,,,2025-06,46.0,ongoing_census,2024-09
N24000334,AND WIDENING TO 3/2015 LANE WITH PAVED SHOULDERS KM.106.00 TO 153.00 OF NH-218,ROAD TRANSPORT AND HIGHWAYS,Karnataka,Aug-24) (N.A.,,165.67,,165.67,126.47,,2024-08,2024-08,99.0,ongoing_census,2024-09
N24000462,OF GOA/KARNATAKA BORDER- 5/2014 SECTION,ROAD TRANSPORT AND HIGHWAYS,Karnataka,NHAI,,1655.01,2639.0,2639.0,1803.36,,2024-12,2024-12,97.8,ongoing_census,2024-09
N24000552,EXISTING KM 189.700 TO 3/2016 HASSAN TO MARANAHALLY,ROAD TRANSPORT AND HIGHWAYS,Karnataka,NHAI,,701.4,591.86,701.4,460.17,,2023-12,2025-03,79.0,ongoing_census,2024-09
N24000603,HOSPET-BELLARY-KARNATAKA AP 8/2016,ROAD TRANSPORT AND HIGHWAYS,Karnataka,NHAI,,1167.42,,1224.01,795.47,,2025-05,2025-05,77.9,ongoing_census,2024-09
N24000622,LANNING OF BRT TIGER 9/2016 BOUNDARY TO BANGALORE OF NH-209(EXISTING FROM,ROAD TRANSPORT AND HIGHWAYS,Karnataka,NHAI,2016-09,950.69,1487.46,2525.02,1911.26,,2024-06,2024-12,99.12,ongoing_census,2024-09
N24001156,TO TWO LANE WITH PAVED 1/2017 FROM KM 544.200 TO KM OF NH-150A HOSMANE CROSS,ROAD TRANSPORT AND HIGHWAYS,Karnataka,MoRTH,,166.67,,264.34,192.08,,2023-05,2023-05,100.0,ongoing_census,2024-09
N24001157,AND 8/2016 TO TWO LANE WITH SHOULDERS FROM KM 243.20 TO 290.20 OF NH,ROAD TRANSPORT AND HIGHWAYS,Karnataka,Jul-24) (N.A.,2016-08,175.5,,241.6,189.72,,2024-07,2024-07,90.1,ongoing_census,2024-09
N24001158,TO TWO LANE WITH 3/2018 SHOULDERS FROM DS. CH. (EX. KM 448.00) TO DS. CH.485+2,ROAD TRANSPORT AND HIGHWAYS,Karnataka,MoRTH,,159.97,,242.61,113.15,,2023-12,2023-12,100.0,ongoing_census,2024-09
N24001159,TO TWO LANE WITH PAVED 1/2018 FROM KM 20.150 TO KM OF BC ROAD KOTTIGEHARA,ROAD TRANSPORT AND HIGHWAYS,Karnataka,N.A.) (N.A.,,159.7,,159.7,142.88,,,2022-03,100.0,ongoing_census,2024-09
N24001160,TO TWO LANE WITH PAVED 9/2017 FROM KM 194.900 TO KM OF NH-234 BANAVARA-HULIYAR,ROAD TRANSPORT AND HIGHWAYS,Karnataka,MoRTH,,191.6,,191.6,112.03,,2022-04,2022-04,100.0,ongoing_census,2024-09
N24001161,TO TWO LANE WITH PAVED 12/2017 FROM 24.600 TO 70.063 OF TO KADUR SECTION OF NH-,ROAD TRANSPORT AND HIGHWAYS,Karnataka,Apr-22) (N.A.,,297.3,,318.28,280.25,,2022-04,2022-04,100.0,ongoing_census,2024-09
N24001162,AND RECONSTRUCTION 3/2018 TWO LANE WITH PAVED FROM KM 489.845 (NEW AN,ROAD TRANSPORT AND HIGHWAYS,Karnataka,Nov-22) (N.A.,2018-03,325.86,,386.41,356.78,,2022-11,2022-11,100.0,ongoing_census,2024-09
N24001164,TO 2 LANE WITH PAVED 10/2016 FROM KM 0 TO 54 OF NH-50 EPC MODE IN THE STATE OF,ROAD TRANSPORT AND HIGHWAYS,Karnataka,MoRTH,2016-10,396.96,,396.96,329.58,,2022-07,2022-07,100.0,ongoing_census,2024-09
N24001165,TO 2 LANE WITH PAVED 11/2016 FROM KM 34.00 TO 70.900 NH-150 UNDER EPC MODE IN THE,ROAD TRANSPORT AND HIGHWAYS,Karnataka,Oct-21) (N.A.,2016-11,314.9,,314.9,233.95,,2021-10,2021-10,100.0,ongoing_census,2024-09
N24001166,TWO LANE WITH PAVED 3/2015 FROM FROM KM.56.00 TO OF NH-218 (218-KNT-2014-15-775),ROAD TRANSPORT AND HIGHWAYS,Karnataka,MoRTH,2015-03,159.12,,159.12,127.72,,,2024-07,98.0,ongoing_census,2024-09
N24001168,FOR WIDENING TWO LANE TO 5/2018 LANE FROM FROM KM.129.00 TO OF NH-63 ANKOLA-GOOTY SECT,ROAD TRANSPORT AND HIGHWAYS,Karnataka,Dec-23) (N.A.,,171.6,,171.6,134.81,,2023-12,2023-12,100.0,ongoing_census,2024-09
N24001172,TO TWO LANE WITH PAVED 1/2017 FROM KM 4.40 TO KM 56.00 NH-218 BIJAPURA-HUBLI SECTION U,ROAD TRANSPORT AND HIGHWAYS,Karnataka,MoRTH,,291.49,,291.49,238.77,,,2022-06,100.0,ongoing_census,2024-09
N24001173,OF MAJOR BRIDGE AT 2/2017 180.865 ACROSS RIVER KRISHNA ON HAGARI JADERCELA SECTION,ROAD TRANSPORT AND HIGHWAYS,Karnataka,N.A.) (188.00,,157.32,188.0,187.61,62.31,,,2025-10,60.0,ongoing_census,2024-09
N24001387,TO 2-LANE WIH PAVED 1/2017 FROM KM. 544.20 TO 594.00,ROAD TRANSPORT AND HIGHWAYS,Karnataka,May-23) (N.A.,2017-01,264.34,,264.34,201.07,,2023-05,2023-05,100.0,ongoing_census,2024-09
N24001388,OF MAJOR BRIDGE 3/2019 SHARAVATHI BACKWATERS APPROCHES BETWEEN AND KALASA,ROAD TRANSPORT AND HIGHWAYS,Karnataka,MoRTH,2019-03,423.15,,423.15,284.58,,2024-11,2024-11,82.0,ongoing_census,2024-09
N24001425,OF ADDAHOLE TO BANTWAL CROSS 3/2021 INCLUDING FLYOVER AT TOWN,ROAD TRANSPORT AND HIGHWAYS,Karnataka,NHAI,,1100.88,1713.98,1713.98,908.41,,2025-03,2025-03,63.5,ongoing_census,2024-09
N24001426,OF ADDAHOLE TO BANTWAL CROSS 3/2021,ROAD TRANSPORT AND HIGHWAYS,Karnataka,NHAI,,317.9,576.32,576.32,339.7,,2025-03,2025-03,94.7,ongoing_census,2024-09
N24001598,FROM SANKESHWAR BYPASS TO MH 1/2022 BORDER FROM KM. 555.017 TO KM. OF NH-48 (PKG II),ROAD TRANSPORT AND HIGHWAYS,Karnataka,NHAI,,1388.7,1388.7,1388.7,299.54,,2025-04,2025-04,48.4,ongoing_census,2024-09
N24001599,PORT TO KUMTA - SIRSI ROAD 3/2018 KM 0.00 - KM 4.265 OF BELEKERI ROAD LINK RD. AND KM 4.,ROAD TRANSPORT AND HIGHWAYS,Karnataka,NHAI,,440.16,,440.16,301.22,,2025-04,2025-04,58.84,ongoing_census,2024-09
N24001674,BORDER TO HOSKOTE 2/2023,ROAD TRANSPORT AND HIGHWAYS,Karnataka,NHAI) (N.A.) (N.A.,2023-02,1240.6,,,618.05,,,,58.13,ongoing_census,2024-09
N24001675,OF MH/KN BORDER (NIMBAL VILLAGE) 11/2022 KN/TS BORDER (SINGNODI VILLAGE) KM. 162.5 TO KM. 203.100,ROAD TRANSPORT AND HIGHWAYS,Karnataka,N.A.) (N.A.,2022-11,1732.73,,1732.73,540.35,,,2025-05,95.56,ongoing_census,2024-09
N24001676,OF MH/KN BORDER (NIMBAL VILLAGE) 12/2022 KN/TS BORDER (SINGNODI VILLAGE) KM. 26.000 TO KM. 97.000,ROAD TRANSPORT AND HIGHWAYS,Karnataka,N.A.) (N.A.,2022-12,2718.46,,2718.46,312.9,,,2025-06,32.24,ongoing_census,2024-09
N24001677,WORK OF 2L PS FROM KM 11/2022 TO 70.800 AND 2L WITH RIGID FROM 70.800 TO KM,ROAD TRANSPORT AND HIGHWAYS,Karnataka,NHAI,,226.76,226.76,226.76,70.45,,2024-05,2024-05,51.51,ongoing_census,2024-09
N24001679,FROM BELGAUM TO SANKESHWAR 10/2022 FROM KM 515.000 TO KM OF NH 48,ROAD TRANSPORT AND HIGHWAYS,Karnataka,NHAI,2022-10,1479.3,1479.3,1479.3,395.27,,2025-04,2025-04,83.88,ongoing_census,2024-09
N24001680,OF SANNUR TO BIKARNAKATTE 3/2021 FROM KARKALA TO,ROAD TRANSPORT AND HIGHWAYS,Karnataka,NHAI,2021-03,1409.68,1633.91,1633.91,800.63,,2025-06,2025-06,41.91,ongoing_census,2024-09
N24001681,- NELAMANGALA(6L) 8/2022,ROAD TRANSPORT AND HIGHWAYS,Karnataka,,2022-08,2032.15,2032.15,,162.33,,2025-08,,43.53,ongoing_census,2024-09
N24001682,2/4 LANE NH 3/2022 UNDER SAGARMALA SH 2 HAVERI YEKAMBI SH 69 KUMTA,ROAD TRANSPORT AND HIGHWAYS,Karnataka,Sep-25) (N.A.,2022-03,294.62,,294.62,32.02,,2025-09,2025-09,13.09,ongoing_census,2024-09
N24001684,- BIDAR KM 0.00 TO KM 45.878 9/2021 OF CHANNARAYAPATNA BYPASS AND 9/2020 BYPASS WITH STRUCTURES IN -HASSAN SECTION,ROAD TRANSPORT AND HIGHWAYS,Karnataka,NHAI) (Dec-24) (N.A.,,912.37,602.09,424.16,327.34,,2024-12,2024-12,98.04,ongoing_census,2024-09
N24001685,OF 4 LANE BANGALORE 1/2021 EXPRESSWAY FROM KM TO KM 71.000 SECTION OF NE-7,ROAD TRANSPORT AND HIGHWAYS,Karnataka,May-24) (N.A.,2021-01,1069.0,,1609.42,840.4,,2024-05,2024-10,99.99,ongoing_census,2024-09
N24001686,LANING OF BANAVARA TO 3/2021 SECTION FROM KM. (DESIGN KM. 121+900) TO KM.,ROAD TRANSPORT AND HIGHWAYS,Karnataka,NHAI,2021-03,1065.06,1444.5,1444.5,158.15,,2024-10,2024-10,88.94,ongoing_census,2024-09
N24001687,LANING OF BETTADAHALLI TO 10/2021 SECTION FROM KM. (DESIGN KM. 170+415) TO KM.,ROAD TRANSPORT AND HIGHWAYS,Karnataka,NHAI,,1331.77,2082.98,2082.98,330.13,,2024-10,2025-03,68.61,ongoing_census,2024-09
N24001688,OF 4 LANE BANGALORE- 10/2020 EXPRESSWAY FROM KM 0.000 KM 26.400 NE-7(ALONG WITH 0.700,ROAD TRANSPORT AND HIGHWAYS,Karnataka,NHAI,2020-10,3184.0,,2867.98,1165.0,,2024-03,2024-12,98.55,ongoing_census,2024-09
N24001689,OF 4 LANE BANGALORE 12/2020 CHENNAI EXPRESSWAY FROM KM TO KM 53.500 SECTION OF NE-7,ROAD TRANSPORT AND HIGHWAYS,Karnataka,Mar-24) (N.A.,2020-12,1745.0,,1609.42,1252.9,,2024-03,2024-11,98.53,ongoing_census,2024-09
N24001691,LANING OF KARADI TO BANAVARA 10/2019 FROM KM. 66+540 (DESIGN KM. TO KM. 119+790 (DESIGN,ROAD TRANSPORT AND HIGHWAYS,Karnataka,NHAI,2019-10,1225.24,1505.85,1505.85,77.62,,2024-10,2024-10,93.63,ongoing_census,2024-09
N24001936,WORK OF CONTSRUCTION OF 3/2021 LANE WITH PAVED FROM KM. 54.370 TO KM. (BI,ROAD TRANSPORT AND HIGHWAYS,Karnataka,Jul-24) (N.A.,,344.79,,344.79,10.0,,2024-07,2024-07,90.0,ongoing_census,2024-09
N24001937,WORK OF REHABILITATION 2/2023 UPGRADING TO 2LANE/2LANE WITH SHOULDER CONFIGURATION ST,ROAD TRANSPORT AND HIGHWAYS,Karnataka,Feb-25) (N.A.,2023-02,398.48,,398.48,5.0,,2025-02,2025-02,50.0,ongoing_census,2024-09
N24001938,"OF ELEVATED 6/2021 FROM KM. 135.650 TO ON 63, FROM KM. 249 TO KM. ON",ROAD TRANSPORT AND HIGHWAYS,Karnataka,MoRTH,2021-06,298.0,,298.0,10.7,,2025-06,2025-06,52.0,ongoing_census,2024-09
N24001940,TO 2 LANE WITH PAVED 1/2023 FROM DESIGN KM 103.200 KM 103.200) TO DESIGN KM 11,ROAD TRANSPORT AND HIGHWAYS,Karnataka,Sep-25) (N.A.,2023-01,166.58,,166.58,3.54,,2025-09,2025-09,0.0,ongoing_census,2024-09
N24001941,TO 4 LANE FROM KM. 133.00 1/2023 158.04 (DESIGN CHAINAGE KM. 130.88 155.145) (SHIRUR CROSS T,ROAD TRANSPORT AND HIGHWAYS,Karnataka,MoRTH,,350.69,,350.69,10.0,,2025-01,2025-01,56.0,ongoing_census,2024-09
N24001943,TO TWO LANE WITH PAVED 9/2022 FROM KM. 33.13 TO KM. AND KM. 52.00 TO KM. 71.00 (EX,ROAD TRANSPORT AND HIGHWAYS,Karnataka,Jan-25) (N.A.,,172.98,,172.98,6.48,,2025-01,2025-01,65.0,ongoing_census,2024-09
N24001944,TO INTERMEDIATE/TWO LANE 1/2023 2 LANE WITH PAVED SHOULDER EXISTING CHANAGES KM 112.750,ROAD TRANSPORT AND HIGHWAYS,Karnataka,MoRTH,,255.88,,255.88,60.99,,2024-07,2024-07,78.0,ongoing_census,2024-09
N24001945,TO 2 LANE WITH PAVED 8/2022 FROM KM 116.800 TO CHANGES) ON HOL,ROAD TRANSPORT AND HIGHWAYS,Karnataka,Dec-24) (N.A.,2022-08,170.34,,170.34,4.25,,2024-12,2024-12,72.0,ongoing_census,2024-09
N24001946,"TO 2 LANES WITH PAVED 11/2022 FROM KM 24.400 TO 27.270, TO 41.900, 84.300 TO 88.20",ROAD TRANSPORT AND HIGHWAYS,Karnataka,Nov-24) (N.A.,2022-11,218.93,,218.93,10.0,,2024-11,2024-11,95.0,ongoing_census,2024-09
N24001947,TO EXISTING 2 LANE WITH 2/2023 SHOULDER TO 4 LANE WITH SHOULDER FROM DESIGN KM,ROAD TRANSPORT AND HIGHWAYS,Karnataka,MoRTH,,177.94,,177.94,6.66,,2025-02,2025-02,47.0,ongoing_census,2024-09
N24001948,TO 4 LANE FROM KM 51.60 TO 10/2022 (HEBRI TO PARKALA) AND FROM 85.20 TO 88.90 (KARAVALI JU,ROAD TRANSPORT AND HIGHWAYS,Karnataka,Dec-24) (N.A.,,355.72,,355.72,11.32,,2024-12,2024-12,60.0,ongoing_census,2024-09
N24001989,LANING OF LEFT OVER WORKS OF 3/2023 BELLARY KARNATAKA/ AP FROM KM.280.080 TO KM.,ROAD TRANSPORT AND HIGHWAYS,Karnataka,NHAI,,830.28,,830.28,401.84,,,2025-05,49.3,ongoing_census,2024-09
N24001993,OF 6 LANE ACCESS 12/2022 GREENFIELD HIGHWAY KM. 97.000 TO KM. 162.500 S,ROAD TRANSPORT AND HIGHWAYS,Karnataka,N.A.) (N.A.,2022-12,1589.0,,1589.0,400.0,,,2025-10,43.25,ongoing_census,2024-09
N24001994,OF BANGALORE - PUNE SECTION 5/2022 BYPASS CONNECTING DHARWAD - FROM KM. 403.80 TO KM. 433.20,ROAD TRANSPORT AND HIGHWAYS,Karnataka,NHAI,2022-05,1135.39,,1135.39,231.38,,,2025-09,43.65,ongoing_census,2024-09
N24002011,WORK OF CONSTRUCTION OF 12/2021 LANE WITH PAVED FROM KM 422.000 TO 523.600 CHITR,ROAD TRANSPORT AND HIGHWAYS,Karnataka,Dec-24) (N.A.,,516.96,,516.96,19.93,,2024-12,2024-12,70.0,ongoing_census,2024-09
N24002012,TO TWO LANE WITH PAVED 3/2023 FROM KM 40.00 TO KM (EXISTING CHAINAGES) OF,ROAD TRANSPORT AND HIGHWAYS,Karnataka,Mar-25) (N.A.,,718.52,,718.52,24.81,,2025-03,2025-03,23.0,ongoing_census,2024-09
N24002013,OF TWO LANE WITH 3/2021 SHOULDER FROM KM.0 TO KM. ON NH 548B (VIJAYAPURA- SE,ROAD TRANSPORT AND HIGHWAYS,Karnataka,MoRTH,,766.64,,766.64,13.55,,2024-10,2024-10,75.0,ongoing_census,2024-09
N28000058,METRO RAIL PROJECT 2/2014,URBAN DEVELOPME NT,Karnataka,N.A.) (N.A.,2014-02,26405.14,,26405.14,20936.29,,,2025-03,89.0,ongoing_census,2024-09
N28000151,METRO RAIL PROJECT 6/2021 PHASE. 2A AND 2B,URBAN DEVELOPME NT,Karnataka,BMRCL,2021-06,14788.1,,14788.1,2424.04,,,2026-06,30.0,ongoing_census,2024-09
N04000111,AIRPORT - DEVELOPMENT OF 6/2023 RESA ON EITHER END ON 10-28 AT CALICUT AIRPORT,CIVIL AVIATION,Kerala,AAI,,323.98,,323.98,0.0,,,2025-09,2.75,ongoing_census,2024-09
N28000140,"PERMANENT CAMPUS OF IIT 7/2019 PHASE IA AT PUDESSERY WEST, DISTRICT",DEPARTMEN T OF HIGHER EDUCATION,Kerala,CPWD EDUCATION,2019-07,753.63,,753.63,412.37,,2023-03,2025-11,67.0,ongoing_census,2024-09
N28000112,NEW HOSPITAL BLOCK FOR SREE 9/2017 TIRUNAL INSTITIUTE OF SCIENCE AND TECHNOLOGY,HEALTH AND FAMILY WELFARE,Kerala,CPWD FOR HEALTH,,150.29,,162.0,149.49,,2024-05,2024-09,99.5,ongoing_census,2024-09
N16000508,AND EXTENSION OF 3/2023 PIPELINES AT KOCHI REFINERY,PETROLEUM,Kerala,BPCL,,621.87,,621.87,74.44,,,2026-03,59.6,ongoing_census,2024-09
N16000530,UP POLYPROPYLENE UNIT AT 12/2023 REFINERY,PETROLEUM,Kerala,N.A.) (N.A.,,4460.0,,4460.0,62.16,,,2027-10,4.1,ongoing_census,2024-09
N22000399,DOUBLING 2/2015,RAILWAYS,Kerala,,2015-02,1431.9,3785.45,,3097.41,2015-02,2026-12,,30.0,ongoing_census,2024-09
N22000400,DOUBLING 2/2015,RAILWAYS,Kerala,SR) (N.A.) (N.A.,2015-02,1000.0,,,1.63,2015-02,,,0.0,ongoing_census,2024-09
N22000619,- PATCH 12/2010 (7.71 KM),RAILWAYS,Kerala,Jul-26) (595.39,2010-12,600.82,595.39,595.39,270.57,,2026-07,2026-07,0.5,ongoing_census,2024-09
N22000620,- PATCH 12/2011 (15.59 KM),RAILWAYS,Kerala,SR,2011-12,812.85,802.8,802.8,258.69,,2026-09,2026-09,0.5,ongoing_census,2024-09
N24000784,OF THALSERRY -MAHE 9/2017 OF KOZHIKODE BYPASS 2/2018 BYPASS) (I.E. VENGALAM JN. RAMANATTUKARA JN.) SECTION OF,ROAD TRANSPORT AND HIGHWAYS,Kerala,NHAI,2017-09,1124.11,1573.18,1573.18,1522.32,,2023-11,2024-02,100.0,ongoing_census,2024-09
N24001369,TO 2 LANES WITH PAVED 2/2017 FROM KM.87/000 TO 133/720 TO THANAU JN. IN PALAKK,ROAD TRANSPORT AND HIGHWAYS,Kerala,MoRTH,2017-02,294.28,296.53,296.53,285.3,,2022-03,2024-08,98.0,ongoing_census,2024-09
N24001370,TO 2-LANE WITH PAVED 2/2017 FROM KM 119/017 TO KM ON NH 85 (OLD NH 49),ROAD TRANSPORT AND HIGHWAYS,Kerala,Jan-23) (372.87,2017-02,380.76,372.87,372.87,337.83,,2023-01,2024-08,100.0,ongoing_census,2024-09
N24001648,OF 6 LANE ELEVATED 8/2022 ALONG WITH DEVELOPMENT EXISTING 4 LANE ROAD AT GROUND,ROAD TRANSPORT AND HIGHWAYS,Kerala,N.A.) (N.A.,2022-08,2429.52,,2429.52,538.62,,,2026-01,35.83,ongoing_census,2024-09
N24001649,LANING OF PARAVOOR(DESIGN KM. 12/2021 TO KOTTUKULANGARA(DESIGN 454+500) SECTION OF NEW NH-6,ROAD TRANSPORT AND HIGHWAYS,Kerala,NHAI,,3273.61,,3273.61,464.6,,2025-02,2025-02,44.5,ongoing_census,2024-09
N24001650,LANING OF KADAMBATTUKONAM TO 12/2021 SECTION OF NH- NH-47) FROM KM. 517+250 TO,ROAD TRANSPORT AND HIGHWAYS,Kerala,Aug-25) (N.A.,,3635.64,,3635.64,280.32,,2025-08,2025-08,36.28,ongoing_census,2024-09
N24001651,LANING OF THURAVOOR (DESIGN 9/2021 378+612) TO PARAVOOR (DESIGN SECTION OF NEW NH-66 (O,ROAD TRANSPORT AND HIGHWAYS,Kerala,NHAI,2021-09,2878.97,,2878.97,336.6,,2026-03,2024-09,26.35,ongoing_census,2024-09
N24001652,MINOR BRIDGE (PALOLI PALAM) AT 3/2020 203.160 and MAJOR BRIDGE AT KM. 204.895 AND ALLIED,ROAD TRANSPORT AND HIGHWAYS,Kerala,Feb-24) (216.94,,210.37,216.94,216.94,198.1,,2024-02,2024-06,100.0,ongoing_census,2024-09
N24001653,LANING FROM KODUNGALLUR TO 11/2021 SECTION OF NH 66 (OLD NH- FROM DESIGN CHAINAGE 397+750 (,ROAD TRANSPORT AND HIGHWAYS,Kerala,NHAI,,3565.82,,3064.11,1909.75,,,2025-04,42.88,ongoing_census,2024-09
N24001654,LANING OF START OF KOLLAM 6/2021 (KM.486+000) (KM.517+250) OF NEW NH-66,ROAD TRANSPORT AND HIGHWAYS,Kerala,Feb-25) (N.A.,2021-06,2641.37,,2641.37,385.44,,2025-02,2025-02,52.47,ongoing_census,2024-09
N24001655,LANING FROM KAPPIRIKKAD TO 6/2021 SECTION OF NH 66 (OLD FROM DESIGN CH. 335+850 (EX,ROAD TRANSPORT AND HIGHWAYS,Kerala,NHAI,,3606.0,3946.56,3946.56,2982.18,,,2025-11,51.33,ongoing_census,2024-09
N24001656,LANING FROM THALIKULAM TO 6/2021 SECTION OF NH 66 (OLD FROM DESIGN CH.369+015 (EX.,ROAD TRANSPORT AND HIGHWAYS,Kerala,NHAI,,2595.0,,4009.57,2916.74,,,2025-12,43.3,ongoing_census,2024-09
N24001657,LANING OF KOTTUKULANGARA 6/2021 KM. 454+500) TO START OF BYPASS (DESIGN KM. 486+000),ROAD TRANSPORT AND HIGHWAYS,Kerala,Dec-25) (N.A.,2021-06,2842.14,,2842.14,455.59,,2025-12,2025-12,57.0,ongoing_census,2024-09
N24001658,LANING OF RAMANATTUKARA 1/2021 TO START OF VALANCHERY SECTION OF NH-66 (OLD NH-17),ROAD TRANSPORT AND HIGHWAYS,Kerala,NHAI,2021-01,4265.42,,4728.4,3353.9,,2025-03,2025-03,83.6,ongoing_census,2024-09
N24001659,LANING FROM START OF 2/2021 BYPASS TO KAPPIRIKKAD- OF NH-66(OLD NH-17) FROM CH,ROAD TRANSPORT AND HIGHWAYS,Kerala,NHAI,2021-02,3375.31,3824.07,3824.07,2240.28,,2025-03,2025-03,84.0,ongoing_census,2024-09
N24001660,LANING OF THALIPARAMBHA- 8/2020 SECTION FROM KM TO KM. 170.600 OF NH-17 (NEW,ROAD TRANSPORT AND HIGHWAYS,Kerala,NHAI,2020-08,2714.6,3319.41,2714.6,1691.38,,2021-11,2025-12,60.1,ongoing_census,2024-09
N24001661,OF AZHIYUR-VENGALAM FROM KM. 10/2020 TO KM. 230.400 OF NH-66,ROAD TRANSPORT AND HIGHWAYS,Kerala,NHAI,,3219.47,3713.14,3713.14,2079.48,,2025-05,2025-12,47.83,ongoing_census,2024-09
N24001662,LANING OF KT/KL BORDER 5/2020 TO CHENGALA SECTION NH17 (NEW NH-66) FROM CH. 17.200 CH,ROAD TRANSPORT AND HIGHWAYS,Kerala,NHAI,2020-05,1981.07,2467.68,1981.07,1368.63,,2021-11,2025-03,77.02,ongoing_census,2024-09
N24001663,LANING OF NEELESHWARAM TO 6/2020 SECTION FROM CH. (EXISTING KM 96+450) TO CH.,ROAD TRANSPORT AND HIGHWAYS,Kerala,NHAI,,3041.65,3799.76,3041.65,2156.43,,2021-10,2025-12,52.5,ongoing_census,2024-09
N24001664,LANING OF CHENGALA TO 6/2020 SECTION OF NH-17 NH-66) FROM CH. 56+200 KM 57+,ROAD TRANSPORT AND HIGHWAYS,Kerala,NHAI,2020-06,1746.45,2377.88,1746.45,1125.92,,2021-10,2025-11,59.79,ongoing_census,2024-09
N24002074,OF EXISTING 8/2022 FROM KM 0.000 TO KM 124.636 TO 2L/@L+PS SECTION IN TH,ROAD TRANSPORT AND HIGHWAYS,Kerala,NHAI,2022-08,1231.74,,1231.74,103.06,,,2025-06,18.0,ongoing_census,2024-09
N28000158,METRO RAIL PROJECT 7/2012 METRO RAIL PROJECT PHASE II 7/2018 JLN STADIUM TO INFOPARK VIA,URBAN DEVELOPME NT,Kerala,Sep-20) (N.A.,2012-07,5181.79,,6218.14,6059.17,,2020-09,2020-09,100.0,ongoing_census,2024-09
N28000159,METRO RAIL PROJECT PHASE IB 6/2019 FROM S N JUNCTION TO,URBAN DEVELOPME NT,Kerala,KMRCL,,355.7,448.0,448.33,1.64,,,2023-09,0.0,ongoing_census,2024-09
N04000078,OF TERMINAL 7/2018 AND ASSOCIATED WORKS AT AIRPORT,CIVIL AVIATION,Ladakh,Oct-24) (N.A.,2018-07,480.33,,640.0,357.99,,2024-10,2025-10,60.09,ongoing_census,2024-09
N24001344,PACKAGE-1 3/2021 PACKAGE-2 3/2021,ROAD TRANSPORT AND HIGHWAYS HIGHWAYS,Ladakh,MM/YYYY,2021-03,384.23,,384.23,115.95,,2024-12,2025-10,58.5,ongoing_census,2024-09
N24001345,PACKAGE-3 8/2020,ROAD TRANSPORT AND HIGHWAYS HIGHWAYS,Ladakh,NHIDCL) (Jun-24) (N.A.,2020-08,381.01,,,179.01,,2024-06,,67.17,ongoing_census,2024-09
N24001999,PACKAGE-8 3/2021 OF REALIGNMENT 11/2021 PANDRASS- PASHKYUN LENGTH 27.10 KM) ON ROAD,ROAD TRANSPORT AND HIGHWAYS HIGHWAYS,Ladakh,NHIDCL) (Aug-24) (N.A.,2021-03,398.37,,398.37,186.05,,2024-08,2024-11,79.01,ongoing_census,2024-09
N04000087,OF JABALPUR AIRPORT 6/2016,CIVIL AVIATION,Madhya Pradesh,,2016-06,412.24,,,401.11,,,,100.0,ongoing_census,2024-09
N04000098,OF GWALIOR AIRPORT 10/2021 01,CIVIL AVIATION,Madhya Pradesh,,2021-10,446.12,,446.12,430.55,,2024-06,2024-08,100.0,ongoing_census,2024-09
N06000125,OC EXPANSION 12/2014,COAL,Madhya Pradesh,SECL,2014-12,371.04,,,134.01,,2026-03,,47.0,ongoing_census,2024-09
N06000148,OPENCAST EXPANSION 3/2016,COAL,Madhya Pradesh,SECL,2016-03,869.44,,869.44,250.19,,2027-03,2027-03,64.0,ongoing_census,2024-09
N06000162,EXPANSION OCP (10 TO 20 11/2017,COAL,Madhya Pradesh,NCL,,1255.17,,1255.17,1236.61,,,2025-03,96.89,ongoing_census,2024-09
N06000183,UG MINE 8/2019,COAL,Madhya Pradesh,WCL) (N.A.) (N.A.,2019-08,414.16,,,24.98,,,,28.0,ongoing_census,2024-09
N06000184,EXPANSION OPENCAST 7/2019,COAL,Madhya Pradesh,N.A.) (N.A.,2019-07,998.71,,998.71,360.14,,,2025-03,26.29,ongoing_census,2024-09
N06000196,EXPANSION OCP (15 TO 25 11/2020,COAL,Madhya Pradesh,N.A.) (N.A.,,1729.68,,1729.68,647.51,,,2025-03,40.74,ongoing_census,2024-09
N06000233,BATURA OC (4.0 MTY) 7/2019,COAL,Madhya Pradesh,SECL) (N.A.) (N.A.,2019-07,1248.93,,,468.43,,,,44.0,ongoing_census,2024-09
N06000257,III UG MINE 12/2021 DHANKASA JAMUNIA UG 9/2022 MTY),COAL,Madhya Pradesh,WCL) (N.A.) (N.A.,2021-12,324.25,,324.25,12.32,,,2027-03,9.0,ongoing_census,2024-09
N06000260,UG TO OC 11/2022,COAL,Madhya Pradesh,WCL) (N.A.) (N.A.,2022-11,227.65,,,7.02,,,,7.0,ongoing_census,2024-09
N06000265,OC 7/2022,COAL,Madhya Pradesh,WCL) (N.A.) (N.A.,2022-07,228.42,,,27.67,,,,9.0,ongoing_census,2024-09
N06000266,UG 7/2022,COAL,Madhya Pradesh,WCL) (N.A.) (N.A.,2022-07,200.16,,,34.4,,,,11.0,ongoing_census,2024-09
N16000518,CRACKER PROJECT AT BINA 5/2023 INCLUDING DOWNSTREAM PLANTS AND OF,PETROLEUM,Madhya Pradesh,BPCL,,43367.0,,43367.0,805.0,,,2028-05,6.3,ongoing_census,2024-09
N18000342,FLOATING SOLAR 11/2022 PROJECT (90 MW),POWER,Madhya Pradesh,SJVN,2022-11,646.17,,646.17,600.77,,,2024-08,100.0,ongoing_census,2024-09
N18000348,325MW SOLAR PV PROJECT 6/2022,POWER,Madhya Pradesh,NTPC) (N.A.) (N.A.,2022-06,1530.49,,,590.76,,,,0.0,ongoing_census,2024-09
N18000392,FOR EVACUATION POWER 8/2024 REZ PH-IV (PART-2:5.5GW) COMPLEX): PART-,POWER,Madhya Pradesh,N.A.) (N.A.,2024-08,2708.0,,2708.0,0.0,,,2026-08,0.0,ongoing_census,2024-09
220100314,"(NL),WCR 4/2001",RAILWAYS,Madhya Pradesh,WCR,2001-04,424.6,3032.46,,2947.26,,2025-12,,68.0,ongoing_census,2024-09
N22000120,(GC) 4/2008,RAILWAYS,Madhya Pradesh,,2008-04,3503.69,5677.8,,3898.71,,2027-02,,80.0,ongoing_census,2024-09
N22000415,- SINGRAULI DOUBLING PROJECT 12/2015 3RD LINE (263 KM) 6/2016,RAILWAYS,Madhya Pradesh,WCR) (N.A.) (N.A.,2015-12,1763.93,,2445.3,2857.25,,,2024-10,100.0,ongoing_census,2024-09
N22000416,GRADE SEPARATOR/BYE PASS 8/2016,RAILWAYS,Madhya Pradesh,WCR) (N.A.) (N.A.,,582.13,,,1096.23,,,,80.0,ongoing_census,2024-09
N22000503,4/2015 BADI SADRI NEW LINE PROJECT 4/2017,RAILWAYS,Madhya Pradesh,WR) (N.A.) (N.A.,2015-04,1370.0,1680.0,2311.02,1618.93,,2023-12,2024-12,74.0,ongoing_census,2024-09
N22000536,(133 KM) 10/2021,RAILWAYS,Madhya Pradesh,WR,2021-10,910.0,1095.88,,765.2,,2025-03,,87.0,ongoing_census,2024-09
N22000552,- JUJHARPUR - SINGLE 12/2016 FLYOVER IN UP DIRECTION (15.89,RAILWAYS,Madhya Pradesh,WCR,2016-12,199.63,,199.63,0.0,,,2024-03,0.0,ongoing_census,2024-09
N22000554,- REWA (50 KM) 11/2015,RAILWAYS,Madhya Pradesh,WCR) (N.A.) (40.00,2015-11,500.0,40.0,,1.41,,,,80.0,ongoing_census,2024-09
N22000601,BUDNI (INDORE JABALPUR) 9/2018,RAILWAYS,Madhya Pradesh,RVNL,2018-09,4340.0,,,1004.86,,,,12.0,ongoing_census,2024-09
N24000513,TO SHAHDOL SECTION OF NH- 3/2015 IN MADYA PRADESH KM 68/4 TO,ROAD TRANSPORT AND HIGHWAYS,Madhya Pradesh,,,511.83,,511.83,485.18,,2023-12,2024-12,93.06,ongoing_census,2024-09
N24000709,WORK FOR FOUR LANING OF 12/2017 TO BETUL SECTION OF NH69 KM 63.000 TO KM 137.00 (DESIGN,ROAD TRANSPORT AND HIGHWAYS,Madhya Pradesh,Sep-24) (N.A.,,950.27,,786.43,627.09,,2024-09,2024-09,98.44,ongoing_census,2024-09
N24000892,OF THIKRI ANJAD SECTION OF NH- 11/2017,ROAD TRANSPORT AND HIGHWAYS,Madhya Pradesh,MoRTH,,249.05,,249.05,221.19,,,2023-09,100.0,ongoing_census,2024-09
N24001614,TO GODPEHRA NH-44 2/2022,ROAD TRANSPORT AND HIGHWAYS,Madhya Pradesh,NHAI) (N.A.) (N.A.,2022-02,524.84,,,2138.61,,,,35.0,ongoing_census,2024-09
N24001615,OF SAGAR - MOHARI FROM KM.8 TO 3/2021 (PKG-I),ROAD TRANSPORT AND HIGHWAYS,Madhya Pradesh,May-24) (N.A.,,790.78,,790.78,1383.43,,2024-05,2024-08,46.0,ongoing_census,2024-09
N24001616,PS OF SATNA - MAIHAR SECTION OF 1/2021 FROM KM 80.800 TO KM,ROAD TRANSPORT AND HIGHWAYS,Madhya Pradesh,NHAI,,428.04,,428.04,350.95,,,2024-12,98.89,ongoing_census,2024-09
N24001618,BYPASS FROM KM. 359.50 TO KM. 9/2019,ROAD TRANSPORT AND HIGHWAYS,Madhya Pradesh,NHAI,,194.4,,194.4,170.92,,,2024-12,86.5,ongoing_census,2024-09
N24001756,OF UJJAIN TO BADNAWAR FROM KM 10/2020 TO KM 96.00 OF NH-752D,ROAD TRANSPORT AND HIGHWAYS,Madhya Pradesh,N.A.) (N.A.,,1352.56,,1480.94,832.71,,,2024-10,90.01,ongoing_census,2024-09
N24001758,OF SUHAGADI TO BARDIYA AMRA 1/2020 KM. 89.200 TO KM. 135.351 OF NH- (PKG-III),ROAD TRANSPORT AND HIGHWAYS,Madhya Pradesh,NHAI,2020-01,823.05,,823.05,368.5,,,2024-10,98.92,ongoing_census,2024-09
N24001759,OF CHANDESARA TO 1/2020 FROM KM. 0.000 TO (- 750 AND KM 0.000 TO KM 41.400 OF NH-,ROAD TRANSPORT AND HIGHWAYS,Madhya Pradesh,Dec-24) (N.A.,2020-01,909.84,,909.84,421.21,,2024-12,2024-12,72.3,ongoing_census,2024-09
N24001761,OF HARDA - BETUL (PKG-II) FROM KM. 2/2023 TO KM.81.00 [TEMAGAON TO,ROAD TRANSPORT AND HIGHWAYS,Madhya Pradesh,Feb-25) (N.A.,,520.28,,520.28,351.15,,2025-02,2025-02,86.91,ongoing_census,2024-09
N24001762,- HARDA (PKG-III) [NANASA TO 10/2021 SECTION FROM KM 95.000 TO 142.445],ROAD TRANSPORT AND HIGHWAYS,Madhya Pradesh,NHAI,,1146.22,,1146.22,550.78,,2024-12,2024-12,78.88,ongoing_census,2024-09
N24001765,"WORKS (2VUPS, MR-10 8/2022 FLYOVER AND UNDERPASS) SIX LANE INDORE-DEWAS SECTION N",ROAD TRANSPORT AND HIGHWAYS,Madhya Pradesh,NHAI,2022-08,207.77,,207.77,41.36,,,2025-05,32.19,ongoing_census,2024-09
N24001766,- HARDA (PKG-I) [INDORE TO 1/2022 GARH FROM KM. 0.25 TO KM.,ROAD TRANSPORT AND HIGHWAYS,Madhya Pradesh,NHAI,,1011.29,,1011.29,150.94,,,2024-10,31.06,ongoing_census,2024-09
N24001767,OF INDORE - BOREGAON (PKG-III) 1/2021 TO DHANGAON] FROM KM. TO KM. 82.660 OF NH347BG AND,ROAD TRANSPORT AND HIGHWAYS,Madhya Pradesh,NHAI,2021-01,1001.69,,1001.69,467.18,,,2024-04,77.1,ongoing_census,2024-09
N24001768,WORK OF 4L OF INDORE- 8/2019 BORDER FROM KM 106.210 KM 115.250 (START AND END POINT,ROAD TRANSPORT AND HIGHWAYS,Madhya Pradesh,NHAI,2019-08,323.51,,323.51,48.2,,,2023-11,100.0,ongoing_census,2024-09
N24001769,- BORGAON SECTION (KM 11/2018 TO KM 139.000) [INDORE - PKG IV],ROAD TRANSPORT AND HIGHWAYS,Madhya Pradesh,NHAI,,831.0,,831.0,840.3,,2024-11,2024-11,99.8,ongoing_census,2024-09
N24001770,OF OBEDULLGANJ - BUDNI SECTION 2/2022 KM. 8.400 TO KM. 20.700 IN WILDLIFE AREA OF NH - 69,ROAD TRANSPORT AND HIGHWAYS,Madhya Pradesh,Dec-24) (N.A.,2022-02,417.51,,417.51,223.58,,2024-12,2024-12,73.5,ongoing_census,2024-09
N24001921,LANE WITH PAVED SHOULDERS OF 8/2021 TO MEHULWA FROM DESIGN 27+000 9OF EXISTING SH-19 KM 26+5,ROAD TRANSPORT AND HIGHWAYS,Madhya Pradesh,N.A.) (592.03,,581.65,592.03,581.65,124.59,,,2025-09,22.05,ongoing_census,2024-09
N24001962,"OF MIHONA BYPASS, 3/2022 BYPASS, DABOH BYPASS and BYPASS (TOTAL LENGTH 20.60",ROAD TRANSPORT AND HIGHWAYS,Madhya Pradesh,MoRTH,2022-03,179.19,,179.19,75.91,,,2024-12,60.0,ongoing_census,2024-09
N24001963,OF NASRULLAGANI- 12/2021 SCCTION TO 2-LANE PAVED SHOULDER FROM KM TO KM,ROAD TRANSPORT AND HIGHWAYS,Madhya Pradesh,N.A.) (N.A.,2021-12,305.12,,305.12,73.8,,,2025-03,17.25,ongoing_census,2024-09
N24001964,and WIDENING OF 3/2022 BERASIA - DHOLKHEDI DESIGN KM 0+000 TO KM 87+900,ROAD TRANSPORT AND HIGHWAYS,Madhya Pradesh,MoRTH,2022-03,365.21,,365.21,151.39,,,2025-05,64.0,ongoing_census,2024-09
N24001965,"AND UPGRADATION OF 3/2022 MUNGAOLIC HANDERI ROAD OF NH-346, FROM DESIGN",ROAD TRANSPORT AND HIGHWAYS,Madhya Pradesh,N.A.) (N.A.,,386.49,,386.49,103.75,,,2025-02,32.0,ongoing_census,2024-09
N24001966,WORK FOR REHABILITATION 12/2020 UP-GRADATION OF SIDHI- FROM KM 82.400 TO KM SEC,ROAD TRANSPORT AND HIGHWAYS,Madhya Pradesh,MoRTH,2020-12,529.44,,529.44,165.6,,2023-05,2024-12,45.69,ongoing_census,2024-09
N24001967,GREENFIELD RUDHI TO DESHGAON 11/2018 V OF BETUL- -,ROAD TRANSPORT AND HIGHWAYS,Madhya Pradesh,N.A.) (N.A.,2018-11,521.21,,521.21,58.23,,,2025-10,14.25,ongoing_census,2024-09
N24002018,AND UPGRADATION TO 1/2022 WITH PAVED SHOULDER OF JIRAPUR-SUSNER- B,ROAD TRANSPORT AND HIGHWAYS,Madhya Pradesh,N.A.) (232.22,,239.72,232.22,232.22,129.45,,,2025-03,80.71,ongoing_census,2024-09
N24002019,OF DINDORI-SAGARTOLA- 1/2022 (MP-CG BORDER) OF NH -45 FROM KM,ROAD TRANSPORT AND HIGHWAYS,Madhya Pradesh,MoRTH,2022-01,329.14,319.09,319.09,111.42,,,2025-09,23.5,ongoing_census,2024-09
N24002020,"OF KAITHI-PADARIA 3/2022 BYPASS, PATNA-TAMOLI BYPASS, BYPASS , NAGOD BYPASS (TOTAL",ROAD TRANSPORT AND HIGHWAYS,Madhya Pradesh,N.A.) (158.00,2022-03,158.36,158.0,158.36,37.78,,,2025-10,17.0,ongoing_census,2024-09
N24002067,WORK OF 4L OF NAURADEHI 1/2021 DE-SCOPED STRETCH OF RIVER TO SINDOOR RIVER FROM,ROAD TRANSPORT AND HIGHWAYS,Madhya Pradesh,NHAI,2021-01,178.18,,178.18,161.64,,,2024-12,84.39,ongoing_census,2024-09
N24002068,OF 4-LANE FROM 12/2022 TO MANEGAON SECTION OF NH- FROM DESIGN CH. 2.900 TO DESIGN,ROAD TRANSPORT AND HIGHWAYS,Madhya Pradesh,N.A.) (N.A.,2022-12,652.33,,652.33,235.49,,,2025-03,48.59,ongoing_census,2024-09
N24002069,OF ADDITIONAL 3 LANE 7/2022 PAVED SHOULDER (DESIGN 8.87 KM) AS REALIGNMENT OF,ROAD TRANSPORT AND HIGHWAYS,Madhya Pradesh,NHAI,,209.29,,209.29,124.2,,,2024-12,93.21,ongoing_census,2024-09
N24002070,- EDLABAD (PKG-II) 1/2022 TO BALWARA],ROAD TRANSPORT AND HIGHWAYS,Madhya Pradesh,N.A.) (N.A.,2022-01,1162.8,,1162.8,470.63,,,2025-01,72.5,ongoing_census,2024-09
N24002077,OF (I) 4-LANE HIGHWAY 9/2022 VIDISHA TO HINOTIYA FROM KM. TO KM. 27.000 (LENGTH=27,ROAD TRANSPORT AND HIGHWAYS,Madhya Pradesh,N.A.) (N.A.,2022-09,1000.63,,1000.63,134.5,,,2025-12,17.05,ongoing_census,2024-09
N28000125,FOR DISABILITY SPORTS 2/2019 METRO RAIL 11/2018 METRO RAIL 11/2018,SOCIAL JUSTICE URBAN DEVELOPME NT,Madhya Pradesh,MPMRCL,2019-02,170.99,,170.99,73.8,,2027-12,2024-03,74.0,ongoing_census,2024-09
N04000079,"OF NEW INTEGRATED 3/2017 BUILDING, OF OLD TERMINAL MODIFICAT",CIVIL AVIATION,Maharasht Ra,AAI,2017-03,475.39,,520.0,505.77,,,2023-12,100.0,ongoing_census,2024-09
N04000096,"OF RUNWAY WITH BLAST 6/2017 RESA, TAXIWAY, APRON, GSE ISOLATION BAY, NEW DOMESTIC",CIVIL AVIATION,Maharasht Ra,AAI,,255.68,,270.0,267.38,,,2024-04,100.0,ongoing_census,2024-09
N06000132,YEKONA-I YEKONA-II 8/2015,COAL,Maharasht Ra,WCL) (N.A.) (N.A.,2015-08,727.28,,,534.87,,,,86.0,ongoing_census,2024-09
N06000180,DEEP OC 11/2018 DEEP OC 11/2018,COAL,Maharasht Ra,WCL) (Mar-25) (N.A.,2018-11,318.14,,318.14,253.27,,2025-03,2025-03,91.0,ongoing_census,2024-09
N06000205,EXPANSION DEEP OC 3/2021,COAL,Maharasht Ra,WCL,2021-03,241.72,,,59.3,,,,6.0,ongoing_census,2024-09
N06000206,EXPANSION OC 8/2020,COAL,Maharasht Ra,WCL) (N.A.) (N.A.,2020-08,371.59,,,105.64,,,,24.0,ongoing_census,2024-09
N06000209,OC(SASTI UG TO OC) 2/2019,COAL,Maharasht Ra,WCL,2019-02,720.87,,,179.54,,,,33.0,ongoing_census,2024-09
N06000219,UG TO OC (1.50 MTY) 11/2018,COAL,Maharasht Ra,WCL) (Mar-25) (N.A.,2018-11,333.43,,,223.17,,2025-03,,78.0,ongoing_census,2024-09
N06000222,DINESH (MAKARDHOKDA-III) OC (8.0 2/2020,COAL,Maharasht Ra,WCL,,1184.33,,1184.33,849.44,,,2027-03,48.0,ongoing_census,2024-09
N06000226,INDER-KAMPTEE DEEP 9/2018 (3.20 MTY),COAL,Maharasht Ra,WCL,,313.34,,313.34,205.45,,2025-03,2025-03,87.0,ongoing_census,2024-09
N06000231,NIRGUDA EXTENSION (DEEP) 11/2020,COAL,Maharasht Ra,WCL,2020-11,826.8,,826.8,518.85,,,2026-03,52.0,ongoing_census,2024-09
N06000252,UG MINE I EXPANSION 1/2022 DEEP OC 5/2022,COAL,Maharasht Ra,WCL) (N.A.) (N.A.,2022-01,253.51,,253.51,111.68,,,2028-03,27.0,ongoing_census,2024-09
N06000253,I EXPANSION OC 6/2022,COAL,Maharasht Ra,WCL,2022-06,497.06,,,144.88,,,,12.0,ongoing_census,2024-09
N06000254,EXPANSION OC 2/2020,COAL,Maharasht Ra,WCL) (N.A.) (N.A.,2020-02,729.86,,,159.12,,,,17.0,ongoing_census,2024-09
N06000255,MAJARI UG TO OC (3.0 MTY) 5/2019,COAL,Maharasht Ra,WCL) (N.A.) (N.A.,2019-05,496.38,,,143.72,,,,27.0,ongoing_census,2024-09
N06000256,OC (1.15MTY) 9/2022,COAL,Maharasht Ra,WCL) (N.A.) (N.A.,2022-09,494.6,,,99.87,,,,7.0,ongoing_census,2024-09
N06000264,EXPANSION OC 4/2021,COAL,Maharasht Ra,WCL,2021-04,456.95,,,148.57,,,,7.0,ongoing_census,2024-09
N06000267,EXPANSION (DEEP) OC 1/2023,COAL,Maharasht Ra,WCL) (N.A.) (N.A.,2023-01,206.19,,,7.75,,,,5.0,ongoing_census,2024-09
N06000271,GAURI PAUNI 3/2024 OC,COAL,Maharasht Ra,N.A.) (N.A.,2024-03,1428.25,,1428.25,203.03,,,2030-03,17.0,ongoing_census,2024-09
N28000117,"OF IITB RESEARCH 1/2018 AT IIT BOMBAY, POWAI, MUMBAI EDUCATION)",DEPARTMEN T OF HIGHER EDUCATION,Maharasht Ra,,2018-01,223.37,275.0,230.0,141.16,,2023-11,2024-02,100.0,ongoing_census,2024-09
N21000033,BEDDED HOSPITAL INCLUDING 50 7/2022 BEDS FOR ESIC AT,HEALTH AND FAMILY WELFARE,Maharasht Ra,CPWD,,429.25,,429.25,27.16,,,2025-09,0.0,ongoing_census,2024-09
N16000213,EXTENSION OF WALL PLATFORMS 12/2015 MUMBAI HIGH AND HEERA FIELDS,PETROLEUM,Maharasht Ra,ONGC,2015-12,3190.69,3375.9,3375.9,2961.86,,2023-12,2026-05,87.6,ongoing_census,2024-09
N16000358,HIGH NORTH REDEVELOPMENT 4/2019,PETROLEUM,Maharasht Ra,,2019-04,3228.8,3976.67,3976.67,3940.46,,2024-06,2025-02,98.8,ongoing_census,2024-09
N16000430,UP 500KTPA PROPANE 5/2019 INTEGRATED WITH UNIT ALONG WITH AND,PETROLEUM,Maharasht Ra,GAIL,2019-05,8797.0,11256.0,11256.0,5065.86,,2025-10,2025-10,73.6,ongoing_census,2024-09
N16000436,REPLACEMENT PROJECT - VII 1/2022,PETROLEUM,Maharasht Ra,ONGC) (Jan-25) (N.A.,,3183.58,,,3417.0,,2025-01,,99.1,ongoing_census,2024-09
N16000442,AND 4/2021 OF CRYOGENIC AT URAN LPG IMPORT,PETROLEUM,Maharasht Ra,BPCL,2021-04,1164.69,,1164.69,578.28,,,2025-04,56.5,ongoing_census,2024-09
N16000446,OF CRYOGENICS GROUP BY 9/2021 UP NEW MANUFACTURING,PETROLEUM,Maharasht Ra,IOCL,,378.0,,378.0,120.07,,2024-05,2024-05,39.08,ongoing_census,2024-09
N16000452,OF LUBE OIL BLENDING 5/2022 FILLING PLANT AT RASAYANI,PETROLEUM,Maharasht Ra,N.A.) (N.A.,2022-05,423.39,,423.39,181.29,,,2024-09,65.0,ongoing_census,2024-09
N16000456,PIPELINE FROM JAWAHARLAL 9/2022 PORT TRUST (JNPT) TO NAVI INTERNATIONAL AIRPORT,PETROLEUM,Maharasht Ra,NMIA,2022-09,165.0,,165.0,45.25,,,2025-08,50.88,ongoing_census,2024-09
N16000470,UPSIDE DEVELOPMENT 6/2022 (DUDP) IN TAPTI DAMAN,PETROLEUM,Maharasht Ra,ONGC,2022-06,4144.41,6406.9,6406.9,243.43,,,2026-02,11.0,ongoing_census,2024-09
N16000487,"PROJECT AT BEED, JALGAON AND 3/2022 DISTRICTS",PETROLEUM,Maharasht Ra,IOCL,,865.0,,865.0,42.76,,,2031-09,1.5,ongoing_census,2024-09
N16000503,RESIDENTIAL TOWERS 6/2017,PETROLEUM,Maharasht Ra,,2017-06,281.35,,281.35,83.7,,,2025-05,41.1,ongoing_census,2024-09
N16000504,OF ADDITIONAL 4/2022 AND ALLIED FACILITIES AT TERMINAL,PETROLEUM,Maharasht Ra,Aug-26) (N.A.,2022-04,341.43,,341.43,194.49,,2026-08,2026-08,26.0,ongoing_census,2024-09
N16000507,OF INDEPENDENT DE- 3/2023 SOLVENTS PRODUCTION AT MUMBAI REFINERY,PETROLEUM,Maharasht Ra,BPCL,,405.0,,405.0,60.5,,,2025-07,54.5,ongoing_census,2024-09
N16000515,REPLACEMENT PIPELINE 11/2022 (PRPP),PETROLEUM,Maharasht Ra,ONGC,2022-11,1219.48,,1145.1,29.82,,2024-12,2024-12,43.5,ongoing_census,2024-09
N16000519,AND LOBS INSTALLATIONS WITH 5/2023 PIPELINES AT RASAYANI,PETROLEUM,Maharasht Ra,BPCL,,2585.0,,2585.0,105.39,,,2026-05,27.9,ongoing_census,2024-09
N16000526,TCPP PGC BGC PROJECT (MTPBP) 2/2024,PETROLEUM,Maharasht Ra,ONGC,2024-02,2329.45,,,94.42,,,,15.3,ongoing_census,2024-09
N16000533,GROUP B (NH AND BS ASSET) 6/2024,PETROLEUM,Maharasht Ra,ONGC) (N.A.) (N.A.,2024-06,2379.84,,,0.0,,,,0.0,ongoing_census,2024-09
N16000534,TDAE UNIT IN MUMBAI REFINERY 6/2024,PETROLEUM,Maharasht Ra,HPCL) (N.A.) (N.A.,2024-06,240.0,,,5.36,,,,6.7,ongoing_census,2024-09
N16000537,DEVELOPMENT OF 4 5/2023 AREAS UNDER DSF2,PETROLEUM,Maharasht Ra,N.A.) (N.A.,,6183.79,,6183.79,0.0,,,2027-04,0.0,ongoing_census,2024-09
N18000335,SOLAR POWER PROJECT 4/2022,POWER,Maharasht Ra,SJVN) (N.A.) (532.00,2022-04,5491.89,532.0,,2701.37,,,,62.0,ongoing_census,2024-09
N18000377,FOR EVACUATION OF 7GW RE 11/2023 AT KHAVDA PS UNDER PART E4,POWER,Maharasht Ra,PGCIL,2023-11,224.0,,224.0,0.0,,,2025-07,0.0,ongoing_census,2024-09
220100181,VAIJNATH(NL) CR 2/1997,RAILWAYS,Maharasht Ra,CR,,2271.5,,,4342.69,,,,89.0,ongoing_census,2024-09
N22000092,URBAN TRANSPORT PROJECT 4/2008,RAILWAYS,Maharasht Ra,MRTP,2008-04,5300.0,,918.53,7135.77,,,2014-03,21.0,ongoing_census,2024-09
N22000233,MAHARASHTRA 4/2008 3RD LINE 4/2011,RAILWAYS,Maharasht Ra,CR) (N.A.) (N.A.,2008-04,3168.29,,3445.48,2673.74,,,2026-12,0.0,ongoing_census,2024-09
N22000250,NGP 3RD LINE 4/2012,RAILWAYS,Maharasht Ra,CR) (N.A.) (N.A.,,540.02,,,618.24,,,,72.0,ongoing_census,2024-09
N22000356,- 3RD LINE (132 2/2015,RAILWAYS,Maharasht Ra,N.A.) (N.A.,,1272.19,,1384.72,1170.15,,,2025-08,67.0,ongoing_census,2024-09
N22000358,(BAL.) - 3RD LINE (267 2/2015,RAILWAYS,Maharasht Ra,CR,,2449.91,,2449.91,1422.71,,,2027-03,42.0,ongoing_census,2024-09
N22000359,(467 KM) 2/2015,RAILWAYS,Maharasht Ra,,2015-02,3627.47,3627.0,,4054.95,,,,84.0,ongoing_census,2024-09
N22000360,- MANMAD (236 KM) 2/2016,RAILWAYS,Maharasht Ra,CR,2016-02,1876.0,,,2272.22,,,,87.0,ongoing_census,2024-09
N22000361,- JALGAON - 3RD LINE (160 KM) 2/2016,RAILWAYS,Maharasht Ra,CR) (N.A.) (N.A.,2016-02,1035.16,,,1362.15,,,,75.0,ongoing_census,2024-09
N22000420,- NAGPUR - 4TH LINE (76 KM) 2/2016 - NAGPUR - 3RD LINE 9/2016,RAILWAYS,Maharasht Ra,CR) (N.A.) (N.A.,2016-02,637.95,2753.05,637.95,793.21,,2023-12,2025-05,70.0,ongoing_census,2024-09
N22000434,CENTRAL VIRAR VADODARA 3/2010 TRAIN PROTECTION 500 RKM,RAILWAYS,Maharasht Ra,N.A.) (N.A.,2010-03,265.88,,311.36,0.0,2010-03,,2024-03,0.0,ongoing_census,2024-09
N22000480,NEW LINE (52.36 6/2018,RAILWAYS,Maharasht Ra,SECR,,229.0,,1886.05,474.93,,,2026-12,22.0,ongoing_census,2024-09
N22000511,WITH EXTENSION 8/2022 MALKAPUR NG TO BG,RAILWAYS,Maharasht Ra,CR,2022-08,955.0,,955.39,56.34,,,2027-03,0.0,ongoing_census,2024-09
N22000513,1/2019,RAILWAYS,Maharasht Ra,UMBRELLA WORK) (N.A.) (N.A.,2019-01,904.92,,3295.74,1026.25,,,2027-10,5.0,ongoing_census,2024-09
N22000514,(BORVIHIR)-NARDANA 1/2019,RAILWAYS,Maharasht Ra,UMBRELLA WORK,2019-01,492.76,,1102.5,151.37,,,2027-09,5.0,ongoing_census,2024-09
N22000515,VIA ULHASNAGAR 2/2023,RAILWAYS,Maharasht Ra,UMBRELLA WORK) (N.A.) (N.A.,2023-02,836.12,,836.12,7.52,,,2027-03,0.0,ongoing_census,2024-09
N22000615,- LONAND 2/1999,RAILWAYS,Maharasht Ra,CR) (N.A.) (N.A.,1999-02,736.44,,,540.33,,,,50.0,ongoing_census,2024-09
N22000627,URBAN TRANSPORT PROJECT 4/2019,RAILWAYS,Maharasht Ra,N.A.) (N.A.,2019-04,33690.0,,33690.0,846.83,,,2027-12,0.0,ongoing_census,2024-09
N22000629,NAGBHIR RAILWAY LINE 10/2019 CONVERSION PROJECT,RAILWAYS,Maharasht Ra,MRIDC,2019-10,1400.0,,1400.0,0.0,,,2024-06,77.0,ongoing_census,2024-09
N24000332,AND UPGRADATION OF 1/2015 OF AHMEDNAGAR BYPASS TO KASAR SECTION OF NH-222,ROAD TRANSPORT AND HIGHWAYS,Maharasht Ra,MoRTH,,225.81,,225.81,167.96,2015-01,,,0.0,ongoing_census,2024-09
N24000442,"OF FLYOVER AT 12/2015 INCLUDING ROB ,SERVICE ,FOOTPATH FOR RCC DRAINS URBAN",ROAD TRANSPORT AND HIGHWAYS,Maharasht Ra,Nov-23) (N.A.,2015-12,649.5,,649.5,585.49,,2023-11,2024-12,88.04,ongoing_census,2024-09
N24000560,RING ROAD PACKAGE-1 3/2016 RING ROAD PACKAGE-2 3/2016,ROAD TRANSPORT AND HIGHWAYS,Maharasht Ra,NHAI) (Jul-23) (N.A.,2016-03,546.0,,546.0,526.26,,2023-07,2024-09,100.0,ongoing_census,2024-09
N24000584,OF NH17 AND NEW NO. NH66 3/2016 KM 161/600 TO 205/400 UNDER ANNUITY MODE,ROAD TRANSPORT AND HIGHWAYS,Maharasht Ra,MoRTH,,1142.62,1907.03,1142.62,1056.08,2016-03,,2023-12,95.17,ongoing_census,2024-09
N24000585,OF NH17 AND NEW NO. NH66 3/2016 KM 241/300 TO 281/300 UNDER ANNUITY MODE,ROAD TRANSPORT AND HIGHWAYS,Maharasht Ra,N.A.) (N.A.,,1101.58,,1101.58,608.53,2016-03,,,65.22,ongoing_census,2024-09
N24000655,OF NEW 4-LANE 3/2017 ACROSS VARSOVA CREEK AND APPROACHES WITH INTERCHANGE THE ST,ROAD TRANSPORT AND HIGHWAYS,Maharasht Ra,NHAI,2017-03,247.02,,157.49,91.81,,2024-12,2024-12,98.69,ongoing_census,2024-09
N24000656,OF BODHRE-DHULE 3/2017 390.000 TO 452.800),ROAD TRANSPORT AND HIGHWAYS,Maharasht Ra,Jul-22) (N.A.,2017-03,744.64,,1007.0,380.66,,2022-07,2024-07,74.89,ongoing_census,2024-09
N24000659,OF WARANGA-MAHAGAON 3/2017 253.7000 TO 320.580),ROAD TRANSPORT AND HIGHWAYS,Maharasht Ra,NHAI,2017-03,1059.73,1071.0,1071.0,878.19,,2021-05,2024-10,82.04,ongoing_census,2024-09
N24000851,OF 8 LANING OF 3/2018 4 LANE VADAPE TO THANE KM 539.202 TO KM 563.000 OF,ROAD TRANSPORT AND HIGHWAYS,Maharasht Ra,NHAI,2018-03,1162.92,1182.87,1182.87,371.48,,,2024-09,52.46,ongoing_census,2024-09
N24001002,TO KOTHARI 2/2016,ROAD TRANSPORT AND HIGHWAYS,Maharasht Ra,MoRTH) (N.A.) (N.A.,2016-02,545.64,,,232.64,,,,93.68,ongoing_census,2024-09
N24001003,TO AKOT 1/2017,ROAD TRANSPORT AND HIGHWAYS,Maharasht Ra,MoRTH) (N.A.) (N.A.,2017-01,313.95,,,270.26,,,,99.0,ongoing_census,2024-09
N24001017,DARWAH KARANJA 1/2017 TO KUHI 1/2017,ROAD TRANSPORT AND HIGHWAYS,Maharasht Ra,MoRTH) (N.A.) (391.00,2017-01,391.06,391.0,391.06,287.6,,,2023-12,92.76,ongoing_census,2024-09
N24001018,TO GHOTITOK 1/2017,ROAD TRANSPORT AND HIGHWAYS,Maharasht Ra,MoRTH) (N.A.) (393.00,2017-01,392.83,393.0,,274.75,,,,100.0,ongoing_census,2024-09
N24001021,TO SAONER 1/2017,ROAD TRANSPORT AND HIGHWAYS,Maharasht Ra,MoRTH) (N.A.) (397.00,2017-01,396.91,397.0,,289.79,,,,98.69,ongoing_census,2024-09
N24001022,TO ASOLA 1/2017,ROAD TRANSPORT AND HIGHWAYS,Maharasht Ra,MoRTH,2017-01,363.82,364.0,,154.65,,,,93.15,ongoing_census,2024-09
N24001026,PALI KHOPOLI 1/2017,ROAD TRANSPORT AND HIGHWAYS,Maharasht Ra,MoRTH) (N.A.) (N.A.,2017-01,376.19,,,118.74,,,,99.15,ongoing_census,2024-09
N24001029,PATGAON SECTION I 1/2018 TO PIMPLA 1/2017,ROAD TRANSPORT AND HIGHWAYS,Maharasht Ra,MoRTH) (N.A.) (N.A.,2018-01,150.79,,150.79,81.14,,,2024-03,70.66,ongoing_census,2024-09
N24001030,TO MANJARSUMBHA 1/2017,ROAD TRANSPORT AND HIGHWAYS,Maharasht Ra,MoRTH,2017-01,595.77,,,357.73,,,,89.6,ongoing_census,2024-09
N24001035,TO SALAIKHURD 1/2018,ROAD TRANSPORT AND HIGHWAYS,Maharasht Ra,MoRTH) (N.A.) (N.A.,2018-01,418.36,,,263.13,,,,99.0,ongoing_census,2024-09
N24001040,TO PARBHANI 1/2017 TO LATUR 1/2017,ROAD TRANSPORT AND HIGHWAYS,Maharasht Ra,MoRTH) (N.A.) (N.A.,2017-01,356.66,,356.66,209.48,2017-01,,2023-12,80.48,ongoing_census,2024-09
N24001041,SHAHPURER TO NANDED 1/2017,ROAD TRANSPORT AND HIGHWAYS,Maharasht Ra,MoRTH,2017-01,211.34,,,136.33,,,,99.9,ongoing_census,2024-09
N24001042,TO TIRORA 1/2018,ROAD TRANSPORT AND HIGHWAYS,Maharasht Ra,MoRTH) (N.A.) (415.25,2018-01,415.25,415.25,,274.02,,,,98.0,ongoing_census,2024-09
N24001043,TO BHANDARA 1/2018,ROAD TRANSPORT AND HIGHWAYS,Maharasht Ra,MoRTH) (N.A.) (421.00,2018-01,420.63,421.0,,219.4,,,,71.25,ongoing_census,2024-09
N24001046,TO RAMTIRTH 1/2017,ROAD TRANSPORT AND HIGHWAYS,Maharasht Ra,MoRTH) (N.A.) (N.A.,2017-01,210.81,,,210.81,,,,96.5,ongoing_census,2024-09
N24001048,TO AJISPUR 1/2017,ROAD TRANSPORT AND HIGHWAYS,Maharasht Ra,MoRTH,2017-01,232.77,,,151.6,,,,100.0,ongoing_census,2024-09
N24001050,TO NAGAJ 3/2018,ROAD TRANSPORT AND HIGHWAYS,Maharasht Ra,MoRTH) (N.A.) (305.00,2018-03,304.58,305.0,,154.68,,,,68.39,ongoing_census,2024-09
N24001057,PATAN CHIPLUN GUHAGAR 2/2017,ROAD TRANSPORT AND HIGHWAYS,Maharasht Ra,MoRTH) (N.A.) (407.00,2017-02,407.19,407.0,,323.02,,,,89.97,ongoing_census,2024-09
N24001058,TO RAJURI 3/2018,ROAD TRANSPORT AND HIGHWAYS,Maharasht Ra,MoRTH,2018-03,276.95,277.0,,160.94,,,,92.06,ongoing_census,2024-09
N24001060,TO PHULAMBARI 3/2018,ROAD TRANSPORT AND HIGHWAYS,Maharasht Ra,MoRTH) (N.A.) (227.00,2018-03,227.19,227.0,,141.92,,,,95.0,ongoing_census,2024-09
N24001062,TO DHAD 3/2018 BHOKARDAN TO BHOKARDHAN 3/2018,ROAD TRANSPORT AND HIGHWAYS,Maharasht Ra,MoRTH) (N.A.) (189.00,2018-03,189.46,189.0,189.46,133.07,,,2024-03,97.76,ongoing_census,2024-09
N24001065,TO GANGKHED 3/2018,ROAD TRANSPORT AND HIGHWAYS,Maharasht Ra,MoRTH) (N.A.) (238.00,2018-03,238.19,238.0,,194.54,,,,99.0,ongoing_census,2024-09
N24001069,TO JALKOT 12/2017,ROAD TRANSPORT AND HIGHWAYS,Maharasht Ra,MoRTH) (N.A.) (457.00,2017-12,456.93,457.0,,278.22,,,,0.0,ongoing_census,2024-09
N24001075,TO DHANORA 9/2018 TO KUNDRAL 9/2017,ROAD TRANSPORT AND HIGHWAYS,Maharasht Ra,MoRTH) (N.A.) (301.00,2018-09,301.38,301.0,301.38,240.32,,,2020-08,0.0,ongoing_census,2024-09
N24001078,TO MALE VILLAGE 3/2018,ROAD TRANSPORT AND HIGHWAYS,Maharasht Ra,MoRTH,2018-03,228.31,,,100.97,,,,93.83,ongoing_census,2024-09
N24001079,TO HIMAYATNAGAR 12/2017,ROAD TRANSPORT AND HIGHWAYS,Maharasht Ra,MoRTH) (N.A.) (426.00,2017-12,426.06,426.0,,271.4,,,,96.25,ongoing_census,2024-09
N24001080,VILLAGE TO PUNE RAIGARH 3/2018 BORDER,ROAD TRANSPORT AND HIGHWAYS,Maharasht Ra,MoRTH,2018-03,256.15,,256.15,126.62,,,2023-10,98.0,ongoing_census,2024-09
N24001081,TO PHULSAWANGI 3/2018,ROAD TRANSPORT AND HIGHWAYS,Maharasht Ra,MoRTH) (N.A.) (295.00,2018-03,294.87,295.0,,183.17,,,,89.99,ongoing_census,2024-09
N24001082,RAIGARH DISTRICT BORDER TO 3/2018,ROAD TRANSPORT AND HIGHWAYS,Maharasht Ra,N.A.) (N.A.,,223.46,,223.46,123.46,,,2023-12,100.0,ongoing_census,2024-09
N24001090,TO KHETIYA 1/2017,ROAD TRANSPORT AND HIGHWAYS,Maharasht Ra,MoRTH) (N.A.) (N.A.,2017-01,509.18,,,283.13,,,,94.81,ongoing_census,2024-09
N24001092,TO MHASWAD 1/2017,ROAD TRANSPORT AND HIGHWAYS,Maharasht Ra,MoRTH,2017-01,653.46,,,369.62,,,,76.76,ongoing_census,2024-09
N24001095,MURVAD PILLOV PANDHARPUR 1/2017,ROAD TRANSPORT AND HIGHWAYS,Maharasht Ra,MoRTH) (N.A.) (N.A.,2017-01,388.44,,,240.05,2017-01,,,88.16,ongoing_census,2024-09
N24001099,TO PANVAR 7/2018 TO TEMBHURNI 1/2017,ROAD TRANSPORT AND HIGHWAYS,Maharasht Ra,MoRTH) (N.A.) (404.00,2018-07,404.33,404.0,404.33,140.65,,,2020-05,0.0,ongoing_census,2024-09
N24001101,TO PANDHARPUR 1/2017,ROAD TRANSPORT AND HIGHWAYS,Maharasht Ra,MoRTH) (N.A.) (N.A.,2017-01,307.63,,,232.57,,,,96.27,ongoing_census,2024-09
N24001102,TO SANGOLA 7/2017,ROAD TRANSPORT AND HIGHWAYS,Maharasht Ra,MoRTH) (N.A.) (N.A.,2017-07,218.38,,,182.63,,,,99.78,ongoing_census,2024-09
N24001106,TO WARORA 11/2016 TO KHOPOLI 3/2018,ROAD TRANSPORT AND HIGHWAYS,Maharasht Ra,MoRTH) (N.A.) (N.A.,2016-11,467.7,302.0,467.7,235.04,,,2019-03,100.0,ongoing_census,2024-09
N24001107,TO MANDANGHAR 7/2018,ROAD TRANSPORT AND HIGHWAYS,Maharasht Ra,MoRTH,2018-07,381.08,302.0,,45.66,,,,0.0,ongoing_census,2024-09
N24001111,TO NASRATPUR 4/2016,ROAD TRANSPORT AND HIGHWAYS,Maharasht Ra,MoRTH) (N.A.) (282.00,2016-04,281.78,282.0,,77.83,,,,0.0,ongoing_census,2024-09
N24001113,TO BARASGAON 7/2016 TO RAHATEE 7/2016,ROAD TRANSPORT AND HIGHWAYS,Maharasht Ra,MoRTH) (N.A.) (407.00,2016-07,406.54,407.0,406.54,274.3,,,2024-03,80.7,ongoing_census,2024-09
N24001114,TO VADPALE 1/2017,ROAD TRANSPORT AND HIGHWAYS,Maharasht Ra,MoRTH,2017-01,1202.52,1656.94,,1450.82,,,,61.42,ongoing_census,2024-09
N24001122,TO SHIRUR 3/2017,ROAD TRANSPORT AND HIGHWAYS,Maharasht Ra,MoRTH) (N.A.) (N.A.,2017-03,341.8,,,226.19,,,,78.6,ongoing_census,2024-09
N24001123,TO KHARDA 2/2017,ROAD TRANSPORT AND HIGHWAYS,Maharasht Ra,MoRTH,2017-02,381.77,,,199.48,,,,83.93,ongoing_census,2024-09
N24001124,TO SILLOD 2/2017,ROAD TRANSPORT AND HIGHWAYS,Maharasht Ra,MoRTH) (N.A.) (541.93,2017-02,456.32,541.93,,355.54,,,,94.07,ongoing_census,2024-09
N24001126,TO FARDAPUR 2/2017 TO JALGAON 2/2017,ROAD TRANSPORT AND HIGHWAYS,Maharasht Ra,MoRTH) (N.A.) (432.98,2017-02,337.46,432.98,337.46,335.3,,,2023-12,91.56,ongoing_census,2024-09
N24001127,PHTA TO DEULGAON RAJA 2/2017,ROAD TRANSPORT AND HIGHWAYS,Maharasht Ra,MoRTH,,406.51,,,340.26,,,,0.0,ongoing_census,2024-09
N24001132,KHURD TO KASHEDI 9/2017,ROAD TRANSPORT AND HIGHWAYS,Maharasht Ra,MoRTH) (N.A.) (743.00,2017-09,743.21,743.0,,911.64,,,,88.69,ongoing_census,2024-09
N24001138,TO WAKED 3/2016 PIMPLA DAHIGUDA 2/2017,ROAD TRANSPORT AND HIGHWAYS,Maharasht Ra,MoRTH) (N.A.) (206.00,2016-03,1230.02,1230.0,1230.02,791.8,,,2024-12,0.0,ongoing_census,2024-09
N24001150,TO ARVI 2/2018,ROAD TRANSPORT AND HIGHWAYS,Maharasht Ra,MoRTH,2018-02,313.58,,,230.41,,,,0.0,ongoing_census,2024-09
N24001377,TO WAKHARI PACKAGE1 SANT 2/2019 MAHARAJ PALKHI MARG OF NH965,ROAD TRANSPORT AND HIGHWAYS,Maharasht Ra,NHAI,,731.89,731.99,731.99,689.19,,2023-08,2023-08,0.2,ongoing_census,2024-09
N24001378,TO KHUDUS PACKAGE2 SANT 2/2019 MAHARAJ PALKHI MARG OF NH965,ROAD TRANSPORT AND HIGHWAYS,Maharasht Ra,NHAI,,362.46,372.46,372.46,347.31,,2023-06,2023-06,0.7,ongoing_census,2024-09
N24001379,TO DHARAMPURI PACKAGE 3 2/2019 DNYANESHWAR MAHARAJ PALKHI SECTION OF NH965,ROAD TRANSPORT AND HIGHWAYS,Maharasht Ra,Aug-23) (594.75,,594.75,594.75,613.75,585.2,,2023-08,2023-08,0.5,ongoing_census,2024-09
N24001448,OF ADHALGAON- 11/2021 SECTION OF NH-548 D FROM 132/600 TO KM 195/375 TO TWO WITH,ROAD TRANSPORT AND HIGHWAYS,Maharasht Ra,N.A.) (N.A.,2021-11,223.35,,223.35,209.36,,,2022-02,0.0,ongoing_census,2024-09
N24001486,TO SIRONCHA 3/2022 AT KHAMBATAKI GHAT SECTION 2/2019 ITS APPROACHES FROM EXISTING 771.730 TO EXISTING KM. 782.0,ROAD TRANSPORT AND HIGHWAYS,Maharasht Ra,MoRTH) (N.A.) (N.A.,2022-03,282.07,,282.07,34.65,,2024-12,2024-06,0.0,ongoing_census,2024-09
N24001488,FROM KM. 117.00 9/2021 166.40 (PKG-IV) ON MOHOL-ALANDI,ROAD TRANSPORT AND HIGHWAYS,Maharasht Ra,NHAI,,618.45,,618.45,586.95,,2024-12,2024-12,90.0,ongoing_census,2024-09
N24001493,OF KAGAL-SATARA SECTION FROM 12/2022 658.000 TO KM 725.000 OF NH-48,ROAD TRANSPORT AND HIGHWAYS,Maharasht Ra,PKG-II,,1749.86,,1749.86,1311.0,,,2024-12,57.96,ongoing_census,2024-09
N24001495,OF RATNAGIRI - KOLHAPUR SECTION 11/2022 NH-166 FROM KM 0.000 TO KM 19.769 KM 31.000 TO KM 67.140 (,ROAD TRANSPORT AND HIGHWAYS,Maharasht Ra,N.A.) (N.A.,2022-11,930.0,,930.0,557.53,,,2024-11,59.95,ongoing_census,2024-09
N24001501,PHATA - BARAMATI 9/2021,ROAD TRANSPORT AND HIGHWAYS,Maharasht Ra,NHAI,2021-09,531.86,532.41,532.41,520.71,,2023-07,2023-07,0.5,ongoing_census,2024-09
N24001502,OF BARAMATI TO INDAPUR (PKG-II) 9/2021 KM. 41.400 TO KM. 84.550 OF NH- (SAINT TUKARAM MARG),ROAD TRANSPORT AND HIGHWAYS,Maharasht Ra,NHAI,2021-09,624.45,580.15,580.15,398.06,,2024-03,2024-12,2.0,ongoing_census,2024-09
N24001503,OF INDAPUR TO TONDLE (PKG-III) 9/2021 KM.84.550 TO KM. 131.00 OF NH- (SAINT TUKARAM MARG),ROAD TRANSPORT AND HIGHWAYS,Maharasht Ra,Mar-24) (666.21,2021-09,667.66,666.21,666.21,579.71,,2024-03,2024-12,13.0,ongoing_census,2024-09
N24001504,MUMBAI EXPRESSWAY 5/2022 II - PKG XI) [KM. 77.000 TO KM. (GANJAD - TALSARI),ROAD TRANSPORT AND HIGHWAYS,Maharasht Ra,NHAI,2022-05,1260.0,,1260.0,488.05,,2025-01,2025-01,90.58,ongoing_census,2024-09
N24001505,MUMBAI EXPRESSWAY 3/2022 II - PKG XII) [KM. 50.700 TO KM. (MASVAN - GANJAD),ROAD TRANSPORT AND HIGHWAYS,Maharasht Ra,Oct-24) (N.A.,2022-03,1549.02,,1549.02,537.1,,2024-10,2024-10,51.8,ongoing_census,2024-09
N24001506,MUMBAI EXPRESSWAY 2/2022 II - PKG XIII) [KM. 26.582 TO KM. (SHIRSAD - MASVAN),ROAD TRANSPORT AND HIGHWAYS,Maharasht Ra,NHAI,2022-02,2747.0,,2747.0,929.38,,2025-06,2025-06,63.7,ongoing_census,2024-09
N24001507,MUMBAI EXPRESSWAY 11/2022 II - PKG XIV) [KM. 3.000 TO KM. OF SPUR] (SHIRSAD - AKLOLI),ROAD TRANSPORT AND HIGHWAYS,Maharasht Ra,NHAI,2022-11,1124.0,,1124.0,299.43,,2025-08,2025-08,44.0,ongoing_census,2024-09
N24001508,MUMBAI EXPRESSWAY 11/2022 II - PKG XVI) [KM. 43.000 TO KM. OF SPUR] (AMNE - BHOJ),ROAD TRANSPORT AND HIGHWAYS,Maharasht Ra,NHAI,2022-11,1450.0,,1450.0,545.51,,,2024-10,63.27,ongoing_census,2024-09
N24001521,MUMBAI EXPRESSWAY 11/2022 II - PKG XV) [KM. 20.200 TO KM. OF SPUR] (AKLOLI - AMNE),ROAD TRANSPORT AND HIGHWAYS,Maharasht Ra,NHAI,2022-11,990.0,,990.0,296.63,,2025-04,2025-04,50.5,ongoing_census,2024-09
N24001546,OF KAGAL-SATARA SECTION FROM 1/2023 592.240 TO KM 658.000 OF NH-48,ROAD TRANSPORT AND HIGHWAYS,Maharasht Ra,PKG-I,,1025.2,,1025.2,758.28,,,2025-01,39.1,ongoing_census,2024-09
N24001607,WORKS OF 4L PANVEL- 10/2022 SECTION OF NH-66 (OLD NH- FROM KM 42.300 (KASU) TO KM (,ROAD TRANSPORT AND HIGHWAYS,Maharasht Ra,N.A.) (N.A.,2022-10,332.0,,332.0,185.61,,,2024-05,42.44,ongoing_census,2024-09
N24001608,MUMBAI EXPRESSWAY 9/2021 II - PKG XVII) [KM. 69.800 TO KM. OF SPUR] (BHOJ - MORBE),ROAD TRANSPORT AND HIGHWAYS,Maharasht Ra,NHAI,2021-09,2208.68,,2208.68,411.34,,,2025-07,50.36,ongoing_census,2024-09
N24001609,WORK OF 4 LANING OF 1/2023 TO INDAPUR SECTION OF NH- NH- 17) FROM KM 0.000 (PANVEL),ROAD TRANSPORT AND HIGHWAYS,Maharasht Ra,Dec-24) (N.A.,2023-01,151.26,,151.26,103.54,,2024-12,2024-12,67.03,ongoing_census,2024-09
N24001610,OF EXISTING 2/4L STRETCH FROM 1/2022 TO DIVE GHAT (KM 166.400 TO 220.900 ) OF MOHOL ALANDI S,ROAD TRANSPORT AND HIGHWAYS,Maharasht Ra,NHAI,,1833.73,,1833.73,391.72,,2025-03,2025-03,79.02,ongoing_census,2024-09
N24001795,LANING OF AURANGABAD- 10/2022 SECTION OF NH-752E ON EPC IN THE STATE OF MAHARASHTRA,ROAD TRANSPORT AND HIGHWAYS,Maharasht Ra,N.A.) (N.A.,2022-10,490.4,,289.0,241.93,,,2024-09,77.0,ongoing_census,2024-09
N24001796,OF RAJURA-KORPANA-ADILABAD 3/2022 UPTO M.S. BORDER FROM KM TO KM 89.090 OF NH-353B,ROAD TRANSPORT AND HIGHWAYS,Maharasht Ra,NHAI,2022-03,1013.33,1013.33,1111.33,355.07,,2025-04,2025-04,62.01,ongoing_census,2024-09
N24001797,OF WAINGANGA BRIDGE - BHANDARA 10/2021 FROM KM 485.000 TO KM,ROAD TRANSPORT AND HIGHWAYS,Maharasht Ra,INCLUDING BHANDARA BYPASS,2021-10,815.77,,815.77,619.93,,,2025-03,91.54,ongoing_census,2024-09
N24001798,MITIGATION MEASURE STRUCTURES 2/2021 CH/MH BORDER TO WAINGANGA SECTION OF NH-53,ROAD TRANSPORT AND HIGHWAYS,Maharasht Ra,N.A.) (N.A.,2021-02,540.21,,540.21,415.87,,,2024-11,94.44,ongoing_census,2024-09
N24001799,OF NAGPUR-KATOL SECTION FROM 2/2021 13.00 TO KM. 62.900 OF NH-353J,ROAD TRANSPORT AND HIGHWAYS,Maharasht Ra,NHAI,,1166.96,,1251.0,1035.36,,,2024-12,80.0,ongoing_census,2024-09
N24001804,WORKS OF FAGNE (KM. 510.000) TO 12/2019 BORDER (KM.,ROAD TRANSPORT AND HIGHWAYS,Maharasht Ra,Jun-24) (N.A.,,1654.07,,980.0,835.19,,2024-06,2024-06,91.76,ongoing_census,2024-09
N24001834,OF RATNAGIRI - KOLHAPUR SECTION 5/2023 KM 67.140 TO KM 112.340 OF NH- (PKG II),ROAD TRANSPORT AND HIGHWAYS,Maharasht Ra,NHAI,,839.0,,839.0,412.49,,,2025-05,37.72,ongoing_census,2024-09
N24001835,OF RATNAGIRI - KOLHAPUR SECTION 5/2023 KM 112.340 TO KM 145.300 OF NH- (PKG III),ROAD TRANSPORT AND HIGHWAYS,Maharasht Ra,NHAI,,986.0,,986.0,315.88,,,2025-05,37.45,ongoing_census,2024-09
N24001880,AND UP-GRADATION 3/2022 4 LANE ROAD WITH PAVED CONFIGURATION OF FROM UND,ROAD TRANSPORT AND HIGHWAYS,Maharasht Ra,MoRTH,2022-03,778.18,,778.18,135.78,,,2025-07,27.35,ongoing_census,2024-09
N24001881,AND UPGRADATION OF 6/2021 JUNCTION (DESIGN CH. 71+530) AJARA (DESIGN CH.100+835) SE,ROAD TRANSPORT AND HIGHWAYS,Maharasht Ra,MoRTH,,574.0,,574.0,574.0,,,2024-11,0.0,ongoing_census,2024-09
N24001882,OF NEW FOUR LANE 3/2022 TO PARBHANI CITY (PARWA TO KM 463/265 TO KM 481/180 (DES,ROAD TRANSPORT AND HIGHWAYS,Maharasht Ra,N.A.) (N.A.,,496.64,,496.64,0.0,,,2024-10,8.0,ongoing_census,2024-09
N24001883,OF 4 LANE FLYOVER AT 3/2021 RTO CHOWK TO NAGPUR CAMPUS FROM CH 2/250 TO,ROAD TRANSPORT AND HIGHWAYS,Maharasht Ra,MoRTH,,478.83,,478.83,233.48,,,2024-04,65.0,ongoing_census,2024-09
N24001884,AND UPGRADATION OF 3/2023 TO MANGRUL (CHANDWAD) OF NH752 G DESIGN CH: KM,ROAD TRANSPORT AND HIGHWAYS,Maharasht Ra,N.A.) (N.A.,,428.8,,428.8,54.11,,,2025-05,30.69,ongoing_census,2024-09
N24001885,AND UP-GRADATION 2/2023 JINTUR- SHIRAD SHAHAPUR KM 258.300 TO KM 306.300,ROAD TRANSPORT AND HIGHWAYS,Maharasht Ra,MoRTH,2023-02,414.81,,414.81,0.0,,,2024-12,0.0,ongoing_census,2024-09
N24001886,OF 10/2022 CHAKAN SHIKRAPUR SECTION OF NH 548DG TO CHOU,ROAD TRANSPORT AND HIGHWAYS,Maharasht Ra,N.A.) (N.A.,2022-10,304.68,,304.68,97.09,,,2024-08,58.78,ongoing_census,2024-09
N24001887,AND UPGRADATION OF 8/2022 TO KUMBHARI FATA CH. (KM 13+500 TO 17+00) AND,ROAD TRANSPORT AND HIGHWAYS,Maharasht Ra,MoRTH,,291.37,,291.37,102.94,,,2024-06,0.0,ongoing_census,2024-09
N24001888,"OF TIRORA-GONDIA, 8/2021 HIGHWAY FROM EXISTING KM (ON SH-335, TIRORA) TO KM",ROAD TRANSPORT AND HIGHWAYS,Maharasht Ra,N.A.) (N.A.,2021-08,288.14,,288.14,63.01,,,2024-05,46.31,ongoing_census,2024-09
N24001889,LANE + PS PIMPLNER TO SATANA - 9/2019 CHAINAGE KM 21.427 TO 64.00 ] NH-752G],ROAD TRANSPORT AND HIGHWAYS,Maharasht Ra,N.A.) (N.A.,,277.81,,277.81,148.68,,,2023-12,0.0,ongoing_census,2024-09
N24001890,AND UPGRADATION OF 2/2023 TO SIRSALA SECTION OF NH-361F 136+700 TO 115+000) (LENGT,ROAD TRANSPORT AND HIGHWAYS,Maharasht Ra,MoRTH,,261.82,,261.82,70.59,,,2024-12,46.0,ongoing_census,2024-09
N24001891,WORK OF REHABILITATION 7/2021 UP-GRADATION TO NH-166F FROM JUNCTION (AT KM 123/400 ON NH-,ROAD TRANSPORT AND HIGHWAYS,Maharasht Ra,N.A.) (N.A.,2021-07,256.54,,256.54,80.1,,,2024-03,59.66,ongoing_census,2024-09
N24001892,AND UPGRADATION OF 2/2023 JUNCTION TO SHIVAJI (DESIGN CHAINAGE KM. 130+00,ROAD TRANSPORT AND HIGHWAYS,Maharasht Ra,MoRTH,,245.61,,245.61,43.39,,,2024-12,32.5,ongoing_census,2024-09
N24001893,(SAKRI) - NANDURBAR 9/2022,ROAD TRANSPORT AND HIGHWAYS,Maharasht Ra,MoRTH,2022-09,232.59,,,97.7,,,,77.64,ongoing_census,2024-09
N24001894,LANE + PS ASTHAMODE - TIVATYAL 9/2019 CH. KM 24.300 - 62.00] [KM OF NH-63],ROAD TRANSPORT AND HIGHWAYS,Maharasht Ra,MoRTH,2019-09,228.82,,228.82,144.54,,,2023-12,95.44,ongoing_census,2024-09
N24001895,AND UPGRADATION TO 11/2021 LANES WITH PAVED SHOULDER FROM WATUR TO,ROAD TRANSPORT AND HIGHWAYS,Maharasht Ra,MoRTH,,228.01,,228.01,103.01,,,2023-12,99.0,ongoing_census,2024-09
N24001896,AND REHABILITATION 11/2021 SECTION OF NH 361 F FROM PARLI TO GANGAKHED (30/400) TO,ROAD TRANSPORT AND HIGHWAYS,Maharasht Ra,N.A.) (N.A.,2021-11,224.44,,224.44,75.34,,,2024-04,45.63,ongoing_census,2024-09
N24001902,AND UP-GRADATION 12/2022 SABALKHED TO ASHTI SECTION KM 37+900 TO KM 55+100 AND,ROAD TRANSPORT AND HIGHWAYS,Maharasht Ra,N.A.) (N.A.,2022-12,213.32,,213.32,20.0,,,2024-09,34.0,ongoing_census,2024-09
N24001903,AND UP-GRADATION 8/2022 MUDKHED TO NANDED SECTION KM. 372+000 TO KM 388+400 OF 16,ROAD TRANSPORT AND HIGHWAYS,Maharasht Ra,MoRTH,2022-08,206.54,,206.54,21.36,,,2025-04,0.0,ongoing_census,2024-09
N24001904,TO SAVALI VIHIR SECTION 9/2022,ROAD TRANSPORT AND HIGHWAYS,Maharasht Ra,MoRTH,2022-09,195.38,,,29.59,,,,19.76,ongoing_census,2024-09
N24001905,"OF MAJOR BRIDGE 10/2021 MANJRA RIVER NEAR YESGI @ KM, 166/500 ON NH 63 TQ",ROAD TRANSPORT AND HIGHWAYS,Maharasht Ra,MoRTH,2021-10,188.69,,188.69,111.26,,,2023-12,95.8,ongoing_census,2024-09
N24001906,TO 4 LANING OF 8/2022 T-POINT TO MALIWADA DESIGN KM.0.000 TO KM 4.000] UPG,ROAD TRANSPORT AND HIGHWAYS,Maharasht Ra,MoRTH,2022-08,185.59,,185.59,63.56,,,2024-03,48.0,ongoing_census,2024-09
N24001907,"OF SIX LANE FLYOVER 6/2021 KATRAJ JUNCTION AT KM, 3/880 OF 548-DD (VADGAON - KATRAJ - KO",ROAD TRANSPORT AND HIGHWAYS,Maharasht Ra,MoRTH,2021-06,169.15,,169.15,36.94,,,2024-03,35.96,ongoing_census,2024-09
N24001908,OF EXHISTING 2 LANE 12/2021 PAVEMENT TO 2 LANE PAVED RIGID PAVEMENT FROM,ROAD TRANSPORT AND HIGHWAYS,Maharasht Ra,MoRTH,,167.97,,167.97,35.28,,,2024-05,36.76,ongoing_census,2024-09
N24001909,"AND WIDINING OF 11/2021 CARRIAGEWAY TO 10 M IN KM, TO 229/160 (TEMBHURNI - KUSL",ROAD TRANSPORT AND HIGHWAYS,Maharasht Ra,N.A.) (N.A.,2021-11,157.72,,157.72,55.38,,,2024-06,90.41,ongoing_census,2024-09
N24001910,AND UPGRADATION OF 9/2022 TO SAUTADA SECTION OF D (FROM KM 195.375 TO KM 208.7,ROAD TRANSPORT AND HIGHWAYS,Maharasht Ra,MoRTH,,157.62,,157.62,13.86,,,2024-07,17.03,ongoing_census,2024-09
N24001911,TO DHARMAPURI AND PARALI 3/2018 INJEGAON 2L+PS,ROAD TRANSPORT AND HIGHWAYS,Maharasht Ra,N.A.) (N.A.,,152.03,,152.03,81.35,,,2023-12,97.57,ongoing_census,2024-09
N24002071,OF INDORA CHOWK TO PACHPAOLI 3/2023 AGRASEN CHOWK - ASHOKA,ROAD TRANSPORT AND HIGHWAYS,Maharasht Ra,NHAI,2023-03,998.27,,998.27,127.21,,,2026-06,16.75,ongoing_census,2024-09
N24002072,OF EXISTING 7/2022 OF PANDHARPUR TOWN BYPASSED SECTION FROM TO LORD VITT,ROAD TRANSPORT AND HIGHWAYS,Maharasht Ra,NHAI,2022-07,150.21,150.21,150.21,12.74,,,2025-10,15.86,ongoing_census,2024-09
N24002137,OF 6-LANE 2/2024 (KM. 380 - 440) SECTION OF NH-3 IN U,ROAD TRANSPORT AND HIGHWAYS,Maharasht Ra,NHAI,2024-02,175.0,,175.0,66.62,,,2025-03,27.1,ongoing_census,2024-09
N28000086,METRO LINE 3 (COLABA- 7/2013,URBAN DEVELOPME NT,Maharasht Ra,,2013-07,23136.0,,37276.0,23687.33,,,2023-12,87.2,ongoing_census,2024-09
N28000121,METRO RAIL PROJECT (PHASE 1) 12/2016,URBAN DEVELOPME NT,Maharasht Ra,MMRC,2016-12,11420.0,13656.22,,12485.83,,2024-09,,100.0,ongoing_census,2024-09
N28000155,METRO RAIL PROJECT PHASE 12/2022,URBAN DEVELOPME NT,Maharasht Ra,NMRCL,,6708.0,,6708.0,293.46,,,2027-12,12.7,ongoing_census,2024-09
N28000157,NIGDI PROJECT EXTENSION OF 10/2023 1 OF PUNE METRO PHASE 1,URBAN DEVELOPME NT,Maharasht Ra,N.A.) (N.A.,,910.18,,910.18,0.0,,,2027-01,6.0,ongoing_census,2024-09
N30000001,OF MAJULI ISLAND FROM 3/2017 AND EROSION OF RIVER,WATER RESOURCES,Maharasht Ra,BPB,,233.57,,233.57,217.42,,2024-08,2023-12,,ongoing_census,2024-09
N04000100,"OF NEW INTEGRATED 11/2021 BUILDING, CONTROL TOWER TECHNICAL BLOCK, APRON, LINK",CIVIL AVIATION,Manipur,AAI,2021-11,499.0,,499.0,106.39,,2025-12,2025-12,36.88,ongoing_census,2024-09
220100288,TO IMPHAL (TUPUI)(NL)(NEFR) 4/2003,RAILWAYS,Manipur,,2003-04,4454.17,12274.06,,14774.02,,2028-03,,79.8,ongoing_census,2024-09
N24001271,OF CHURACHANDPUR TUIVAI 3/2020 OF NH-102B (PKG- 2A) OF CHURACHANDPUR TUIVAI 6/2020 OF NH-102B (PKG- 2B),ROAD TRANSPORT AND HIGHWAYS,Manipur,N.A.) (N.A.,,292.24,,292.24,127.86,,2023-12,2024-12,85.33,ongoing_census,2024-09
N24001272,OF CHURACHANDPUR TUIVAI 3/2020 OF NH-102B (PKG- 4A),ROAD TRANSPORT AND HIGHWAYS,Manipur,NHIDCL,,167.95,204.12,167.95,88.05,,,2024-12,69.89,ongoing_census,2024-09
N24001273,OF CHURACHANDPUR TUIVAI 7/2020 OF NH-102B (PKG- 4B),ROAD TRANSPORT AND HIGHWAYS,Manipur,N.A.) (N.A.,,177.76,,177.76,89.67,,,2024-12,80.53,ongoing_census,2024-09
N24001274,OF 8/2020 2-LANE TO 4-LANE DIVIDED FROM TAPHOU KUKI TO DAILI,ROAD TRANSPORT AND HIGHWAYS,Manipur,Jun-25) (N.A.,,379.39,,379.39,189.86,,2025-06,2025-08,45.88,ongoing_census,2024-09
N24001275,OF 8/2020 2-LANE TO 4-LANE DIVIDED FROM DAILI TO KURAOPOKPI,ROAD TRANSPORT AND HIGHWAYS,Manipur,NHIDCL,,268.98,,268.98,22.08,,,2025-12,0.0,ongoing_census,2024-09
N24001276,OF 8/2020 2-LANE TO 4-LANE DIVIDED FROM KURAOPOKPI TO SECTI,ROAD TRANSPORT AND HIGHWAYS,Manipur,N.A.) (N.A.,,228.97,,228.97,0.0,,,2025-12,0.0,ongoing_census,2024-09
N24001350,- PEREN PKG-1A 2/2021 - PEREN (PKG 1B) 2/2021,ROAD TRANSPORT AND HIGHWAYS,Manipur,NHIDCL) (N.A.) (N.A.,2021-02,226.32,,226.32,86.41,,2024-10,2025-04,63.75,ongoing_census,2024-09
N24001352,MOREH PACKAGE- 3 3/2021,ROAD TRANSPORT AND HIGHWAYS,Manipur,NHIDCL,2021-03,259.31,,,144.94,,,,100.0,ongoing_census,2024-09
N24001353,- KHONGSANG PKG-2 3/2021,ROAD TRANSPORT AND HIGHWAYS,Manipur,NHIDCL) (Nov-23) (N.A.,2021-03,195.14,,,59.99,,2023-11,,50.75,ongoing_census,2024-09
N24001354,- MAHUR PKG-3 3/2021,ROAD TRANSPORT AND HIGHWAYS,Manipur,NHIDCL) (Jan-25) (N.A.,2021-03,234.08,,,139.45,,2025-01,,90.34,ongoing_census,2024-09
N24001399,MOREH (PACKAGE 4) 3/2021,ROAD TRANSPORT AND HIGHWAYS,Manipur,NHIDCL) (N.A.) (N.A.,2021-03,277.99,,,146.35,,,,100.0,ongoing_census,2024-09
N24001400,IMPHAL PKG-5B 3/2021,ROAD TRANSPORT AND HIGHWAYS,Manipur,NHIDCL,2021-03,211.7,,,35.16,,,,34.86,ongoing_census,2024-09
N24001401,- KHONGSANG PKG-3 7/2021,ROAD TRANSPORT AND HIGHWAYS,Manipur,NHIDCL) (Feb-24) (N.A.,2021-07,467.0,,,183.55,,2024-02,,75.23,ongoing_census,2024-09
N24001402,- MAHUR PKG-1 7/2021,ROAD TRANSPORT AND HIGHWAYS,Manipur,NHIDCL) (Jan-25) (N.A.,2021-07,185.8,,,112.31,,2025-01,,92.65,ongoing_census,2024-09
N24001403,- MAHUR PKG-2 7/2021,ROAD TRANSPORT AND HIGHWAYS,Manipur,NHIDCL,2021-07,483.87,,,278.89,,2024-05,,91.03,ongoing_census,2024-09
N24001404,- MAHUR PKG-4 7/2021,ROAD TRANSPORT AND HIGHWAYS,Manipur,NHIDCL) (Feb-25) (N.A.,2021-07,198.77,,,110.09,,2025-02,,85.12,ongoing_census,2024-09
N24001436,TUIVAI PKG-3 7/2021 - MAHUR PKG-5 8/2021,ROAD TRANSPORT AND HIGHWAYS,Manipur,NHIDCL) (Feb-24) (N.A.,2021-07,673.27,,673.27,357.47,,2024-02,2025-06,72.74,ongoing_census,2024-09
N24001437,- MAHUR PKG-6 9/2021,ROAD TRANSPORT AND HIGHWAYS,Manipur,NHIDCL,2021-09,311.18,,,171.57,,2023-10,,72.7,ongoing_census,2024-09
N24001439,- PEREN PKG-3 8/2021,ROAD TRANSPORT AND HIGHWAYS,Manipur,NHIDCL) (N.A.) (N.A.,2021-08,467.41,,,243.19,,,,92.18,ongoing_census,2024-09
N24001473,- KHONGSANG PKG-4 8/2021 OF 2-LANING WITH 9/2021 SHOULDER ROAD OF UKHRUL - - TADUBI SECTION OF NH-102A,ROAD TRANSPORT AND HIGHWAYS,Manipur,NHIDCL) (N.A.) (N.A.,2021-08,579.63,,579.63,131.58,,,2025-12,52.55,ongoing_census,2024-09
N24001538,- KHONGSANG PKG-5 12/2021,ROAD TRANSPORT AND HIGHWAYS,Manipur,NHIDCL) (N.A.) (N.A.,2021-12,410.68,,,105.71,,,,50.81,ongoing_census,2024-09
N24001539,- KHONGSANG PKG-6 12/2021,ROAD TRANSPORT AND HIGHWAYS,Manipur,NHIDCL) (N.A.) (N.A.,2021-12,504.76,,,101.94,,,,44.33,ongoing_census,2024-09
N24001540,BRIDGE - JESSAMI SECTION PKG- 3/2022,ROAD TRANSPORT AND HIGHWAYS,Manipur,NHIDCL,,152.11,,152.11,53.26,,,2025-02,72.82,ongoing_census,2024-09
N24001974,OF 2-LANING WITH 9/2021 SHOULDER ROAD OF UKHRUL - - TADUBI SECTION OF NH-102A,ROAD TRANSPORT AND HIGHWAYS,Manipur,N.A.) (N.A.,2021-09,315.56,,315.56,60.7,,,2025-01,49.44,ongoing_census,2024-09
N24002028,TO JIRIBAM PKG-7 1/2023,ROAD TRANSPORT AND HIGHWAYS,Manipur,NHIDCL,2023-01,760.16,,,63.8,,,,27.83,ongoing_census,2024-09
N24002131,TOLOI TADUBI PKG-2 3/2023,ROAD TRANSPORT AND HIGHWAYS,Manipur,NHIDCL) (N.A.) (N.A.,2023-03,578.98,,,56.22,,,,31.54,ongoing_census,2024-09
N42000001,AND DEVELOPMENT OF 9/2013 INSTITUTE OF TECHNOLOGY PERMANENT CAMPUS AT,DEPARTMEN T OF HIGHER EDUCATION,Meghalaya,RITES OF HIGHER,,484.32,429.7,429.7,274.05,,2024-07,2024-07,72.5,ongoing_census,2024-09
N12000103,OF INTERNATIONAL 4/2014 FOR PERFORMING ARTS AND IN MEGALAYA NLCPR,DONER,Meghalaya,N.A.) (N.A.,2014-04,151.33,,151.33,148.33,,,2017-09,98.5,ongoing_census,2024-09
N22000205,BG LINE FROM BYRNIHAT TO 4/2010,RAILWAYS,Meghalaya,,,906.46,1202.33,8324.28,269.8,,,2021-03,2.0,ongoing_census,2024-09
N24000771,TO 2-LANE WITH GEOMETRIC 4/2017 OF TURA DALU ROAD JICA FUNDING FROM KM 85.000,ROAD TRANSPORT AND HIGHWAYS,Meghalaya,Jul-23) (610.09,2017-04,553.51,610.09,553.51,343.73,,2023-07,2025-03,67.31,ongoing_census,2024-09
N24000903,TO 2-LANE 3/2019 EARTHEN SHOULDERS FROM TO NONGJRI EXISTING FROM,ROAD TRANSPORT AND HIGHWAYS,Meghalaya,NHIDCL,2019-03,306.28,,306.28,233.49,,2023-12,2023-12,100.0,ongoing_census,2024-09
N24001313,TO 2-L WITH 11/2020 SHOULDER FROM (DESIGN KM TO KM 10.670) / 4-LANING FROM (,ROAD TRANSPORT AND HIGHWAYS,Meghalaya,Oct-25) (N.A.,,351.12,,351.12,223.73,,2025-10,2025-10,24.2,ongoing_census,2024-09
N24001314,TO 2-LANE 11/2020 PAVED SHOULDER FROM (DESIGN 10.670 TO KM 37.550) BETWEEN SHIL,ROAD TRANSPORT AND HIGHWAYS,Meghalaya,N.A.) (N.A.,2020-11,525.68,,525.68,384.55,,,2026-08,13.5,ongoing_census,2024-09
N24001334,TO 2-LANE 11/2020 PAVED SHOULDER FROM (DESIGN 45.760 TO KM 63.530) BETWEEN SHIL,ROAD TRANSPORT AND HIGHWAYS,Meghalaya,NHIDCL,2020-11,445.51,,445.51,191.35,,,2026-04,6.2,ongoing_census,2024-09
N24001335,TO 2-LANE 11/2020 PAVED SHOULDER / 4-LANING (DESIGN KM 63.530 TO KM 71.520),ROAD TRANSPORT AND HIGHWAYS,Meghalaya,N.A.) (N.A.,2020-11,284.21,,284.21,45.46,,,2026-11,1.5,ongoing_census,2024-09
N24001339,BAGHMARA 10/2020,ROAD TRANSPORT AND HIGHWAYS,Meghalaya,RMB) PKG-4 (KANAI-RONGARA) (Jun-24) (146.92,2020-10,157.86,146.92,157.86,146.19,,2024-06,2024-12,97.49,ongoing_census,2024-09
N24001360,BAGHMARA 3/2021,ROAD TRANSPORT AND HIGHWAYS,Meghalaya,RMB) PKG-3 (Jun-24) (N.A.,2021-03,260.21,,260.21,202.19,,2024-06,2024-11,89.14,ongoing_census,2024-09
N24001441,AND UPGRADATION OF 8/2020 TO WAHKAJI SECTION OF ROAD KM 0.000 TO KM 43.06,ROAD TRANSPORT AND HIGHWAYS,Meghalaya,MoRTH,,302.88,,302.88,209.63,,2024-10,2024-10,93.0,ongoing_census,2024-09
N24001474,AND UP GRADATION 9/2021 NONGSTOIN-RAMBRAI-KYRSHAI UP TO MEGHALAYA-ASSAM FROM,ROAD TRANSPORT AND HIGHWAYS,Meghalaya,NHIDCL,2021-09,359.86,,359.86,219.87,,,2025-01,78.5,ongoing_census,2024-09
N24001541,MAHESHKHOLA- BAGHMARA 11/2021,ROAD TRANSPORT AND HIGHWAYS,Meghalaya,NHIDCL,2021-11,283.5,,283.5,201.77,,,2024-12,70.68,ongoing_census,2024-09
N24002156,OF 2-LANE WITH PAVED 3/2023 OF SHILLONG WESTERN STARTING FROM NH-06 NEAR,ROAD TRANSPORT AND HIGHWAYS,Meghalaya,N.A.) (N.A.,,620.3,,620.3,168.64,,,2026-09,0.0,ongoing_census,2024-09
N24002157,WESTERN BYPASS PACKAGE- 3/2023,ROAD TRANSPORT AND HIGHWAYS,Meghalaya,NHIDCL,2023-03,686.0,,686.0,241.74,,,2026-09,0.0,ongoing_census,2024-09
N24002158,OF 2-LANE WITH PAVED 3/2023 OF SHILLONG WESTERN STARTING FROM NH-06 NEAR,ROAD TRANSPORT AND HIGHWAYS,Meghalaya,NHIDCL,,562.48,,562.48,263.14,,,2026-09,0.0,ongoing_census,2024-09
N22000100,"SAIRONG, NL, NEFR 4/2008",RAILWAYS,Mizoram,,2008-04,2393.47,5021.45,,7520.14,,,,93.0,ongoing_census,2024-09
N24000857,AND UP-GRADATION TO 2- 4/2017 WITH PAVED SHOULDER AND GEOMETRIC FRO,ROAD TRANSPORT AND HIGHWAYS,Mizoram,NHIDCL,,519.09,785.65,785.65,649.83,,2024-03,2025-01,90.0,ongoing_census,2024-09
N24000858,AND UP-GRADATION TO 2- 4/2017 WITH PAVED SHOULDER AND GEOMETRIC FRO,ROAD TRANSPORT AND HIGHWAYS,Mizoram,May-24) (990.88,,640.07,990.88,1286.35,1217.65,,2024-05,2024-07,99.0,ongoing_census,2024-09
N24000859,AND UP-GRADATION TO 2- 4/2017 WITH PAVED SHOULDER AND GEOMETRIC FRO,ROAD TRANSPORT AND HIGHWAYS,Mizoram,NHIDCL,,642.96,988.23,988.23,729.79,,2024-03,2024-03,99.5,ongoing_census,2024-09
N24000861,AND UP-GRADATION TO 2- 4/2017 WITH PAVED SHOULDER AND GEOMETRIC FRO,ROAD TRANSPORT AND HIGHWAYS,Mizoram,Nov-23) (688.25,,473.18,688.25,688.25,520.26,,2023-11,2025-02,83.66,ongoing_census,2024-09
N24000862,AND UP-GRADATION TO 2- 4/2017 WITH PAVED SHOULDER AND GEOMETRIC FRO,ROAD TRANSPORT AND HIGHWAYS,Mizoram,Oct-23) (789.05,,537.82,789.05,789.05,746.61,,2023-10,2025-02,91.6,ongoing_census,2024-09
N24000863,AND UP-GRADATION TO 2- 4/2017 WITH PAVED SHOULDER AND GEOMETRIC FRO,ROAD TRANSPORT AND HIGHWAYS,Mizoram,NHIDCL,,518.53,906.76,906.76,784.8,,2024-02,2025-03,88.5,ongoing_census,2024-09
N24000864,AND UP-GRADATION TO 2- 4/2017 WITH PAVED SHOULDER AND GEOMETRIC FRO,ROAD TRANSPORT AND HIGHWAYS,Mizoram,Jul-24) (750.32,,404.29,750.32,750.32,589.53,,2024-07,2025-03,83.2,ongoing_census,2024-09
N24000865,AND UP-GRADATION TO 2- 4/2017 WITH PAVED SHOULDER AND GEOMETRIC FRO,ROAD TRANSPORT AND HIGHWAYS,Mizoram,NHIDCL,,428.11,746.39,746.39,579.7,,2024-05,2025-03,87.17,ongoing_census,2024-09
N24001277,OF CHHIATHLANG - 9/2020 BYPASS (PKG-1) ON AIZAWL- SECTION OF NH-54,ROAD TRANSPORT AND HIGHWAYS,Mizoram,Apr-24) (247.25,,275.02,247.25,247.25,231.19,,2024-04,2024-03,99.73,ongoing_census,2024-09
N24001278,OF TWO LANE WITH 3/2020 SHOULDER OF SELLING-DULTE OF NH-06 (PKG-I),ROAD TRANSPORT AND HIGHWAYS,Mizoram,NHIDCL,,206.88,219.33,219.33,206.55,,2024-01,2024-06,97.01,ongoing_census,2024-09
N24001281,OF TWO LANE WITH 3/2020 SHOULDER OF SELLING-DULTE OF NH-06 (PKG-III),ROAD TRANSPORT AND HIGHWAYS,Mizoram,Mar-24) (331.17,,292.24,331.17,331.17,287.95,,2024-03,2025-07,91.42,ongoing_census,2024-09
N24001355,KWALKULH - CHAMPAI PKG.1 3/2021,ROAD TRANSPORT AND HIGHWAYS,Mizoram,NHIDCL,2021-03,374.39,374.39,,292.27,,2024-03,,100.0,ongoing_census,2024-09
N24001356,KWALKULH - CHAMPAI PKG.2 3/2021,ROAD TRANSPORT AND HIGHWAYS,Mizoram,NHIDCL) (Apr-24) (233.25,2021-03,233.25,233.25,,178.37,,2024-04,,100.0,ongoing_census,2024-09
N24001357,KWALKULH - CHAMPAI PKG.3 3/2021,ROAD TRANSPORT AND HIGHWAYS,Mizoram,NHIDCL) (Jan-24) (674.71,2021-03,674.71,674.71,,589.25,,2024-01,,100.0,ongoing_census,2024-09
N24001358,- LUNGLEI PKG-A 3/2021,ROAD TRANSPORT AND HIGHWAYS,Mizoram,NHIDCL,2021-03,698.44,698.45,,383.62,,2024-12,,42.2,ongoing_census,2024-09
N24001359,- LUNGLEI PKG-B 3/2021,ROAD TRANSPORT AND HIGHWAYS,Mizoram,NHIDCL) (Dec-24) (740.58,2021-03,740.58,740.58,,276.77,,2024-12,,41.5,ongoing_census,2024-09
N24001975,- TUVAI PKG-1 9/2021 TO 2-LANE WITH PAVED 9/2021 OF NGOPA - PAWLRANG OF NH 102B OF AIZAWL -,ROAD TRANSPORT AND HIGHWAYS,Mizoram,NHIDCL) (Jun-24) (492.94,2021-09,492.94,492.94,492.94,355.0,,2024-06,2024-12,84.7,ongoing_census,2024-09
N24002027,- TUVAI PKG-3 12/2021,ROAD TRANSPORT AND HIGHWAYS,Mizoram,NHIDCL) (N.A.) (N.A.,2021-12,500.88,,,137.25,,,,36.31,ongoing_census,2024-09
N06000154,EXPANSION (DEEP) OC (3.5 MTY) 8/2016,COAL,Multi State,,2016-08,319.76,319.76,,281.4,,2025-03,,98.0,ongoing_census,2024-09
N06000157,EXTENSION (DEEP) OC (3.0 2/2017,COAL,Multi State,WCL,,328.0,,328.0,321.43,,2025-03,2025-03,96.0,ongoing_census,2024-09
N06000192,KAKRI AMALGAMATION OCP 14 8/2020,COAL,Multi State,N.A.) (N.A.,,836.42,,836.42,670.84,,,2025-03,54.77,ongoing_census,2024-09
N40000001,INDUSTRIAL CORRIDOR 9/2011,DPIIT,Multi State,DMIC FOR DPIIT,2011-09,20084.0,20084.0,20084.0,9718.22,,2027-03,2027-03,50.99,ongoing_census,2024-09
N16000285,6/2009 PIPELINE PHASE-II,PETROLEUM,Multi State,GAIL,2009-06,2915.0,5909.0,5909.0,4073.2,,2025-02,2025-03,91.8,ongoing_census,2024-09
N16000388,ANGUL PIPELINE PROJECT 9/2019,PETROLEUM,Multi State,GAIL) (Jun-25) (N.A.,,2658.34,,,1985.1,,2025-06,,91.8,ongoing_census,2024-09
N16000391,HALDIA PIPELINE PROJECT 3/2020,PETROLEUM,Multi State,GAIL,2020-03,1030.65,,,774.2,,2025-03,,84.4,ongoing_census,2024-09
N16000398,NAGPUR JHARSUGUDA 6/2020 PROJECT,PETROLEUM,Multi State,GAIL,2020-06,7844.25,,7844.25,5782.1,,2025-06,2025-06,89.8,ongoing_census,2024-09
N16000426,PROJECT AT NAWADA AND 6/2019 DISTRICTS,PETROLEUM,Multi State,,2019-06,169.0,,169.0,70.56,,2030-03,2030-03,17.9,ongoing_census,2024-09
N16000439,EAST GAS GRID 11/2020,PETROLEUM,Multi State,IGGL,2020-11,9265.0,9265.0,,5420.48,,2025-03,,83.24,ongoing_census,2024-09
N16000531,JAMMU PIPELINE 7/2023,PETROLEUM,Multi State,GAIL) (Jul-26) (521.92,2023-07,521.92,521.92,,6.7,,2026-07,,14.4,ongoing_census,2024-09
N18000184,OF FIBER OPTIC 3/2015 SYSTEM IN NR UNDER OPTIC EXPANSION PROJECT,POWER,Multi State,PGCIL,2015-03,197.4,,197.4,161.89,,,2024-12,96.0,ongoing_census,2024-09
N18000249,SCHEME FOR THE 12/2014 OF THE AND DISTRIBUTION IN A P,POWER,Multi State,PGCIL,,4754.42,9129.32,9129.32,6724.24,,2025-03,2025-03,77.14,ongoing_census,2024-09
N18000250,EASTERN REGION POWER 12/2014 IMPROVEMENT PROJECT FOR SIX (6) STATES,POWER,Multi State,PGCIL,2014-12,5111.33,6700.0,6700.0,4942.92,,2025-03,2025-03,95.1,ongoing_census,2024-09
N18000264,BIPOLE LINK BETWEEN WR AND 8/2017 -NORTH TRICHUR - SCHEME -II AC STRENGTHENING AT PUGALUR,POWER,Multi State,PGCIL,,1931.39,2635.55,2635.55,1964.44,,2023-04,2025-09,99.0,ongoing_census,2024-09
N18000316,EASTERN REGION 5/2021 SCHEME-XII,POWER,Multi State,N.A.) (576.42,2021-05,576.42,576.42,576.42,418.96,,,2024-08,100.0,ongoing_census,2024-09
N18000328,FOR EVACUATION OF POWER FROM 2/2022 HEP IN CHENAB VALLEY - LTA SYSTEM,POWER,Multi State,PGCIL,,318.12,,318.12,142.75,,,2025-04,83.0,ongoing_census,2024-09
N18000330,SYSTEM 3/2022 FOR SRINAGAR-LEH SYSTEM,POWER,Multi State,PGCIL,2022-03,288.71,,288.71,112.79,,,2024-12,39.0,ongoing_census,2024-09
N18000331,SYSTEM 2/2022 SCHEME FOR OF POWER FROM SOLAR ZONES IN RAJASTHA,POWER,Multi State,N.A.) (N.A.,2022-02,359.47,,359.47,200.97,,,2024-12,63.0,ongoing_census,2024-09
N18000332,SYSTEM 5/2022 SCHEME FOR OF POWER FROM SOLAR ZONES IN RAJASTHA,POWER,Multi State,PGCIL,2022-05,1666.0,,1666.0,1318.62,,,2024-12,81.0,ongoing_census,2024-09
N18000337,NETWORK EXPANSION 7/2022 GUJARAT TO INCREASE ATC FROM PART B,POWER,Multi State,PGCIL,2022-07,4546.26,,4546.26,2180.35,,,2024-12,64.0,ongoing_census,2024-09
N18000338,NETWORK EXPANSION 7/2022 GUJARAT TO INCREASE ATC FROM PART C,POWER,Multi State,N.A.) (N.A.,2022-07,186.19,,186.19,61.53,,,2025-03,65.0,ongoing_census,2024-09
N18000343,STRENGTHENING SCHEME FOR 10/2022 AND NORTH EASTERN,POWER,Multi State,PGCIL,,307.87,,307.87,83.31,,,2025-10,52.0,ongoing_census,2024-09
N18000352,SYSTEM FOR KURNOOL 3/2023 ENERGY ZONE SOLAR ENERGY (AP) PART-A PART B,POWER,Multi State,N.A.) (N.A.,2023-03,3546.94,,3546.94,1222.14,,,2025-03,50.0,ongoing_census,2024-09
N18000353,WR TRANSMISSION LIMITED 3/2023,POWER,Multi State,PGCIL) (N.A.) (N.A.,2023-03,281.16,,,27.14,,,,27.0,ongoing_census,2024-09
220100188,3/1981,RAILWAYS,Multi State,NR) (N.A.) (N.A.,1981-03,450.0,,,1190.75,,,,43.0,ongoing_census,2024-09
220100232,"NL, 9/1998",RAILWAYS,Multi State,NCR) (N.A.) (63.57,,247.66,63.57,8248.5,2520.04,,,2025-03,43.0,ongoing_census,2024-09
N22000134,UP 3/2013,RAILWAYS,Multi State,NER) (N.A.) (954.00,2013-03,295.0,954.0,,987.32,,,,95.0,ongoing_census,2024-09
N22000138,4/2007,RAILWAYS,Multi State,,2007-04,1347.26,1793.63,,1464.86,,2027-12,,58.0,ongoing_census,2024-09
N22000139,"VIA SARDARPUR, 4/2007 AND DHAR (NL)",RAILWAYS,Multi State,WR,2007-04,1640.04,1873.1,2873.11,2030.41,,2027-02,2027-02,58.0,ongoing_census,2024-09
N22000148,WITH 4/2011 TO KOTA (GC),RAILWAYS,Multi State,N.A.) (N.A.,2011-04,2912.96,,3845.6,1024.32,,,2024-12,0.0,ongoing_census,2024-09
N22000158,WITH EXTENSION 4/2010 GANGAPURCITY AND MOHARI- AND TANPUR-BANSI,RAILWAYS,Multi State,Dec-26) (746.83,2010-04,2030.5,746.83,746.83,81.25,2010-04,2026-12,2026-12,19.0,ongoing_census,2024-09
N22000183,BONGAIGAON-RANGIA- 4/2013 DOUBLING,RAILWAYS,Multi State,NFR,2013-04,1798.0,,2832.35,3148.37,,,2024-09,95.0,ongoing_census,2024-09
N22000206,BG LINE FROM BALURGHAT TO 4/2010 NFR,RAILWAYS,Multi State,NFR,,242.22,,1195.95,387.08,,,2027-03,5.0,ongoing_census,2024-09
N22000207,BG LINE FROM JAGBANI TO 4/2010,RAILWAYS,Multi State,NFR,2010-04,241.52,,401.65,343.3,2010-04,,2023-03,85.42,ongoing_census,2024-09
N22000215,NL 4/2011 VIA 4/2011,RAILWAYS,Multi State,NFR) (N.A.) (N.A.,2011-04,414.84,,1265.16,580.91,,2027-12,2025-05,33.0,ongoing_census,2024-09
N22000219,4/2013,RAILWAYS,Multi State,ER,2013-04,915.98,,,809.34,,2028-03,,45.0,ongoing_census,2024-09
N22000261,3RD LINE WITH 4/2012,RAILWAYS,Multi State,SCR,,1856.95,,1952.68,1354.36,,,2025-03,0.0,ongoing_census,2024-09
N22000274,(MUZAFFARNAGAR)- 4/2007 NL,RAILWAYS,Multi State,,2007-04,336.91,,791.39,572.99,2007-04,,2024-02,40.0,ongoing_census,2024-09
N22000279,NL 4/2007,RAILWAYS,Multi State,SWR,2007-04,2062.3,2495.59,,1413.42,2007-04,,,60.0,ongoing_census,2024-09
N22000326,- DIGANA DOUBLING 5/2015,RAILWAYS,Multi State,NWR) (Apr-24) (N.A.,2015-05,600.0,,,765.54,,2024-04,,100.0,ongoing_census,2024-09
N22000333,3/2015,RAILWAYS,Multi State,,2015-03,1614.59,1877.81,,2408.17,,,,89.0,ongoing_census,2024-09
N22000367,4/2015,RAILWAYS,Multi State,SCR,2015-04,2063.03,,,2578.41,,,,0.0,ongoing_census,2024-09
N22000463,MUMBAI AHMEDABAD HIGH SPEED RAIL 12/2015,RAILWAYS,Multi State,NHSRCL,,108000.0,,108000.0,66326.0,,,2027-08,46.64,ongoing_census,2024-09
N22000464,DEDICATED FREIGHT 11/2007,RAILWAYS,Multi State,,2007-11,16592.0,51101.0,51101.0,47476.0,,,2020-03,83.0,ongoing_census,2024-09
N22000467,4/2007,RAILWAYS,Multi State,NR,2007-04,328.14,,,482.67,,,,10.0,ongoing_census,2024-09
N22000506,TO BHADRAK 3RD LINE 3/2019 KM),RAILWAYS,Multi State,SER,,1866.31,,1866.31,1627.16,,,2025-12,55.0,ongoing_census,2024-09
N24001628,KM.786 TO 9/2011 OF SPUR TO HARIDWAR 11/2021,ROAD TRANSPORT AND HIGHWAYS,Multi State,GREENFIELD) FROM KM. 0.000 TO KM. (N.A.) (N.A.,2021-11,2848.0,,3241.56,3901.66,,,2024-09,85.61,ongoing_census,2024-09
N24001629,WITH ACCESS CONTROL PROVISION 4/2022 BYPASS TO GANESHPUR FROM 13.89 KM TO 41.820 KM O,ROAD TRANSPORT AND HIGHWAYS,Multi State,NHAI,2022-04,796.65,,796.65,268.84,,,2024-11,52.85,ongoing_census,2024-09
N25000072,MARG VIKAS PROJECT 1/2018,SHIPPING AND PORTS,Multi State,,2018-01,5369.18,4633.81,,3078.56,,2025-12,,61.04,ongoing_census,2024-09
N26000114,OF CONSOLIDATION OF 3/2020 CDR DATA CENTERS AND NIB- DATA CENTERS WITH STATE OF THE,TELECOMMU NICATIONS,Multi State,Nov-21) (461.42,2020-03,461.42,461.42,461.42,159.98,,2021-11,2024-12,81.0,ongoing_census,2024-09
N26000115,EDGE ROUTERS FOR BSNL 3/2023 PROTOCOL - MULTI LEBEL SWITCHING (IPMPLS) and,TELECOMMU NICATIONS,Multi State,Jul-24) (N.A.,2023-03,239.6,,239.6,165.31,,2024-07,2024-09,100.0,ongoing_census,2024-09
N26000116,BASED ACCESS AND 5/2023 NETWORK (MAAN) IN ALONG WITH TEST AND EQUIPMENT,TELECOMMU NICATIONS,Multi State,BSNL,2023-05,645.13,,645.13,258.87,,2024-11,2024-11,75.33,ongoing_census,2024-09
N26000117,ENGINEERING SUPPLY 6/2023 TESTING MAINTENANCE OF,TELECOMMU NICATIONS,Multi State,BSNL,2023-06,24556.35,24544.55,24544.55,3417.37,,,2025-06,40.6,ongoing_census,2024-09
N26000118,TRANSPORT NETWORK (OTN) 2/2024 IN BSNL,TELECOMMU NICATIONS,Multi State,BSNL,2024-02,810.99,,810.99,250.0,,,2025-08,17.74,ongoing_census,2024-09
N28000134,GHAZIABAD MEERUT RRTS 3/2019,URBAN DEVELOPME NT,Multi State,,2019-03,30274.0,,30274.0,22615.28,,,2025-06,80.3,ongoing_census,2024-09
N16000529,"OF DIMAPUR DEPOT, 8/2023",PETROLEUM,Nagaland,N.A.) (N.A.,2023-08,227.62,,227.62,0.2,,,2027-11,7.5,ongoing_census,2024-09
N22000124,LINE FROM DIMAPUR TO 4/2006 NATIONAL PROJECT,RAILWAYS,Nagaland,NEFR,2006-04,2326.52,6663.2,6663.2,3770.54,,,2029-12,58.0,ongoing_census,2024-09
N24000686,LANING OF DIMAPUR KOHIMA 3/2016 FROM DESIGN KM 123.840 TO KM (EXISTING KM 124.100 TO KM 1,ROAD TRANSPORT AND HIGHWAYS,Nagaland,,2016-03,373.07,534.41,534.41,382.5,,2022-11,2024-12,99.81,ongoing_census,2024-09
N24000688,LANING OF EXISTING DIMAPUR 3/2016 ROAD FROM DESIGN KM TO KM 166.700 (EXISTING KM,ROAD TRANSPORT AND HIGHWAYS,Nagaland,Sep-25) (794.74,2016-03,429.52,794.74,794.74,287.46,,2025-09,2025-09,83.4,ongoing_census,2024-09
N24000752,CONSTRUCTION OF FOUR/SIX LANING 2/2017 KM 132.375 TO KM 158.058 (TOTAL ALIGNMENT LENGTH OF 20.,ROAD TRANSPORT AND HIGHWAYS,Nagaland,NHIDCL,,387.0,688.12,688.12,387.5,,2023-02,2024-12,99.32,ongoing_census,2024-09
N24000753,CONSTRUCTION OF DIMAPUR 3/2018 (ASSAM PORTION) OF 4/6 LANE ON EPC BASIS FROM,ROAD TRANSPORT AND HIGHWAYS,Nagaland,Aug-24) (698.81,2018-03,500.09,698.81,698.81,373.62,,2024-08,2024-12,94.81,ongoing_census,2024-09
N24000756,CONSTRUCTION OF TWO LANE WITH 3/2018 SHOULDERS OF CHAKABAMA- ROAD FROM EXISTING KM TO,ROAD TRANSPORT AND HIGHWAYS,Nagaland,NHIDCL,,285.68,,285.68,174.28,,2023-01,2024-07,99.9,ongoing_census,2024-09
N24000763,OF TWO LANE WITH 3/2018 SHOULDERS OF MERANGKONG- ROAD FROM EXISTING KM TO,ROAD TRANSPORT AND HIGHWAYS,Nagaland,Aug-22) (N.A.,,215.79,,215.79,107.4,,2022-08,2025-08,27.45,ongoing_census,2024-09
N24000765,OF TWO LANE WITH 3/2018 SHOULDERS OF MERANGKONG- ROAD FROM EXISTING KM TO,ROAD TRANSPORT AND HIGHWAYS,Nagaland,NHIDCL,,323.98,,323.98,81.6,,2023-06,2025-09,16.04,ongoing_census,2024-09
N24001179,OF 2 LANE WITH PAVED 3/2017 FROM KM. 168 TO 183.783 TO UNGER) ON,ROAD TRANSPORT AND HIGHWAYS,Nagaland,Feb-23) (N.A.,,217.35,,217.35,214.18,,2023-02,2023-02,100.0,ongoing_census,2024-09
N24001180,OF EXISTING 3/2019 LANE ROAD TO 2 ROAD FROM KM. 83.00 TO KM ON NH-,ROAD TRANSPORT AND HIGHWAYS,Nagaland,Jan-23) (N.A.,2019-03,237.51,,237.51,201.2,,2023-01,2023-01,100.0,ongoing_census,2024-09
N24001255,OF 2-LANE WITH PAVED 9/2020 OF KOHIMA-BYPASS ROAD DESIGN KM10.500 TO 21.00KM [D,ROAD TRANSPORT AND HIGHWAYS,Nagaland,NHIDCL,,277.44,,277.44,160.86,,2024-04,2024-09,62.27,ongoing_census,2024-09
N24001257,OF 2-LANE WITH PAVED 8/2020 OF KOHIMA-BYPASS ROAD DESIGN KM21.0 TO KM32.0 [DESIG,ROAD TRANSPORT AND HIGHWAYS,Nagaland,Jun-25) (342.29,,159.85,342.29,159.85,76.99,,2025-06,2025-06,15.94,ongoing_census,2024-09
N24001258,OF 2-LANE WITH PAVED 8/2020 OF KOHIMA-BYPASS ROAD DSIGN KM32.0 TO KM43.454 [DES,ROAD TRANSPORT AND HIGHWAYS,Nagaland,NHIDCL,,202.36,,202.36,71.92,,2023-04,2025-02,26.96,ongoing_census,2024-09
N24001259,OF EXISTING ROAD TO 2- 9/2020 WITH PAVED SHOULDER FROM TO MAO FROM KM 185.540 TO,ROAD TRANSPORT AND HIGHWAYS,Nagaland,May-24) (N.A.,,315.63,,315.63,95.84,,2024-05,2025-02,74.23,ongoing_census,2024-09
N24001280,LANING OF KOHIMA - JESSAMI 3/2020 (PACKAGE I),ROAD TRANSPORT AND HIGHWAYS,Nagaland,NHIDCL,2020-03,320.97,,320.97,182.21,,2023-03,2023-09,100.0,ongoing_census,2024-09
N24001282,LANING OF KOHIMA - JESSAMI 3/2020 (PACKAGE II),ROAD TRANSPORT AND HIGHWAYS,Nagaland,NHIDCL,2020-03,355.79,,355.79,109.24,,,2026-01,60.93,ongoing_census,2024-09
N24001284,LANING OF KOHIMA - JESSAMI 3/2020 (PACKAGE III),ROAD TRANSPORT AND HIGHWAYS,Nagaland,Jun-23) (365.42,2020-03,361.53,365.42,365.42,200.22,,2023-06,2024-06,97.42,ongoing_census,2024-09
N24001286,OF CHANGTONGYA TO 3/2020 ROAD OF NH-702 (PKG-I),ROAD TRANSPORT AND HIGHWAYS,Nagaland,Oct-22) (N.A.,2020-03,278.95,,278.95,166.29,,2022-10,2023-06,100.0,ongoing_census,2024-09
N24001287,LANING OF KOHIMA - JESSAMI 4/2020 (PACKAGE V),ROAD TRANSPORT AND HIGHWAYS,Nagaland,NHIDCL,2020-04,330.8,,330.8,110.22,,2025-11,2025-11,58.59,ongoing_census,2024-09
N24001288,OF 2-LANE WITH PAVED 8/2020 OF KOHIMA-BYPASS ROAD DESIGN KM 0.00 TO KM 10.500 [D,ROAD TRANSPORT AND HIGHWAYS,Nagaland,NHIDCL,,232.29,350.88,232.29,39.59,,2026-11,2026-11,1.62,ongoing_census,2024-09
N24001389,TO LONGLENG ROAD 3/2020,ROAD TRANSPORT AND HIGHWAYS,Nagaland,NHIDCL,,206.53,,206.53,119.25,,2022-09,2025-01,99.4,ongoing_census,2024-09
N24001407,SECTION PKG-2 7/2021 PKG-5 2/2021,ROAD TRANSPORT AND HIGHWAYS,Nagaland,NHIDCL) (Sep-25) (N.A.,2021-07,258.52,,258.52,62.78,,2025-09,2025-09,57.55,ongoing_census,2024-09
N24001438,(MTM) PKG- 7/2021,ROAD TRANSPORT AND HIGHWAYS,Nagaland,N.A.) (N.A.,,161.73,,161.73,43.05,,,2025-09,23.71,ongoing_census,2024-09
N24001465,OF EXISTING SINGLE LANE / 6/2020 LANE ROAD TO 2 LANE KM 101 TO KM 125 OF NH 61 I,ROAD TRANSPORT AND HIGHWAYS,Nagaland,MoRTH,,252.19,,252.19,0.28,,2026-06,2026-06,0.0,ongoing_census,2024-09
N24001466,TO EXISTING SINGLE LANE 3/2021 LANE TO 2 LANE FROM TO KM 220.00 OF NH-61 (N,ROAD TRANSPORT AND HIGHWAYS,Nagaland,MoRTH,,297.24,,297.24,109.4,,2025-03,2025-03,55.07,ongoing_census,2024-09
N24001467,TO EXISTING 3/2021 RANE TO 2 LANE KM 135 TO KM 147 AND FROM KM TO,ROAD TRANSPORT AND HIGHWAYS,Nagaland,Feb-25) (N.A.,2021-03,226.44,,226.44,109.16,,2025-02,2025-02,76.78,ongoing_census,2024-09
N24001475,OF 2 LANE WITH HARD 3/2022 FROM DESIGN CHAINAGE 283.000 TO KM 325.440 (5- LEGGED J,ROAD TRANSPORT AND HIGHWAYS,Nagaland,NHIDCL,,605.36,,605.36,214.5,,,2024-12,84.14,ongoing_census,2024-09
N24001855,OF EXISTING SINGLE LANE 2/2021 TO INTERMEDIATE LANE ROAD MOKOKCHUNG TO CHARE VIA I,ROAD TRANSPORT AND HIGHWAYS,Nagaland,Jun-25) (N.A.,,192.93,,192.93,55.72,,2025-06,2025-06,53.23,ongoing_census,2024-09
N24001976,PKG-3 2/2021 TO 2 LANE WITH HARD 12/2022 OF AKEGWO-AVANGKHU OF NH-202K FOR PACKAGE-I CH,ROAD TRANSPORT AND HIGHWAYS,Nagaland,NHIDCL) (N.A.) (199.02,2021-02,177.77,199.02,199.02,17.31,,,2025-06,26.64,ongoing_census,2024-09
N24001977,TO 2 LANE WITH HARD 12/2022 OF AKEGWO-AVANGKHU OF NH-202K FOR PACKAGE-II C,ROAD TRANSPORT AND HIGHWAYS,Nagaland,NHIDCL,2022-12,442.54,,442.54,17.58,,,2026-02,11.32,ongoing_census,2024-09
N24001978,TO 2 LANE WITH HARD 12/2022 OF AKEGWO-AVANGKHU OF NH-202K FOR PACKAGE-III,ROAD TRANSPORT AND HIGHWAYS,Nagaland,NHIDCL,2022-12,497.18,,497.18,68.58,,,2026-02,29.41,ongoing_census,2024-09
N06000112,(WEST) OC EXTN(7.00 5/2014,COAL,Odisha,MCL,2014-05,479.15,,479.15,266.56,,,2027-03,62.0,ongoing_census,2024-09
N06000113,OCP (40.00MTY) 2/2021,COAL,Odisha,MCL,2021-02,5194.96,,,3392.69,,,,42.5,ongoing_census,2024-09
N06000117,OCP 11/2014,COAL,Odisha,MCL) (N.A.) (N.A.,2014-11,1375.38,,,828.22,,,,58.0,ongoing_census,2024-09
N06000167,LAKHANPUR-BELPAHAR- 5/2018 OCP,COAL,Odisha,MCL,2018-05,2434.75,,2434.75,1815.42,,,2027-03,51.0,ongoing_census,2024-09
N06000171,OF BHARATPUR OCP 11/2018,COAL,Odisha,MCL,,2838.87,,2838.87,1668.41,,,2029-03,44.0,ongoing_census,2024-09
N06000189,II AND III OCP 7/2017,COAL,Odisha,NLC) (N.A.) (N.A.,2017-07,2401.07,,,1370.54,,,,52.8,ongoing_census,2024-09
N06000203,COAL MINE 3/2020,COAL,Odisha,SCCL) (N.A.) (N.A.,2020-03,494.3,,,491.33,,,,35.0,ongoing_census,2024-09
N06000227,EXPANSION OCP 3/2024,COAL,Odisha,MCL) (N.A.) (N.A.,2024-03,6321.73,,,1130.44,,,,18.0,ongoing_census,2024-09
N06000229,OCP 4/2022,COAL,Odisha,MCL) (N.A.) (N.A.,2022-04,6107.87,,,1620.58,,,,16.5,ongoing_census,2024-09
N06000230,EXPANSION OCP 8/2020,COAL,Odisha,MCL) (N.A.) (N.A.,2020-08,3504.21,,,905.09,,,,49.0,ongoing_census,2024-09
N06000248,EXPANSION OCP- 15 MTY 6/2014,COAL,Odisha,MCL) (N.A.) (N.A.,2014-06,348.16,,,199.85,,,,60.0,ongoing_census,2024-09
N06000261,OCP 5/2021 OF HINGULA -II EXPANSION PH-III 12/2022,COAL,Odisha,MCL) (Mar-29) (N.A.,2021-05,1693.81,,1693.81,1135.45,,2029-03,2029-03,39.0,ongoing_census,2024-09
N06000270,TALABIRA THERMAL POWER 1/2024 (PHASE-1: 3 X 800 MW),COAL,Odisha,NLC,2024-01,27213.0,,27213.0,970.41,,,2029-05,1.51,ongoing_census,2024-09
N28000126,INSTITUTE OF SCIENCE 1/2019 AND RESEARCH,DEPARTMEN T OF HIGHER EDUCATION,Odisha,N.A.) (N.A.,2019-01,790.79,,790.79,665.3,,,2024-11,94.0,ongoing_census,2024-09
N10000010,STREAM ALUMINA REFINERY 12/2014 PROJECT,MINES,Odisha,NALCO,2014-12,4103.0,5677.4,5677.4,3201.37,,2025-09,2025-09,67.87,ongoing_census,2024-09
N10000011,D AND E COAL BLOCK 5/2016,MINES,Odisha,NALCO) (Nov-23) (N.A.,2016-05,534.0,,,752.42,,2023-11,,80.2,ongoing_census,2024-09
N10000012,OF FLAT BOTTOM 12/2015 AND WASHERS WITH A TRAIN OF HRDS AND DCWS IN 1 AND,MINES,Odisha,Sep-25) (581.00,2015-12,355.0,581.0,581.0,109.88,,2025-09,2026-11,12.6,ongoing_census,2024-09
N10000013,OF BAUXITE ARRANGEMENT 11/2017 5TH STREAM ALUMINA REFINERY SOUTH BLOCK MINING LEASE OF,MINES,Odisha,NALCO,2017-11,483.0,483.0,483.0,344.11,,2025-05,2025-05,85.22,ongoing_census,2024-09
N10000016,BAUXITE MINES 5/2018,MINES,Odisha,NALCO,2018-05,1437.0,,,649.96,,,,50.1,ongoing_census,2024-09
N10000017,OF RED MUD POND - II 9/2019 NALCO DAMANJODI ODISHA,MINES,Odisha,NALCO,,225.79,,270.66,5.0,,2024-05,2024-05,100.0,ongoing_census,2024-09
N16000361,STORAGE TANKS AT 11/2018,PETROLEUM,Odisha,,2018-11,462.3,552.44,552.44,469.43,,2024-12,2024-12,94.87,ongoing_census,2024-09
N16000362,Quality Upgradation Project at Paradip 5/2019,PETROLEUM,Odisha,Dec-24) (N.A.,,3361.0,,3361.0,2709.09,,2024-12,2024-12,98.1,ongoing_census,2024-09
N16000368,OF STANDBY SRU TRAIN 6/2019 525 TPD ALONGWITH INCINERATOR PARADIP REFINERY,PETROLEUM,Odisha,Dec-24) (427.10,,427.1,427.1,427.1,298.98,,2024-12,2024-12,94.32,ongoing_census,2024-09
N16000396,PARA XYLENE (PX) AND 7/2020 TEREPHTHALIC ACID (PTA) AT PARADIP REFINERY,PETROLEUM,Odisha,IOCL,,13805.0,,13805.0,6713.48,,2025-04,2025-04,85.28,ongoing_census,2024-09
N18000351,REGION EXPANSION SCHEME 3/2023,POWER,Odisha,N.A.) (N.A.,,524.04,,524.04,311.97,,,2025-11,56.0,ongoing_census,2024-09
N18000364,THERMAL POWER PROJECT 8/2022 III(2X660 MW),POWER,Odisha,NTPC,2022-08,11844.0,,11844.0,1405.09,,,2027-05,8.4,ongoing_census,2024-09
220100284,ROAD-BOLANGIR(NL)ECOR 4/1994,RAILWAYS,Odisha,,1994-04,2923.13,3791.66,,4091.11,,2026-12,,78.0,ongoing_census,2024-09
220100328,4/2005,RAILWAYS,Odisha,ECOR,2005-04,810.78,,,1463.13,,,,40.0,ongoing_census,2024-09
N22000316,- NERGUNDI 3RD LINE 3/2013,RAILWAYS,Odisha,,2013-03,843.04,1284.39,,1106.54,,,,70.0,ongoing_census,2024-09
N22000376,DOUBLING 4/2015,RAILWAYS,Odisha,ECOR) (N.A.) (N.A.,2015-04,1547.38,,,1202.08,,,,88.5,ongoing_census,2024-09
N22000379,- SINGAPUR ROAD DOUBLING 4/2015,RAILWAYS,Odisha,,2015-04,2361.74,2361.74,,1540.64,,2026-03,,68.0,ongoing_census,2024-09
N22000380,- BUDHAPANK WITH FLY 4/2015 AT TALCHER ROAD 3RD AND 4TH,RAILWAYS,Odisha,Aug-26) (N.A.,,701.61,,810.02,545.71,,2026-08,2026-08,75.0,ongoing_census,2024-09
N22000381,- SALEGAON VIA 4/2015 3RD AND 4TH LINE.,RAILWAYS,Odisha,ECOR,2015-04,1172.92,2087.43,2087.43,1584.75,,,2025-07,70.0,ongoing_census,2024-09
N22000409,-SAMABALPUR 3RD LINE 1/1991,RAILWAYS,Odisha,RVNL) (N.A.) (73.00,,2335.67,73.0,,4620.71,,,,73.0,ongoing_census,2024-09
N22000418,OF RAIL CONNECTIVITY 4/2016 FOR COAL TRANSPORTATION ODISHA FOR MCRL,RAILWAYS,Odisha,IRCON,2016-04,5200.0,,5200.0,0.0,,,2025-12,17.4,ongoing_census,2024-09
N22000516,MALKANGIRI NEW LINE 2/2018,RAILWAYS,Odisha,ECOR) (N.A.) (N.A.,2018-02,642.69,,,163.46,,,,0.1,ongoing_census,2024-09
N22000517,NABARANGPUR NEWLINE 7/2017,RAILWAYS,Odisha,ECOR) (N.A.) (N.A.,2017-07,499.99,,,0.0,,,,0.0,ongoing_census,2024-09
N22000518,- ANGUL NEW LINE WITH Y 7/2018 AT TALCHER,RAILWAYS,Odisha,ECOR,,278.96,495.0,494.62,29.5,,,2026-12,0.0,ongoing_census,2024-09
N22000519,BAUXITE MINES TO 8/2022 RAILWAY STATION,RAILWAYS,Odisha,N.A.) (N.A.,,190.9,,190.9,10.0,,,2027-08,0.0,ongoing_census,2024-09
N22000520,IRON ORE MINES TO 9/2022 STATION,RAILWAYS,Odisha,ECOR,,189.93,,189.93,5.14,,,2027-09,0.0,ongoing_census,2024-09
N22000521,FLYOVER 12/2009 FOR JOINING DN LINE,RAILWAYS,Odisha,ECOR,2009-12,48.44,297.0,297.0,0.0,,,2026-12,0.0,ongoing_census,2024-09
N22000522,FLY OVER (20 KM) 8/2019,RAILWAYS,Odisha,ECOR) (N.A.) (N.A.,2019-08,183.0,,,0.06,,,,0.0,ongoing_census,2024-09
N22000571,A-CABIN 5TH 9/2022 (10 KM) (UMBRELLA WORK,RAILWAYS,Odisha,N.A.) (N.A.,,209.75,,244.99,40.04,,,2026-03,8.0,ongoing_census,2024-09
N24000619,OF FOUR LANNING OF 9/2016 SECTION OF HIGHWAY NH-42 (NEW NH-55 THE S,ROAD TRANSPORT AND HIGHWAYS,Odisha,NHAI,,2510.04,,2510.04,1104.98,,,2024-10,98.0,ongoing_census,2024-09
N24000715,AND UPGRADATION OF 12/2017 ANGUL SECTION OF NH-42 NH-55) TO 4 LANE (KM. 0+400 TO,ROAD TRANSPORT AND HIGHWAYS,Odisha,N.A.) (565.00,,686.65,565.0,686.65,574.26,,,2024-12,86.5,ongoing_census,2024-09
N24000733,AND UP-GRADATION 1/2018 EXISTING 2-LANE TO 4 LANE OF (KM 388.376) TO CHANDIKHOLE (,ROAD TRANSPORT AND HIGHWAYS,Odisha,NHAI,2018-01,633.68,492.83,633.68,560.38,,,2025-02,80.0,ongoing_census,2024-09
N24000734,AND UP-GRADATION 1/2018 EXISTING 2-LANE TO FOUR LANE TALCHAR TO END OF,ROAD TRANSPORT AND HIGHWAYS,Odisha,NHAI,2018-01,614.48,503.3,757.12,664.48,,,2024-10,99.0,ongoing_census,2024-09
N24000736,AND UPGRADATION OF 1/2018 SECTION TO 4 LANE 60.20) TO (KM 112.0) PKG II ON,ROAD TRANSPORT AND HIGHWAYS,Odisha,NHAI,,686.65,504.09,1015.16,435.85,,,2024-12,80.0,ongoing_census,2024-09
N24000738,AND UPGRADATION OF 1/2018 LANING OF BHADRAK BALESHWAR (KM 136.50) TO (KM 199.141,ROAD TRANSPORT AND HIGHWAYS,Odisha,NHAI,,999.0,1152.7,1152.7,387.08,,,2025-03,77.49,ongoing_census,2024-09
N24000739,AND UP-GRADATION 1/2018 4-LANING OF RAJAMUNDA-BARKOTE OF NH-23 (NEW NH NO. 143) (,ROAD TRANSPORT AND HIGHWAYS,Odisha,Dec-24) (609.03,2018-01,503.88,609.03,609.03,536.89,,2024-12,2024-12,95.0,ongoing_census,2024-09
N24000912,TO 2LPS FROM 0/0 TO 119/0 8/2016 NH-157 IN THE STATE OF ODISHA.,ROAD TRANSPORT AND HIGHWAYS,Odisha,MoRTH,,287.7,,293.66,272.95,,,2024-09,98.66,ongoing_census,2024-09
N24000914,TO 2LPS FROM 239/9 TO 294/3 12/2016 NH-57 (NAYAGARH TO KHURDA) IN STATE OF ODISHA,ROAD TRANSPORT AND HIGHWAYS,Odisha,N.A.) (N.A.,,223.5,,223.5,220.5,,,2024-09,92.0,ongoing_census,2024-09
N24000917,TO 2LPS FROM 269/30 TO 3/2018 OF NH-49 IN THE STATE OF,ROAD TRANSPORT AND HIGHWAYS,Odisha,MoRTH,,199.16,,199.16,155.44,,,2024-11,98.0,ongoing_census,2024-09
N24001647,WORK OF PANIKOILI RIMULI 8/2020 OF NEW NH-20 FROM KM 0.00 KM. 163.000,ROAD TRANSPORT AND HIGHWAYS,Odisha,NHAI,,200.0,154.73,154.73,137.04,,,2024-10,100.0,ongoing_census,2024-09
N24001665,GREENFIELD KANDILI - ALURU 12/2021 OF NH-130-CD ROAD FROM KM TO KM 365+033 (PACKAGE-OD-8,ROAD TRANSPORT AND HIGHWAYS,Odisha,NHAI,2021-12,1592.0,1592.0,1592.0,810.84,,,2025-08,56.08,ongoing_census,2024-09
N24001666,GREENFIELD BARAJA - KANDILI 12/2021 OF NH- 130-CD ROAD FROM 338+500 TO KM 342+500 (PACKAGE-,ROAD TRANSPORT AND HIGHWAYS,Odisha,NHAI,2021-12,714.0,714.0,714.0,448.24,,,2025-08,72.52,ongoing_census,2024-09
N24001667,GREENFIELD KALIAGURA 9/2021 SECTION OF NH-130-CD FROM KM 249+000 TO KM 293+000,ROAD TRANSPORT AND HIGHWAYS,Odisha,NHAI,2021-09,1734.0,1734.0,1734.0,1040.6,,,2025-10,72.01,ongoing_census,2024-09
N24001668,OF BADAKUMARI - KARKI SECTION 3/2021 KM 179.000 TO KM 226.500 OF NH- (PACKAGE OD-3),ROAD TRANSPORT AND HIGHWAYS,Odisha,N.A.) (N.A.,2021-03,1249.0,,1249.0,405.98,,,2025-03,70.6,ongoing_census,2024-09
N24001669,OF DHANARA - HATIBENA SECTION 2/2021 KM 124.611 TO KM 146.50 OF NH- (PACKAGE OD-1),ROAD TRANSPORT AND HIGHWAYS,Odisha,NHAI,2021-02,586.0,,586.0,186.65,,,2025-03,63.37,ongoing_census,2024-09
N24001670,OF KARKI KALIAGURA SECTION 2/2021 KM 226.500 TO KM 249.000 OF NH- (PACKAGE OD-4),ROAD TRANSPORT AND HIGHWAYS,Odisha,N.A.) (N.A.,2021-02,593.0,,593.0,251.76,,,2024-12,87.34,ongoing_census,2024-09
N24001671,OF HATIBENA - BADAKUMARI 2/2021 FROM KM 146.50 TO KM 179.00 NH-130-CD (PACKAGE OD-2),ROAD TRANSPORT AND HIGHWAYS,Odisha,NHAI,2021-02,925.0,,925.0,397.54,,,2024-12,94.91,ongoing_census,2024-09
N24001678,GREENFIELD BAUNSAGUAR - BARAJA 8/2021 OF NH-130-CD ROAD FROM KM TO KM 338+500 (PACKAGE,ROAD TRANSPORT AND HIGHWAYS,Odisha,NHAI,,1460.0,1460.0,1460.0,812.5,,,2025-06,74.63,ongoing_census,2024-09
N24001857,OF ROAD FROM KM 0/0 6/2020 72/0 OF NH-26 SUCH AS 4 LANE KM 0/0 TO 21/0 (BARGARH TO BAR,ROAD TRANSPORT AND HIGHWAYS,Odisha,MoRTH,,414.24,,414.24,264.66,,,2024-12,60.0,ongoing_census,2024-09
N24001858,AND STRENGTHENING TO 3/2022 INCLUDING LA OF KANDARPUR- FROM KM 277/500 TO 318/970,ROAD TRANSPORT AND HIGHWAYS,Odisha,MoRTH,,499.79,,499.79,232.34,,,2025-06,7.25,ongoing_census,2024-09
N24001859,OF BYPASS ON NH-59 3/2021 KM 336/350 TO 349/910 (13.56 KM) BERHAMPUR TOWN INCLUDING,ROAD TRANSPORT AND HIGHWAYS,Odisha,N.A.) (N.A.,,196.94,,196.94,66.09,,,2025-03,10.58,ongoing_census,2024-09
N24001860,OF BYPASS TO 1/2022 TOWN FROM KM 235.469 TO OF NH-57 INCLUDING LAND,ROAD TRANSPORT AND HIGHWAYS,Odisha,MoRTH,2022-01,300.33,,300.33,161.93,,,2025-04,9.0,ongoing_census,2024-09
N24001861,OF BYPASS TO 2/2022 TOWN FROM KM 294/000 TO ON NH-57 INCLUDING LA IN THE,ROAD TRANSPORT AND HIGHWAYS,Odisha,Mar-25) (N.A.,2022-02,157.49,,157.49,62.04,,2025-03,2025-03,15.75,ongoing_census,2024-09
N24001862,OF BYPASS ROAD TO 2/2022 TOWN FROM KM 72/400 KM 0/0) TO KM 79/800 (DESIGN,ROAD TRANSPORT AND HIGHWAYS,Odisha,MoRTH,,238.78,,238.78,17.26,,2025-11,2025-11,0.0,ongoing_census,2024-09
N24001863,"OF 5 HL BRIDGES AT 3/2021 379/000 (PANGAM), KM 439/400 KM 444/237",ROAD TRANSPORT AND HIGHWAYS,Odisha,N.A.) (N.A.,,154.05,,154.05,47.47,,,2025-06,0.0,ongoing_census,2024-09
N24001864,OF FOUR LANE ROB 11/2021 ITS APPROACHES IN LIEU OF LEVEL CROSSING NO. RV-71 KM,ROAD TRANSPORT AND HIGHWAYS,Odisha,MoRTH,,154.49,,154.49,48.4,,,2025-06,0.0,ongoing_census,2024-09
N24001865,OF 4 LANE ROB WITH 12/2021 IN LIEU OF LC NO. RV-172 KM 176.00 OF NH-201 (PRESENT,ROAD TRANSPORT AND HIGHWAYS,Odisha,N.A.) (N.A.,,324.09,,324.09,74.04,,,2025-05,0.0,ongoing_census,2024-09
N24002078,AND UP GRADATION 12/2023 4 TO 8 LANING OF CHANDIKHOLE SECTION OF NH 53 FROM KM.,ROAD TRANSPORT AND HIGHWAYS,Odisha,N.A.) (N.A.,2023-12,711.0,,711.0,96.9,,,2025-12,20.02,ongoing_census,2024-09
N24002079,AND UP GRADATION 12/2023 4 TO 8 LANING OF CHANDIKHOLE SECTION OF NH 53 FROM KM,ROAD TRANSPORT AND HIGHWAYS,Odisha,NHAI,2023-12,742.25,,742.25,146.86,,,2025-12,22.65,ongoing_census,2024-09
N24002080,AND UP GRADATION 12/2023 4 TO 8 LANING OF CHANDIKHOLE SECTION OF NH 53 FROM KM,ROAD TRANSPORT AND HIGHWAYS,Odisha,N.A.) (N.A.,2023-12,762.75,,762.75,161.57,,,2025-12,22.12,ongoing_census,2024-09
N24002081,MAJOR BRIDGE OVER RIVER 8/2022 AT KM. 401.250 (DUBURI SECTION) OF NH 200 NH 5,ROAD TRANSPORT AND HIGHWAYS,Odisha,NHAI,2022-08,153.61,,153.61,14.22,,,2025-06,15.6,ongoing_census,2024-09
N24002135,AND STRENGTHENLNG TO 3/2022 FROM KM 0.000 TO 40.000 PODAMARI SECTION) OF 326 I,ROAD TRANSPORT AND HIGHWAYS,Odisha,N.A.) (N.A.,,186.52,,186.52,22.06,,,2026-02,0.0,ongoing_census,2024-09
N24002136,AND STRENGTHENING TO 3/2022 FROM KM 0.000 TO 35.800 - MANGALPUR SECTION) OF N,ROAD TRANSPORT AND HIGHWAYS,Odisha,MoRTH,,636.1,,636.1,181.98,,,2026-02,0.0,ongoing_census,2024-09
N12000122,OF COKE OVEN BATTERY-2 11/2020 AUGMENTATION OF COKE AND GAS HANDLING,STEEL,Odisha,N.A.) (N.A.,2020-11,377.18,,377.18,402.45,,,2024-10,89.47,ongoing_census,2024-09
N12000125,OF 4TH SLAB CASTER 1/2022 WITH ITS AUXILIARIES AND A LADLE FURNACE IN SMS-II AT RSP,STEEL,Odisha,N.A.) (N.A.,2022-01,970.18,,970.18,455.12,,,2025-05,62.99,ongoing_census,2024-09
N28000142,"OF PERMANENT 10/2019 OF INDIAN INSTITUTE OF (IIM) AMRITSAR, PUNJAB.",DEPARTMEN T OF HIGHER EDUCATION,Punjab,CPWD EDUCATION,2019-10,348.24,,348.24,274.08,,,2024-12,87.0,ongoing_census,2024-09
N16000402,"GENERATION ETHANOL 5/2020 PROJECT, BATHINDA,",PETROLEUM,Punjab,Sep-24) (N.A.,2020-05,1421.46,,1421.46,1034.0,,2024-09,2024-09,94.8,ongoing_census,2024-09
N16000440,SANGRUR PIPELINE 11/2021,PETROLEUM,Punjab,HPCL) (N.A.) (N.A.,2021-11,367.0,,,280.29,,,,83.2,ongoing_census,2024-09
N16000488,PROJECT AT PATHANKOT DISTRICT 3/2022,PETROLEUM,Punjab,IOCL) (N.A.) (N.A.,,151.0,,,7.91,,,,1.5,ongoing_census,2024-09
N22000502,"(PHASE-I), INCL. NEW 6/2009 MODIFICATION FOR RAMA (RAMAN) - SADA SINGHWALA VI",RAILWAYS,Punjab,N.A.) (N.A.,,404.0,,404.0,190.0,,,2025-08,60.0,ongoing_census,2024-09
N22000589,MULLANPUR DOUBLING 9/2020,RAILWAYS,Punjab,NR) (N.A.) (N.A.,2020-09,82.99,,,0.0,,,,0.0,ongoing_census,2024-09
N22000597,(172.64 KM) 6/2017,RAILWAYS,Punjab,MEGA) (N.A.) (N.A.,2017-06,1775.73,,,0.0,,,,0.0,ongoing_census,2024-09
N22000614,- PATTI (25.72 KM) 4/2017,RAILWAYS,Punjab,NR,2017-04,299.74,,,0.0,,,,0.0,ongoing_census,2024-09
N24000907,AND PAVED SHOULDER OF 3/2018 (IN HARYANA) BORDER TO,ROAD TRANSPORT AND HIGHWAYS,Punjab,MoRTH,,293.1,,315.0,306.6,,,2024-07,100.0,ongoing_census,2024-09
N24000909,SECTION OF 10/2017 [NEW NH NO. 3] FROM EXISTING 11.400 TO KM 49.200,ROAD TRANSPORT AND HIGHWAYS,Punjab,N.A.) (N.A.,,1069.59,,1069.59,739.08,,,2025-12,62.0,ongoing_census,2024-09
N24000910,AND UP GRADATION 3/2018 2 LANE WITH PAVED SHOULDER OF FROM MAKHU (DESIGN CH 0,ROAD TRANSPORT AND HIGHWAYS,Punjab,MoRTH,2018-03,170.57,192.48,150.0,104.98,,,2024-06,79.0,ongoing_census,2024-09
N24000941,AND UPGRADATION TO 3/2018 LANE WITH PAVED SHOULDER OF (DESIGN CH 0.000) TO MAKHU,ROAD TRANSPORT AND HIGHWAYS,Punjab,N.A.) (N.A.,,293.64,,293.64,295.46,,,2020-08,100.0,ongoing_census,2024-09
N24001414,EXPRESSWAY 12/2020 ROAD (SH-1,ROAD TRANSPORT AND HIGHWAYS,Punjab,PHASE-I PKG-VI) FROM JUNCTION WITH (May-24) (908.28,2020-12,733.0,908.28,908.28,868.44,,2024-05,2024-07,95.33,ongoing_census,2024-09
N24001415,EXPRESSWAY 12/2020 JUNCTION WITH PATIALA- ROAD (NH-7) NEAR TO,ROAD TRANSPORT AND HIGHWAYS,Punjab,NHAI,2020-12,881.0,,881.0,865.46,,2024-07,2024-07,88.54,ongoing_census,2024-09
N24001416,EXPRESSWAY 12/2020 JUNCTION WITH LUDHIANA- ROAD (SH-11) NEAR VI,ROAD TRANSPORT AND HIGHWAYS,Punjab,NHAI,2020-12,989.66,,989.66,319.95,,2025-03,2025-03,31.08,ongoing_census,2024-09
N24001417,EXPRESSWAY 12/2020 JUNCTION WITH LUDHIANA-MOGA (NH-5) NEAR MULLANPUR DAKHA,ROAD TRANSPORT AND HIGHWAYS,Punjab,NHAI,2020-12,1234.4,,1234.4,744.28,,2024-07,2024-07,57.09,ongoing_census,2024-09
N24001418,EXPRESSWAY 12/2020 CH.KM 303+900 TO KM 319+400 OF EXPRESSWAY) AND AMRITSAR CO,ROAD TRANSPORT AND HIGHWAYS,Punjab,Jul-24) (N.A.,2020-12,1094.46,,1094.46,757.42,,2024-07,2024-07,60.36,ongoing_census,2024-09
N24001419,EXPRESSWAY 2/2021 - KAPURTHALA ROAD (NH-,ROAD TRANSPORT AND HIGHWAYS,Punjab,PHASE-I PKG-XI) FROM JUNCTION WITH (Nov-24) (N.A.,2021-02,1269.96,,1269.96,584.69,,2024-11,2024-11,43.45,ongoing_census,2024-09
N24001420,EXPRESSWAY 2/2021 PKG-XII) FROM JUNCTION WITH,ROAD TRANSPORT AND HIGHWAYS,Punjab,N.A.) (N.A.,2021-02,853.66,,853.66,112.33,,,2024-04,12.64,ongoing_census,2024-09
N24001514,LANING OF EXISTING 2 LANE 1/2021 FROM MALOUT (DESIGN KM EXISTING KM 80.200 OF NH-07) V,ROAD TRANSPORT AND HIGHWAYS,Punjab,NHAI,2021-01,1060.29,,1060.29,975.55,,2024-11,2024-11,99.0,ongoing_census,2024-09
N24001630,GREENFIELD LUDHIANA RUPNAGAR 7/2021 FROM JUNCTION WITH NE 05 NEAR TO MANEWAL (LUDHIANA,ROAD TRANSPORT AND HIGHWAYS,Punjab,N.A.) (N.A.,2021-07,1501.02,,1501.02,280.0,,,2025-02,63.0,ongoing_census,2024-09
N24001631,OF IT CITY CHOWK TO KURALI 3/2021 ROAD,ROAD TRANSPORT AND HIGHWAYS,Punjab,NHAI,2021-03,1525.31,,1525.31,278.0,,,2024-10,68.0,ongoing_census,2024-09
N24001632,OF FOUR LANE 1/2021 PROJECT OF DELHI- EXPRESSWAY (PHASE- PKG-V) FROM,ROAD TRANSPORT AND HIGHWAYS,Punjab,NHAI,2021-01,1741.86,,1741.86,1123.64,,,2025-04,85.5,ongoing_census,2024-09
N24001636,OF FOUR/SIX LANE 5/2021 LUDHIANA RUPNAGAR HIGHWAY NO. NH-205K BHAR,ROAD TRANSPORT AND HIGHWAYS,Punjab,NHAI,2021-05,1368.91,1368.91,1368.91,163.58,,2024-12,2024-12,15.31,ongoing_census,2024-09
N24001637,OF 6 LANE JALANDHAR 3/2021 FROM KAHLWAN NATIONAL 03 DESIGN KM 0.00 ENDING K,ROAD TRANSPORT AND HIGHWAYS,Punjab,NHAI,2021-03,1754.84,,1754.84,924.11,,,2025-01,28.2,ongoing_census,2024-09
N24001638,GREENFIELD A. MALOUT BYPASS 11/2021 CH. KM 44.500 TO CH. KM 35.500 NH-07 AND CH. KM 0.000 TO KM 6,ROAD TRANSPORT AND HIGHWAYS,Punjab,Dec-24) (646.42,2021-11,646.42,646.42,646.42,481.67,,2024-12,2024-12,90.0,ongoing_census,2024-09
N24001639,LANING OF MOGA TO BAJAKHANA 5/2020 SECTION OF 105B ALIGNMENT FROM DESIGN,ROAD TRANSPORT AND HIGHWAYS,Punjab,NHAI,2020-05,864.23,864.23,864.23,434.88,,2025-08,2025-08,37.0,ongoing_census,2024-09
N24001640,AMRITSAR BATHINDA GREENFIELD 3/2021 FROM VILLAGE TIBA ON NE 5A JN. WITH MOGA JALANDHAR ROAD N,ROAD TRANSPORT AND HIGHWAYS,Punjab,N.A.) (N.A.,2021-03,1229.38,,1229.38,635.45,,,2024-11,29.15,ongoing_census,2024-09
N24001641,AMRITSAR KATRA EXPRESSWAY 3/2021 I SPUR III FROM JUNCTION WITH JALANDHAR ROAD NH3 NEAR,ROAD TRANSPORT AND HIGHWAYS,Punjab,NHAI,2021-03,1641.75,,1641.75,164.43,,2025-09,2025-09,22.51,ongoing_census,2024-09
N24001642,LANING OF AMRITSAR BYPASS 2/2021 NEW TARN TARAN ROAD TO ROAD FROM DESIGN KM. 0.750 DESI,ROAD TRANSPORT AND HIGHWAYS,Punjab,Mar-25) (N.A.,2021-02,1474.77,,1474.77,384.91,,2025-03,2025-03,62.28,ongoing_census,2024-09
N24001643,OF AMRITSAR GHOMAN TANDA UNA 12/2020 FROM KM 8.270 TO KM 54.000 NH 503A PACKAGE I,ROAD TRANSPORT AND HIGHWAYS,Punjab,Jun-25) (N.A.,,857.91,,857.91,127.71,,2025-06,2025-06,34.53,ongoing_census,2024-09
N24001644,AIRPORT JUNCTION 12/2020 FROM KM. 100.835 TO KM. PKG IV,ROAD TRANSPORT AND HIGHWAYS,Punjab,NHAI,2020-12,524.88,416.58,416.58,157.14,,2025-03,2025-03,69.0,ongoing_census,2024-09
N24001645,OF MALOUT-MANDI DABWALI 12/2020 PKG-01 DANEWALA AT KM TO MANDI DABWALI AT KM 29.500 NH-0,ROAD TRANSPORT AND HIGHWAYS,Punjab,NHAI,2020-12,366.85,366.85,366.85,519.77,,2024-02,2024-02,100.0,ongoing_census,2024-09
N24001960,TO TWO LANE WITH 3/2021 SHOULDER CONFIGURATION OF SECTION ARIFKES-FEROZEPUR-,ROAD TRANSPORT AND HIGHWAYS,Punjab,MoRTH,2021-03,263.19,,220.0,30.0,,,2025-04,21.0,ongoing_census,2024-09
N24001961,OF WIDENING/UPGRADATION OF 3/2022 WITH PAVED SHOULDER OF SRI SAHIB TO MALOUT ROAD,ROAD TRANSPORT AND HIGHWAYS,Punjab,MoRTH,,152.58,,152.58,33.45,,,2025-04,20.0,ongoing_census,2024-09
N24002075,OF JODHPUR ROMANA (BATHINDA) - 12/2020 DABWALI (PUNJAB HARYANA SECTION OF NH-54 FROM KM.,ROAD TRANSPORT AND HIGHWAYS,Punjab,NHAI,,757.13,757.0,757.0,246.51,,2025-08,2025-08,87.0,ongoing_census,2024-09
N24002076,AMRITSAR-BATHINDA GREENFIELD 3/2021 FROM JN. WITH BHAGTA BHAI ROAD NEAR DYALPURA,ROAD TRANSPORT AND HIGHWAYS,Punjab,NHAI,2021-03,2029.17,2029.0,2029.0,84.23,,2025-10,2025-10,23.0,ongoing_census,2024-09
N24002091,ACCESS CONTROLLED LUDHIANA- 6/2021 GREENFIELD HIGHWAY FROM WITH AMRITSAR-BATHANDA,ROAD TRANSPORT AND HIGHWAYS,Punjab,Sep-25) (906.51,2021-06,906.51,906.51,906.51,134.05,,2025-09,2025-09,29.27,ongoing_census,2024-09
N24002092,AMRITSAR-BATHINDA 3/2021 SECTION OF NH-754A JUNCTION WITH MOGA ROAD (NH-70,ROAD TRANSPORT AND HIGHWAYS,Punjab,NHAI,2021-03,1801.37,,1801.37,796.47,,,2025-10,16.8,ongoing_census,2024-09
N24002098,OF AMBALA-CHANDIGARH 3/2022 SECTION FROM KM. 0.000 KM. 25.000 WITH 4L SPUR TO LALRU K,ROAD TRANSPORT AND HIGHWAYS,Punjab,N.A.) (N.A.,2022-03,1641.66,,1641.66,81.0,,,2025-10,31.0,ongoing_census,2024-09
N24002100,OF EXISTING BEAS BABA BAKALA - 10/2021 BABA NANAK SECTION FROM OF BATALA BYPASS TILL,ROAD TRANSPORT AND HIGHWAYS,Punjab,NHAI,,1003.38,,1003.38,219.9,,,2025-06,59.6,ongoing_census,2024-09
N24002101,OF BEAS-MEHTA-BATALA-DERA BABA 8/2021 FROM INTERSECTION WITH HIGHWAY (NH-3),ROAD TRANSPORT AND HIGHWAYS,Punjab,N.A.) (N.A.,,809.51,,809.51,125.89,,,2025-06,34.8,ongoing_census,2024-09
N24002102,EXPRESSWAY 1/2020 - SULTANPUR LODHI (NH,ROAD TRANSPORT AND HIGHWAYS,Punjab,PHASE-I SPUR-I) FROM JN. WITH (N.A.) (N.A.,2020-01,2165.23,,2165.23,120.5,,,2026-04,14.08,ongoing_census,2024-09
N02000027,ATOMIC POWER PROJECT - 10/2009 AND 8 (2X700 MW),ATOMIC ENERGY,Rajasthan,NPCIL,,12320.0,22924.0,22924.0,19056.0,,,2026-12,93.54,ongoing_census,2024-09
N04000101,OF NEW TERMINAL 5/2022 AT JODHPUR AIRPORT,CIVIL AVIATION,Rajasthan,AAI,2022-05,480.0,,480.0,119.07,,,2025-06,50.0,ongoing_census,2024-09
N04000104,AIRPORT- CONSTRUCTION OF 6/2023 INTEGRATED PASSENGER BUILDING,CIVIL AVIATION,Rajasthan,Sep-26) (N.A.,,887.0,,887.0,132.96,,2026-09,2026-09,28.88,ongoing_census,2024-09
N06000269,300 MW SOLAR POWER PROJECT 3/2023,COAL,Rajasthan,PART OF 510 MW CPSU SCHEME) (N.A.) (N.A.,2023-03,1813.0,,1813.0,402.73,,,2025-03,27.05,ongoing_census,2024-09
N16000435,MUNDRA-PANIPAT CRUDE OIL 12/2021,PETROLEUM,Rajasthan,Dec-24) (N.A.,,9028.0,,9028.0,5650.96,,2024-12,2024-12,64.28,ongoing_census,2024-09
N16000489,"PROJECT AT JHUNJHUNU, SIKAR 3/2022 NAGAUR DISTRICTS",PETROLEUM,Rajasthan,IOCL,,575.0,,575.0,110.71,,,2031-03,7.4,ongoing_census,2024-09
N16000496,"PROJECT IN TONK, SAWAI 3/2022 DAUSA, KARAULI",PETROLEUM,Rajasthan,,2022-03,1751.0,,1751.0,182.72,,,2030-03,19.2,ongoing_census,2024-09
N16000512,UP OF PETROCHEMICAL 12/2023 MARKETING TERMINAL AT BARMER,PETROLEUM,Rajasthan,HPCL,2023-12,461.05,,461.05,22.85,,,2026-12,18.7,ongoing_census,2024-09
N16000513,REFINERY PROJECT 10/2017,PETROLEUM,Rajasthan,,2017-10,43129.0,72937.0,,49508.7,,2025-03,,82.1,ongoing_census,2024-09
N16000520,PROJECTS AT FAZILKA (EXCEPT 12/2022 ALREADY AUTHORIZED) AND HANUMANGARH,PETROLEUM,Rajasthan,BPCL,2022-12,3207.0,,3207.0,188.64,,,2030-06,16.2,ongoing_census,2024-09
N18000286,KI BHURJ-II SOLAR 300MW 3/2020,POWER,Rajasthan,NTPC,2020-03,1782.0,,,1279.42,,,,0.0,ongoing_census,2024-09
N18000292,SOLAR 90 MW 1/2021,POWER,Rajasthan,NTPC) (N.A.) (N.A.,2021-01,382.22,,,497.17,,,,0.0,ongoing_census,2024-09
N18000293,320 MW 1/2021,POWER,Rajasthan,NTPC,2021-01,1221.73,,,719.49,,,,0.0,ongoing_census,2024-09
N18000294,150 MW 2/2021,POWER,Rajasthan,NTPC) (Mar-24) (N.A.,2021-02,599.99,,,243.12,,2024-03,,0.0,ongoing_census,2024-09
N18000306,SYSTEM 6/2021 SCHEME FOR OF POWER FROM SOLAR ZONES IN RAJASTHA,POWER,Rajasthan,PGCIL,2021-06,1562.0,,1562.0,1199.25,,,2024-12,94.0,ongoing_census,2024-09
N18000307,SYSTEM 6/2021 SCHEME FOR OF POWER FROM SOLAR ZONES IN RAJASTHA,POWER,Rajasthan,N.A.) (N.A.,2021-06,1006.0,,1006.0,880.11,,,2024-10,98.0,ongoing_census,2024-09
N18000320,PLOT-1 SOLAR PV PROJECT 3/2022,POWER,Rajasthan,,2022-03,1352.71,,1352.71,359.51,,,2024-09,0.0,ongoing_census,2024-09
N18000321,PLOT-2 SOLAR PV PROJECT 3/2022,POWER,Rajasthan,N.A.) (N.A.,2022-03,1409.52,,1409.52,632.99,,,2024-09,0.0,ongoing_census,2024-09
N18000322,PLOT-3 SOLAR PV PROJECT 3/2022,POWER,Rajasthan,NTPC,2022-03,1426.94,,1426.94,362.86,,,2024-09,0.0,ongoing_census,2024-09
N18000356,500MW SOLAR PV PROJECT 6/2022 TRANSMISSION SYSTEM SCHEME FOR 3/2023 OF POWER FROM REZ (8.1 GW) UNDER PHASE-II,POWER,Rajasthan,NTPC) (N.A.) (N.A.,2022-06,2598.92,,2598.92,468.43,,,2024-12,0.0,ongoing_census,2024-09
N18000368,MW SOLAR POWER PROJECT 5/2022 CPSU SCHEME,POWER,Rajasthan,N.A.) (N.A.,2022-05,1677.12,,1677.12,724.79,,,2025-03,62.0,ongoing_census,2024-09
N18000372,SYSTEM FOR 6/2023 OF POWER FROM REZ PHASE-IV PART-I COMPLEX) PAR,POWER,Rajasthan,PGCIL,2023-06,202.39,,202.39,20.04,,,2024-12,53.0,ongoing_census,2024-09
N18000373,FOR EVACUATION OF POWER FROM 8/2023 IN RAJASTHAN (20GW) UNDER PART E1,POWER,Rajasthan,PGCIL,,688.74,,688.74,121.1,,,2025-02,18.0,ongoing_census,2024-09
N18000374,FOR EVACUATION POWER FROM REZ 10/2023 RAJASTHAN (20GW) UNDER PHASE-III H,POWER,Rajasthan,PGCIL,,2211.0,,2211.0,206.83,,,2025-04,17.0,ongoing_census,2024-09
N18000375,FOR EVACUATION POWER FROM REZ 10/2023 RAJASTHAN (20GW) UNDER PHASE-III C1,POWER,Rajasthan,PGCIL,,1796.0,,1796.0,405.48,,,2025-04,13.0,ongoing_census,2024-09
N18000376,FOR EVACUATION POWER FROM REZ 9/2023 RAJASTHAN (20GW) UNDER PHASE-III B1,POWER,Rajasthan,N.A.) (N.A.,,2191.0,,2191.0,457.26,,,2025-04,17.0,ongoing_census,2024-09
N18000378,FOR EVACUATION POWER FROM REZ 12/2022 RAJASTHAN (20GW) UNDER PHASE-III J,POWER,Rajasthan,PGCIL,,331.0,,331.0,7.66,,,2025-08,26.0,ongoing_census,2024-09
N18000379,FOR EVACUATION POWER FROM REZ 11/2023 RAJASTHAN (20GW) UNDER PHASE-III E2,POWER,Rajasthan,PGCIL,,428.0,,428.0,0.0,,,2025-06,1.0,ongoing_census,2024-09
N18000386,FOR EVACUATION OF POWER FROM 12/2023 REZ PH-IV (PART-1) COMPLEX] PART A [BIKANER N,POWER,Rajasthan,N.A.) (N.A.,,2998.0,,2998.0,126.98,,,2025-12,3.0,ongoing_census,2024-09
N18000387,FOR EVACUATION OF POWER FROM 12/2023 REZ PH-IV (PART-1) COMPLEX] PART D II B,POWER,Rajasthan,PGCIL,,2056.0,,2056.0,144.0,,,2025-12,8.0,ongoing_census,2024-09
N18000389,FOR EVACUATION OF POWER FROM 2/2024 IN RAJASTHAN (20GW) UNDER PH-III D [SIKAR KHETRI TRANSMISSI,POWER,Rajasthan,N.A.) (N.A.,,2000.0,,2000.0,0.0,,,2025-08,0.0,ongoing_census,2024-09
N18000391,FOR EVACUATION POWER FROM 8/2024 REZ PH-IV (PART-2:5.5GW) (JAISALMER/BARMER COMPLEX),POWER,Rajasthan,PGCIL,2024-08,3279.0,,3279.0,0.0,,,2026-08,0.0,ongoing_census,2024-09
N18000393,FOR EVACUATION POWER FROM 8/2024 REZ PH-IV (PART-2:5.5GW) COMPLEX) PART-C,POWER,Rajasthan,N.A.) (N.A.,2024-08,2227.0,,2227.0,0.0,,,2026-08,0.0,ongoing_census,2024-09
N18000394,FOR EVACUATION POWER FROM 8/2024 REZ PH-IV (PART-2:5.5GW) COMPLEX) PART-E,POWER,Rajasthan,PGCIL,2024-08,3251.0,,3251.0,0.0,,,2026-08,0.0,ongoing_census,2024-09
220100184,"CITY(NL),NWR 2/1997",RAILWAYS,Rajasthan,NWR) (N.A.) (N.A.,1997-02,410.08,,,1060.42,,,,100.0,ongoing_census,2024-09
N22000553,FORT-BANDIKUI 6/2022,RAILWAYS,Rajasthan,NCR) (N.A.) (N.A.,2022-06,1389.81,,,0.24,,,,11.0,ongoing_census,2024-09
N22000593,THATHANA MITHRI TEST TRACK 4/2019 RDSO,RAILWAYS,Rajasthan,N.A.) (N.A.,,528.48,,528.48,326.97,,,2025-03,70.0,ongoing_census,2024-09
N22000594,TEST TRACK FOR RDSO 11/2021,RAILWAYS,Rajasthan,PHASE II) (N.A.) (N.A.,2021-11,466.42,,466.42,545.21,,,2024-12,72.0,ongoing_census,2024-09
N22000605,BETWEEN CHURU- 2/2023 (42.81 KM),RAILWAYS,Rajasthan,NWR,2023-02,422.6,,422.6,109.4,,,2026-01,38.0,ongoing_census,2024-09
N22000607,- BYPASS LINE (6.98 12/2022 (UMBRELLA WORK PB#57/2019-,RAILWAYS,Rajasthan,N.A.) (239.54,,304.0,239.54,239.54,78.23,,,2025-12,20.0,ongoing_census,2024-09
N22000608,OF NATHDWARA - DEVGARH 1/2023 (82.5KM),RAILWAYS,Rajasthan,NWR,2023-01,968.92,,968.92,202.02,,,2027-01,18.0,ongoing_census,2024-09
N24000795,UP-GRATION OF 2/2018 LANE WITH PAVED OF NH68 FROM TANOT- BHADASAR-JA,ROAD TRANSPORT AND HIGHWAYS,Rajasthan,NHAI,,741.86,649.0,649.0,672.53,,2024-10,2024-10,96.0,ongoing_census,2024-09
N24001241,TO TWO LANING WITH 3/2020 SHOULDER OF AJMER-NAGAUR BY EXECUTING BALANCE FRO,ROAD TRANSPORT AND HIGHWAYS,Rajasthan,MoRTH,,255.23,,255.23,256.0,,2024-12,2024-12,96.0,ongoing_census,2024-09
N24001411,OF NH -58 FROM BEAWAR-GOMTI 12/2020,ROAD TRANSPORT AND HIGHWAYS,Rajasthan,OLD CH KM 58.245 TO KM. 108.600) PKG- (N.A.) (N.A.,2020-12,379.23,,379.23,232.62,,,2025-12,92.0,ongoing_census,2024-09
N24001527,FOR WORK OF NH-325 (BALOTRA 12/2021 SANDERAO VIA JALORE) BY OF BYPASSES:(1) BR,ROAD TRANSPORT AND HIGHWAYS,Rajasthan,N.A.) (N.A.,2021-12,411.4,,411.4,162.61,,,2024-12,55.0,ongoing_census,2024-09
N24001528,OF PACHPADRA-BAGUNDI 1/2022 TO 4 LANE FROM KM 73/60 TO OF NH-25 ON EPC MODE IN THE,ROAD TRANSPORT AND HIGHWAYS,Rajasthan,N.A.) (N.A.,2022-01,194.88,,194.88,104.69,,,2024-12,68.0,ongoing_census,2024-09
N24001529,LANE DIVIDED CARRIAGEWAY OF 12/2021 BYPASS OF NH-15 (NEW NH-68) THE STATE OF RAJASTHAN ON EPC M,ROAD TRANSPORT AND HIGHWAYS,Rajasthan,MoRTH,,451.66,,451.66,401.78,,,2024-12,97.0,ongoing_census,2024-09
N24001530,TO TWO LANE PAVED 12/2021 OF KOTHUN-LALSOT-KAROLI- ROAD NH-23 (OLD NH-11B) IN,ROAD TRANSPORT AND HIGHWAYS,Rajasthan,N.A.) (N.A.,2021-12,150.11,,150.11,57.33,,,2025-03,63.0,ongoing_census,2024-09
N24001557,GREENFIELD SPUR FROM DELHI- 3/2022 GREENFIELD EXPRESSWAY BANDIKUI TO JAIPUR,ROAD TRANSPORT AND HIGHWAYS,Rajasthan,NHAI,2022-03,1636.15,,1636.15,717.59,,2024-12,2024-12,78.98,ongoing_census,2024-09
N24001558,OF KARWAR (KM. 281.980 OF NH-62 11/2021 ROAD) TO DANGIYAVAS OF RING ROAD (PKG-II),ROAD TRANSPORT AND HIGHWAYS,Rajasthan,Dec-24) (N.A.,,736.75,,736.75,216.39,,2024-12,2024-12,73.1,ongoing_census,2024-09
N24001559,PS SRIGANGANAGAR TO 9/2021 (DESIGN CHAINAGE - KM TO DESIGN CHAINAGE 101.000 (PACK,ROAD TRANSPORT AND HIGHWAYS,Rajasthan,NHAI,2021-09,672.35,,672.35,389.01,,2025-01,2025-01,93.5,ongoing_census,2024-09
N24001561,(NEAR DHANDHANIYA)- 10/2019 BORDER (PHASE- (AJ/DRGB-PACKAGE-8),ROAD TRANSPORT AND HIGHWAYS,Rajasthan,Oct-24) (N.A.,2019-10,839.63,,839.63,213.85,,2024-10,2024-10,100.0,ongoing_census,2024-09
N24001563,(NEAR DHANDHANIYA)- 10/2019 BORDER (PHASE- (AJ/DRGB-PACKAGE-6),ROAD TRANSPORT AND HIGHWAYS,Rajasthan,Oct-24) (N.A.,2019-10,846.59,,846.59,145.98,,2024-10,2024-10,97.8,ongoing_census,2024-09
N24001564,(NEAR DHANDHANIYA)- 10/2019 BORDER (PHASE- (AJ/DRGB-PACKAGE-7),ROAD TRANSPORT AND HIGHWAYS,Rajasthan,NHAI,2019-10,662.08,,662.08,110.81,,2024-10,2024-10,96.5,ongoing_census,2024-09
N24001566,GREENFIELD 11/2019 (NH-148N) (PKG-11) (CH. TO CH. 331.030) [HARDEOGANJ,ROAD TRANSPORT AND HIGHWAYS,Rajasthan,NHAI,2019-11,1640.1,,1640.1,1159.13,,2024-10,2023-10,100.0,ongoing_census,2024-09
N24001567,GREENFIELD 11/2019 (NH-148N) (PKG-10) (CH. TO CH. 319.400) [END OF,ROAD TRANSPORT AND HIGHWAYS,Rajasthan,NHAI,2019-11,1272.97,,1272.97,595.43,,2024-11,2024-11,82.72,ongoing_census,2024-09
N24001568,GREENFIELD 11/2019 (NH-148N) (PKG-14) (CH. TO CH. 419.000) [JUNCTION WITH,ROAD TRANSPORT AND HIGHWAYS,Rajasthan,NHAI,2019-11,1119.35,,1119.35,1433.58,,2024-10,2024-10,99.8,ongoing_census,2024-09
N24001569,GREENFIELD 11/2019 (NH-148N) (PKG-12) (CH. TO CH. 359.170) [MAJOR BRIDGE,ROAD TRANSPORT AND HIGHWAYS,Rajasthan,NHAI,2019-11,1425.02,,1425.02,1373.31,,2024-06,2024-06,100.0,ongoing_census,2024-09
N24001571,GREENFIELD 11/2019 (NH-148N) (PKG-13) (CH. TO CH. 388.420) [JUNCTION WITH,ROAD TRANSPORT AND HIGHWAYS,Rajasthan,NHAI,2019-11,1341.36,,1341.36,1085.34,,2024-10,2024-10,99.55,ongoing_census,2024-09
N24001573,GREENFIELD 11/2019 (NH-148N) (PKG-09) (CH. TO CH. 292.950) [JUNCTION WITH,ROAD TRANSPORT AND HIGHWAYS,Rajasthan,Oct-24) (N.A.,2019-11,1658.06,,1658.06,180.39,,2024-10,2024-10,99.9,ongoing_census,2024-09
N24001612,GREENFIELD 7/2020 (NH-148N) (PKG-15) (CH. TO CH.427.300) [JUNCTION WITH,ROAD TRANSPORT AND HIGHWAYS,Rajasthan,NHAI,2020-07,1788.69,,1788.69,823.67,,2025-09,2025-09,68.0,ongoing_census,2024-09
N24001866,OF TWO LANE WITH 3/2022 SHOULDER FOR FATEHPUR MANDAWA BYPASS AND BYPAS,ROAD TRANSPORT AND HIGHWAYS,Rajasthan,N.A.) (N.A.,,186.29,,186.29,142.69,,,2025-06,67.0,ongoing_census,2024-09
N24001867,OF TWO LANE PAVED 3/2022 FROM SHAHPURA TO OF NH-248A ON EPC MODE THE STAT,ROAD TRANSPORT AND HIGHWAYS,Rajasthan,MoRTH,2022-03,174.34,,174.34,104.08,,,2025-06,62.0,ongoing_census,2024-09
N24001868,Bypass and Garhi- Partapur Bypass 3/2022 NH- in the State of Rajasthan.,ROAD TRANSPORT AND HIGHWAYS,Rajasthan,N.A.) (N.A.,,187.65,,187.65,66.57,,,2025-02,44.0,ongoing_census,2024-09
N24001869,AND REHABILITATION TO 12/2022 LANE WITH PAVED SHOULDER OF MUNABAO SECTION FROM,ROAD TRANSPORT AND HIGHWAYS,Rajasthan,MoRTH,,235.15,,235.15,92.29,,,2025-08,65.0,ongoing_census,2024-09
N24001927,TO 2 LANE WITH PAVED 2/2022 FROM CHARBHUJA AT KM 0.00 (EXISTING KM 150.00),ROAD TRANSPORT AND HIGHWAYS,Rajasthan,N.A.) (N.A.,,838.43,,838.43,237.87,,,2025-09,42.0,ongoing_census,2024-09
N24001928,OF 2 LANE WITH PAVED 3/2022 NORTHERN BYPASS PHASE- OF KOTA CITY FROM DESIGN CHAINAG,ROAD TRANSPORT AND HIGHWAYS,Rajasthan,N.A.) (N.A.,,317.74,,317.74,136.23,,,2025-04,5.0,ongoing_census,2024-09
N24002058,STRUCTURES ON 8/2022 SECTION OF NH-48 KM 42.700 TO KM 273.00,ROAD TRANSPORT AND HIGHWAYS,Rajasthan,NHAI,2022-08,409.64,,409.64,187.81,,,2025-06,44.8,ongoing_census,2024-09
N04000110,AIRPORT- WIDENING OF 11/2023 STRIP AT WESTERN SIDE OF CHAINAGE 80M TO 920M I/C ST,CIVIL AVIATION,Sikkim,N.A.) (N.A.,,323.26,,323.26,6.01,,,2026-06,3.0,ongoing_census,2024-09
N44000002,"OF SIKKIM UNIVERSITY 8/2020 PHASE-I, PACKAGE -II AT SOUTH SIKKIM",DEPARTMEN T OF HIGHER EDUCATION,Sikkim,Sikkim Universi,2020-08,314.06,,303.55,157.24,,,2024-12,54.0,ongoing_census,2024-09
N18000325,VI HE PROJECT 3/2019,POWER,Sikkim,NHPC,2019-03,5748.04,,,3731.76,,,,63.39,ongoing_census,2024-09
N18000326,IV HE PROJECT 3/2021,POWER,Sikkim,NHPC) (N.A.) (N.A.,2021-03,938.29,,,1240.93,,,,79.41,ongoing_census,2024-09
N22000102,"RANGPO, NEFR 4/2008",RAILWAYS,Sikkim,NFR) (N.A.) (N.A.,2008-04,1339.48,,,3290.96,,,,39.8,ongoing_census,2024-09
N24000767,OF 2-LANE WITH PAVED 3/2017 INCLUDING GEOMETRIC FROM KM 0.000 TO KM,ROAD TRANSPORT AND HIGHWAYS,Sikkim,NHIDCL,,375.8,,375.8,287.54,,2022-05,2023-12,95.26,ongoing_census,2024-09
N24000768,OF 2-LANE WITH PAVED 11/2017 INCLUDING GEOMETRIC FROM KM 16.000 TO KM,ROAD TRANSPORT AND HIGHWAYS,Sikkim,NHIDCL,,290.05,,290.05,218.36,,2023-08,2024-04,96.98,ongoing_census,2024-09
N24001251,OF 3/2019 HIGHWAY TO 2 LANE WITH SHOULDER FROM KM 0.00 TO KM N,ROAD TRANSPORT AND HIGHWAYS,Sikkim,N.A.) (N.A.,,402.94,,402.94,236.53,,,2025-01,73.11,ongoing_census,2024-09
N24001252,OF 8/2020 HIGHWAY TO 2 LANE WITH SHOULDER FROM KM 13.00 TO 25.600,ROAD TRANSPORT AND HIGHWAYS,Sikkim,NHIDCL,,295.97,,295.97,243.68,,2024-11,2025-03,93.39,ongoing_census,2024-09
N24001254,OF 3/2020 HIGHWAY TO 2 LANE WITH SHOULDER FROM KM 26.10 TO 40.00,ROAD TRANSPORT AND HIGHWAYS,Sikkim,N.A.) (N.A.,,242.97,,244.45,246.91,,,2024-01,100.0,ongoing_census,2024-09
N24001261,AND UPGRADATION 8/2020 TO 2-LANE WITH SHOULDER INCLUDING IMPROV,ROAD TRANSPORT AND HIGHWAYS,Sikkim,NHIDCL,2020-08,311.0,,273.78,240.56,,,2024-10,93.88,ongoing_census,2024-09
N24001262,AND UPGRADATION 7/2020 TO 2-LANE WITH SHOULDER INCLUDING IMPROV,ROAD TRANSPORT AND HIGHWAYS,Sikkim,Aug-24) (395.59,2020-07,345.38,395.59,395.59,355.08,,2024-08,2025-03,89.04,ongoing_census,2024-09
N24001322,OF 2-LANE ROAD WITH 9/2020 SHOULDER (GREENFIELD OF EXISTING STRETCH L,ROAD TRANSPORT AND HIGHWAYS,Sikkim,NHIDCL,,183.31,439.56,439.56,351.16,,2023-10,2025-03,46.26,ongoing_census,2024-09
N24001325,OF 2-LANE 9/2020 ROAD WITH PAVED AS REALIGNMENT,ROAD TRANSPORT AND HIGHWAYS,Sikkim,Aug-24) (414.20,2020-09,262.84,414.2,414.2,220.26,,2024-08,2025-03,46.17,ongoing_census,2024-09
N24001327,AND UPGRADATION OF 8/2020 ROAD TO 2-LANE WITH PAVED INCLUDING GEOMETRIC IM,ROAD TRANSPORT AND HIGHWAYS,Sikkim,Oct-23) (N.A.,,292.8,,292.8,179.62,,2023-10,2025-03,49.25,ongoing_census,2024-09
N24001336,AND UPGRADATION OF 8/2020 ROAD TO 2-LANE WITH PAVED FROM KM27.200 (END OF RO,ROAD TRANSPORT AND HIGHWAYS,Sikkim,NHIDCL,,230.45,244.91,244.91,200.82,,2024-10,2025-06,77.2,ongoing_census,2024-09
N24001337,AND UPGRADATION OF 10/2020 ROAD TO 2-LANE WITH PAVED FROM NEW ROLEP BRIDGE,ROAD TRANSPORT AND HIGHWAYS,Sikkim,Jul-25) (478.79,,493.42,478.79,478.79,269.79,,2025-07,2025-07,40.05,ongoing_census,2024-09
N24001338,OF 2-LANE WITH PAVED 10/2020 OF NEW GREEN FIELD FROM CHOCHENPHERI AT 52.0,ROAD TRANSPORT AND HIGHWAYS,Sikkim,NHIDCL,,816.79,786.6,786.6,278.65,,2025-06,2025-12,35.5,ongoing_census,2024-09
N24001361,BORDER- ROLEP- MENLA PKG- 2A 1/2021,ROAD TRANSPORT AND HIGHWAYS,Sikkim,NHIDCL,,332.2,,,148.86,,2025-04,,40.97,ongoing_census,2024-09
N24001362,BORDER- ROLEP- MENLA PKG- 3B 12/2020,ROAD TRANSPORT AND HIGHWAYS,Sikkim,NHIDCL) (Apr-25) (379.30,,410.6,379.3,,188.53,,2025-04,,43.19,ongoing_census,2024-09
N24001442,OF 2-LANE WITH PAVED 10/2021 GANGTOK BYPASS ROAD RANIPOOL TO BURTUK,ROAD TRANSPORT AND HIGHWAYS,Sikkim,MoRTH,,385.15,,385.15,167.49,,2025-01,2025-01,75.0,ongoing_census,2024-09
N24001913,PROTECTION WORK ON 3/2017 AND RESTORATION OF AND SINKING ZONE FROM TO,ROAD TRANSPORT AND HIGHWAYS,Sikkim,N.A.) (N.A.,2017-03,165.56,,165.56,0.0,,,2022-06,71.74,ongoing_census,2024-09
020100044,FAST BREEDER REACTOR 9/2003 500 MWE),ATOMIC ENERGY,Tamil Nadu,N.A.) (N.A.,2003-09,3492.0,,7670.0,6921.72,,,2025-03,98.0,ongoing_census,2024-09
N02000028,NUCLEAR POWER 3/2013 UNIT-3 and 4,ATOMIC ENERGY,Tamil Nadu,NPCIL,2013-03,39849.0,68893.0,68893.0,45718.0,,,2026-11,73.8,ongoing_census,2024-09
N02000029,NUCLEAR POWER 6/2017 5 AND 6,ATOMIC ENERGY,Tamil Nadu,NPCIL,2017-06,49621.0,,49621.0,18135.0,,,2027-09,30.45,ongoing_census,2024-09
N04000074,"OF CHENNAI AIRPORT 6/2018 II, CHENNAI",CIVIL AVIATION,Tamil Nadu,N.A.) (N.A.,2018-06,2467.0,,2467.0,1502.24,,,2025-12,58.5,ongoing_census,2024-09
N04000075,OF PASSENGER 8/2018 BUILDING AND AIRSIDE AT TIRUCHIRAPALLI AI,CIVIL AVIATION,Tamil Nadu,AAI,2018-08,951.28,,1112.49,1112.49,,,2023-12,100.0,ongoing_census,2024-09
N04000090,OF TUTICORIN AIRPORT 6/2019,CIVIL AVIATION,Tamil Nadu,AAI) (Dec-24) (452.93,,380.87,452.93,,313.98,,2024-12,,92.0,ongoing_census,2024-09
N06000259,KHANI OPENCAST (JK OC) 12/2021,COAL,Tamil Nadu,N.A.) (N.A.,2021-12,297.88,,297.88,45.15,,,2025-03,20.0,ongoing_census,2024-09
N28000109,OF 726 Nos 11/2017 QUARTERS CHENNAI,FINANCE,Tamil Nadu,CPWD FOR FINANC,2017-11,348.77,,348.77,223.39,,,2022-11,100.0,ongoing_census,2024-09
N10000014,MW WIND POWER PROJECT AT 9/2017 IN TAMILNADU,MINES,Tamil Nadu,NALCO,,166.62,163.17,163.17,135.63,,2024-03,2024-12,65.0,ongoing_census,2024-09
N16000234,POL PIPELINE 11/2012,PETROLEUM,Tamil Nadu,,2012-11,678.0,1732.0,,532.05,,2025-10,,41.0,ongoing_census,2024-09
N16000253,THIRUVALLUR BENGALURU 5/2016 NAGAPATTINAM GAS PIPELINE,PETROLEUM,Tamil Nadu,IOCL,2016-05,4497.0,6025.0,6025.0,5516.39,,2025-03,2025-03,93.06,ongoing_census,2024-09
N16000403,"OF CAPTIVE POL LPG 10/2020 AT KAMARAJAR PORT, CHENNAI",PETROLEUM,Tamil Nadu,IOCL,,921.0,,921.0,727.09,,2024-12,2024-12,92.4,ongoing_census,2024-09
N16000405,UP LUBE COMPLEX AT 10/2020 AMULLAVOYAL AND CHENNAI AS RESITEMENT EXISTING FACI,PETROLEUM,Tamil Nadu,IOCL,2020-10,1398.0,1587.0,1587.0,1202.0,,2024-12,2024-12,93.0,ongoing_census,2024-09
N16000434,9 MMTPA PROJECT 1/2021,PETROLEUM,Tamil Nadu,,2021-01,31580.0,31580.0,,1228.65,,,,10.1,ongoing_census,2024-09
N16000438,ROOT POL TERMINAL AT 1/2022 CHENNAI,PETROLEUM,Tamil Nadu,,2022-01,827.0,887.71,887.71,477.48,,2024-12,2025-06,74.0,ongoing_census,2024-09
N16000451,ASANUR PIPELINE AND ITS HOOK 3/2022 WITH EXISTING CHENNAI TRICHY PRODUCT PIPELINE,PETROLEUM,Tamil Nadu,N.A.) (N.A.,,564.0,,564.0,144.55,,,2024-11,35.67,ongoing_census,2024-09
N16000455,OF POL PIPELINES IN COMMON 1/2022 FOR PROPOSED GRASS TERMINAL AT VALLUR (CHENNAI),PETROLEUM,Tamil Nadu,IOCL,2022-01,829.0,,829.0,209.56,,2026-05,2026-05,50.79,ongoing_census,2024-09
N16000479,OF ASANUR-SANKARI 1/2023 OF CHENNAI-TRICHY-MADURAI UPTO COIMBATORE (IRUGUR),PETROLEUM,Tamil Nadu,N.A.) (N.A.,2023-01,346.7,,346.7,0.72,,,2025-01,17.25,ongoing_census,2024-09
N16000486,PROJECT AT DHARMAPURI AND 3/2022 DISTRICTS,PETROLEUM,Tamil Nadu,N.A.) (N.A.,,501.0,,501.0,79.31,,,2030-12,3.8,ongoing_census,2024-09
N16000490,"PROJECT AT MADURAI, THENI AND 3/2022 DISTRICTS",PETROLEUM,Tamil Nadu,IOCL,,1328.0,,1328.0,140.66,,,2030-12,4.1,ongoing_census,2024-09
N16000492,"PROJECT AT KANYAKUMARI, 3/2022 TIRUNVELI KATTABO AND DISTRICTS",PETROLEUM,Tamil Nadu,IOCL,2022-03,1295.0,,1295.0,131.8,,,2030-12,4.4,ongoing_census,2024-09
N16000521,PROJECTS AT THE NILGIRIS AND 12/2022 DISTRICTS,PETROLEUM,Tamil Nadu,N.A.) (N.A.,,3685.0,,3685.0,83.87,,,2030-03,4.6,ongoing_census,2024-09
N22000028,"OF MRTS FROM 4/2006 TO STN. THOMAS, MTP",RAILWAYS,Tamil Nadu,MRTP,2006-04,495.74,,734.01,628.07,,2024-10,2024-12,98.0,ongoing_census,2024-09
N22000079,9/2007 'PONDI'-,RAILWAYS,Tamil Nadu,SR,2007-09,724.69,,3118.34,1928.79,,,2027-03,78.0,ongoing_census,2024-09
N22000085,(NL) 9/2006,RAILWAYS,Tamil Nadu,,2006-09,582.83,3631.34,,774.31,2006-09,2026-12,,10.0,ongoing_census,2024-09
N22000567,New Line (MM of 1/2006 Salem 191 KM),RAILWAYS,Tamil Nadu,SR,,417.5,,419.44,199.7,,2024-12,2025-12,75.0,ongoing_census,2024-09
N22000568,BEACH-CHENNAI EGMORE (4.3 3/2022 (UMBRELLA WORK PB#57/2019-,RAILWAYS,Tamil Nadu,SR,,359.6,274.2,274.2,215.88,,2024-12,2024-12,70.0,ongoing_census,2024-09
N22000618,2/2019,RAILWAYS,Tamil Nadu,SR) (Mar-27) (N.A.,2019-02,358.95,,,37.7,,2027-03,,1.0,ongoing_census,2024-09
N22000625,- PERALAM NEW LINE (MM OF 1/2019,RAILWAYS,Tamil Nadu,Dec-24) (N.A.,,304.22,,373.42,302.47,,2024-12,2024-12,72.0,ongoing_census,2024-09
N22000626,THIRUTURAIPUNDI VIA 7/2008 NEW LINE (MM OF,RAILWAYS,Tamil Nadu,SR,,677.12,,788.05,167.05,,2027-03,2027-03,17.0,ongoing_census,2024-09
N24000652,LANNING OF VIKRAVANDI- 3/2017 FROM KM 0.000 TO KM CHAINAGE KM 0.000 TO 65.,ROAD TRANSPORT AND HIGHWAYS,Tamil Nadu,May-24) (N.A.,2017-03,848.45,,848.45,303.04,,2024-05,2024-05,48.26,ongoing_census,2024-09
N24000697,LANNING OF CHOLOPURAM- 8/2017,ROAD TRANSPORT AND HIGHWAYS,Tamil Nadu,NHAI,2017-08,1176.37,,1176.37,1325.06,,2024-09,2024-09,96.3,ongoing_census,2024-09
N24000708,OF STHIYATHOPU- 9/2017,ROAD TRANSPORT AND HIGHWAYS,Tamil Nadu,NHAI,2017-09,1227.87,,1227.87,1319.28,,2024-11,2024-11,90.05,ongoing_census,2024-09
N24000826,LANINIG OF CHETTIKULAM TO 3/2018 SECTION OF NH-785 FROM (KM 7.300) TO NATHAM 3,ROAD TRANSPORT AND HIGHWAYS,Tamil Nadu,Jan-24) (N.A.,,505.35,,837.69,376.61,,2024-01,2024-01,99.75,ongoing_census,2024-09
N24000827,LANING OF MADURAI- 3/2018 SECTION OF NH-785 MADURAI (KM 0/000) TO (7/300),ROAD TRANSPORT AND HIGHWAYS,Tamil Nadu,NHAI,2018-03,628.71,,756.13,583.02,,2023-04,2023-04,100.0,ongoing_census,2024-09
N24001428,LANING OF VILUPPURAM TO 3/2018 (DESIGN CH. KM. 00/000 KM. 29/000) SECTION OF NH-45A ON,ROAD TRANSPORT AND HIGHWAYS,Tamil Nadu,NHAI,,998.7,1358.32,1358.32,872.6,,2024-12,2024-12,96.88,ongoing_census,2024-09
N24001429,LANÌNG OF PUDUCHERRY 3/2018 TO POONDIYANKUPPAM SECTION OF NH-45A ON HAM,ROAD TRANSPORT AND HIGHWAYS,Tamil Nadu,NHAI,2018-03,1294.47,1588.4,1588.4,854.58,,2024-12,2024-12,95.3,ongoing_census,2024-09
N24001430,LANING OF POONDIYANKUPPAM 3/2018 TO SATTANATHAPOURAM SECTION OF NH-45A ON,ROAD TRANSPORT AND HIGHWAYS,Tamil Nadu,NHAI,2018-03,2120.4,2565.63,2565.63,1432.64,,2024-12,2024-12,99.6,ongoing_census,2024-09
N24001431,LANING OF SATTANATHAPURAM 3/2018 TO NAGAPATTINAM SECTION OF NH-45A ON UN,ROAD TRANSPORT AND HIGHWAYS,Tamil Nadu,NHAI,2018-03,1872.68,2661.51,2756.09,1098.02,,2025-08,2025-08,51.17,ongoing_census,2024-09
N24001455,OF 4 LANE WITH PAVED 2/2022 THIRUVAYARU BYPASS IN EXISTING KM.55/926 TO 62/6,ROAD TRANSPORT AND HIGHWAYS,Tamil Nadu,MoRTH,,191.33,,191.33,160.1,,,2024-10,88.0,ongoing_census,2024-09
N24001600,WORK 2-LANE WITH PAVED 10/2020 OF NAGAPATTINAM - SECTION OF NH-67 (NEW,ROAD TRANSPORT AND HIGHWAYS,Tamil Nadu,Dec-24) (N.A.,2020-10,434.12,,434.12,258.89,,2024-12,2024-12,99.0,ongoing_census,2024-09
N24001601,OF KAMALAPURAM - 1/2019 SECTION OF NH-209,ROAD TRANSPORT AND HIGHWAYS,Tamil Nadu,,2019-01,1051.69,,1051.69,545.11,,2025-06,2025-06,75.11,ongoing_census,2024-09
N24001602,OF MADATHUKULAM - 1/2019 SECTION OF NH-209 (NEW NH-,ROAD TRANSPORT AND HIGHWAYS,Tamil Nadu,Nov-25) (N.A.,,1409.38,,1409.38,619.74,,2025-11,2025-11,85.6,ongoing_census,2024-09
N24001603,OF ODDANCHATRAM - 1/2019 SECTION OF NH-209,ROAD TRANSPORT AND HIGHWAYS,Tamil Nadu,Dec-23) (N.A.,,1518.53,,1607.54,915.4,,2023-12,2023-12,100.0,ongoing_census,2024-09
N24001604,"WORK OF 2L+PS OF TRICHY - 2/2019 SECTION OF NH-210, TRICHY BYPASS",ROAD TRANSPORT AND HIGHWAYS,Tamil Nadu,NHAI,,166.9,,166.9,121.94,,,2023-10,100.0,ongoing_census,2024-09
N24001605,"OF MELUR - PILLAYARPATTI - 6/2018 SECTION OF NH-338, NH-36,",ROAD TRANSPORT AND HIGHWAYS,Tamil Nadu,N.A.) (N.A.,,1103.86,,1103.86,461.32,,,2025-01,69.0,ongoing_census,2024-09
N24001606,OF VADIPPATTI - 12/2018 SECTION OF NH-744A,ROAD TRANSPORT AND HIGHWAYS,Tamil Nadu,MADURAI RING ROAD,2018-12,854.94,,854.94,334.05,,2025-03,2025-03,65.85,ongoing_census,2024-09
N24001692,WORKS OF FOUR LANE FROM 1/2022 43+950 (THIRUVALLUR BYPASS) TO 61+470 (VEPPAMPATTU BYPASS) PAS,ROAD TRANSPORT AND HIGHWAYS,Tamil Nadu,NHAI,,467.99,,468.0,18.83,,,2024-09,12.2,ongoing_census,2024-09
N24001693,LANING OF NERALURU TO 9/2021 AGRAHARAM SECTION OF (PKG-I) FROM KM.0+000 TO,ROAD TRANSPORT AND HIGHWAYS,Tamil Nadu,NHAI,2021-09,1751.18,,1757.27,49.69,,,2024-10,0.0,ongoing_census,2024-09
N24001694,LANING OF THORAPALLI 2/2019 TO JITTANDAHALLI OF NH-844 (PKG-II) FROM TO KM,ROAD TRANSPORT AND HIGHWAYS,Tamil Nadu,NHAI,2019-02,1243.57,,1243.57,171.63,,2024-12,2024-12,0.0,ongoing_census,2024-09
N24001696,LANING OF JITTANDAHALLI TO 2/2019 SECTION OF NH-844 (PKG- FROM KM.60+100 TO KM.94+460,ROAD TRANSPORT AND HIGHWAYS,Tamil Nadu,NHAI,,1291.37,,1291.37,215.02,,2024-12,2024-12,0.0,ongoing_census,2024-09
N24001716,METTUR BHAVANI ERODE 7/2022 OF NH 544H FOR A LENGTH 85 KM,ROAD TRANSPORT AND HIGHWAYS,Tamil Nadu,Dec-24) (210.81,2022-07,186.5,210.81,210.81,12.92,,2024-12,2024-12,85.0,ongoing_census,2024-09
N24001717,CHENNAI EXPRESSWAY 11/2020 PACKAGE III (ARAKKONAM TO FROM KM 204.500 TO,ROAD TRANSPORT AND HIGHWAYS,Tamil Nadu,NHAI,2020-11,1155.49,1458.45,1458.45,444.56,,,2025-03,52.39,ongoing_census,2024-09
N24001718,CHENNAI EXPRESSWAY 12/2020 PACKAGE II (WALAJAHPET TO FROM KM 180.000 TO KM 2,ROAD TRANSPORT AND HIGHWAYS,Tamil Nadu,NHAI,2020-12,843.48,1051.36,1051.36,389.23,,,2024-11,84.02,ongoing_census,2024-09
N24001719,BANGALORE-CHENNAI EXPRESSWAY 2/2021 KM. 230.000 TO KM. 261.705 OF TO SRIPERUMBUDUR,ROAD TRANSPORT AND HIGHWAYS,Tamil Nadu,NHAI,2021-02,2948.31,3516.83,3516.83,728.2,,,2025-02,64.18,ongoing_census,2024-09
N24001720,CHENNAI EXPRESSWAY 10/2020 PACKAGE I (GUDIPALA TO FROM KM 156.000 TO KM,ROAD TRANSPORT AND HIGHWAYS,Tamil Nadu,NHAI,2020-10,1023.91,1341.51,1341.51,513.56,,,2024-12,70.35,ongoing_census,2024-09
N24001721,LANING OF MAMALLAPURAM TO 2/2019 SECTION OF NH332A FROM 0.000 TO KM 31.000,ROAD TRANSPORT AND HIGHWAYS,Tamil Nadu,NHAI,,1008.99,1360.53,1360.53,167.11,,2025-08,2025-08,38.24,ongoing_census,2024-09
N24001722,OF MADURAVOYAL TO 11/2021 SECTION FROM KM. TO KM. 37.000 OF NH-4 THROUGH HIGH,ROAD TRANSPORT AND HIGHWAYS,Tamil Nadu,N.A.) (463.07,2021-11,463.44,463.07,463.44,331.01,,,2024-10,98.5,ongoing_census,2024-09
N24001723,TO WALAJAPET FROM KM 10/2018 TO 107.091,ROAD TRANSPORT AND HIGHWAYS,Tamil Nadu,N.A.) (766.51,,707.9,766.51,766.51,401.98,,,2025-03,80.37,ongoing_census,2024-09
N24001725,OF SRIPERUMBUDUR TO 1/2019 FROM KM 37.000 TO KM OF NH 48,ROAD TRANSPORT AND HIGHWAYS,Tamil Nadu,NHAI,2019-01,819.89,1314.82,922.85,384.2,,,2026-03,57.32,ongoing_census,2024-09
N24001828,OF BYPASS TO 1/2022 TOWN IN KM 23/100 29/250 LA AND SHIFTING OF NH-234,ROAD TRANSPORT AND HIGHWAYS,Tamil Nadu,MoRTH,2022-01,221.03,243.95,243.95,131.16,,,2024-11,70.0,ongoing_census,2024-09
N24001829,LANING OF OTTANCHATRAM TO 10/2022 SECTION FROM KM 30/700 TO KM OF NH 209(NEW NH-83) INCLU,ROAD TRANSPORT AND HIGHWAYS,Tamil Nadu,MoRTH,,172.15,,172.15,90.8,,,2024-11,78.5,ongoing_census,2024-09
N24001968,OF STRR (WEST SIDE)- 4/2022 (TAMIL NADU) KARNATAKA/TAMIL NADU BORDER F,ROAD TRANSPORT AND HIGHWAYS,Tamil Nadu,NHAI,,1260.74,,1260.74,413.87,,,2025-05,43.46,ongoing_census,2024-09
N24002084,OF THIRUMANGALAM TO 3/2022 SECTION FROM KM 0.000 KM 36.000 OF NH-744,ROAD TRANSPORT AND HIGHWAYS,Tamil Nadu,NHAI,2022-03,1076.97,,1076.97,325.73,,,2025-03,63.42,ongoing_census,2024-09
N24002107,OF NEW DOUBLE TIER 3/2023 LANE ELEVATED CORRIDOR FROM PORT TO MADURAVOYAL IN,ROAD TRANSPORT AND HIGHWAYS,Tamil Nadu,NHAI,,1382.0,,1382.0,0.0,,,2026-05,0.0,ongoing_census,2024-09
N24002108,OF NEW DOUBLE TIER 3/2023 ELEVATED CORRIDOR FROM PORT TO MADURAVOYAL IN DIS,ROAD TRANSPORT AND HIGHWAYS,Tamil Nadu,NHAI,,1618.96,,1618.96,0.0,,,2026-05,0.0,ongoing_census,2024-09
N24002109,OF NEW DOUBLE TIER 3/2023 ELEVATED CORRIDOR FROM PORT TO MADURAVOYAL IN DIS,ROAD TRANSPORT AND HIGHWAYS,Tamil Nadu,N.A.) (N.A.,,1301.37,,1301.37,0.0,,,2026-05,0.0,ongoing_census,2024-09
N24002110,OF NEW DOUBLE TIER 3/2023 ELEVATED CORRIDOR FROM PORT TO MADURAVOYAL IN DIS,ROAD TRANSPORT AND HIGHWAYS,Tamil Nadu,NHAI,,1207.4,,1207.4,0.0,,,2026-05,0.0,ongoing_census,2024-09
N24002111,LANING OF MUGAIYUR TO 2/2019 SECTION OF NH-332A KM 31.000 TO KM 62.000,ROAD TRANSPORT AND HIGHWAYS,Tamil Nadu,NHAI,2019-02,825.94,1116.13,1116.13,147.7,,2025-12,2025-12,23.66,ongoing_census,2024-09
N24002112,LANING OF TUTICORIN PORT ROAD 3/2023 OF NH-7A (NEW NH-138) FROM 0.000 TO KM 6.140 [EFFECTIVE,ROAD TRANSPORT AND HIGHWAYS,Tamil Nadu,NHAI,,200.3,,200.3,57.34,,,2025-01,65.95,ongoing_census,2024-09
N24002113,OF LEFT-OVER WORKS INCLUDING 3/2023 STRUCTURES FROM NADU BORDER TO S,ROAD TRANSPORT AND HIGHWAYS,Tamil Nadu,N.A.) (N.A.,2023-03,1141.78,,1141.78,197.8,,,2025-08,20.53,ongoing_census,2024-09
N24002114,OF VADUGAPATTI TO 2/2022 (RAJAPALYAM) FROM KM 36.000 TO KM 71.600 NH744 UND,ROAD TRANSPORT AND HIGHWAYS,Tamil Nadu,NHAI,2022-02,1097.59,,1317.06,507.85,,,2025-04,70.33,ongoing_census,2024-09
N24002151,TO 4L/4L+PS AND 3/2022 IN SELECTED FROM KM 0/8 TO 50/570 OF 532 INCLUD,ROAD TRANSPORT AND HIGHWAYS,Tamil Nadu,N.A.) (294.70,2022-03,257.14,294.7,295.0,78.32,,,2025-07,30.0,ongoing_census,2024-09
N24002152,FROM 2L+PS TO 4L/4L+PS 3/2023 IMPROVEMENTS THE SELECTED FROM KM 26/5 - 81/2 INCLU,ROAD TRANSPORT AND HIGHWAYS,Tamil Nadu,N.A.) (N.A.,2023-03,274.84,,274.84,155.97,,,2025-11,58.0,ongoing_census,2024-09
N24002153,"OF 2L+PS FROM KM 3/2023 18/2, CONSTRUCTION OF 2L+PS KM 18/2 TO KM 20/0 AND CONSTR",ROAD TRANSPORT AND HIGHWAYS,Tamil Nadu,MoRTH,,169.68,,169.68,43.21,,,2025-08,35.0,ongoing_census,2024-09
N24002165,OF BYPASS TO 3/2022 - ACHAMBATHU - VIRATIPATHU KM 6/850 - 10/382 OF NH 49 EXTN. (NE,ROAD TRANSPORT AND HIGHWAYS,Tamil Nadu,N.A.) (N.A.,2022-03,238.97,,238.97,0.0,,,2026-08,0.0,ongoing_census,2024-09
N28000097,METRO RAIL LTD (PHASE 1) 2/2009 METRO RAIL LTD (PHASE 1 6/2016,URBAN DEVELOPME NT,Tamil Nadu,CMRL,2009-02,14600.0,,18380.0,17619.68,,,2015-12,100.0,ongoing_census,2024-09
N04000086,"CIVIL AVIATION REASEARCH ORG. 5/2020 AT BEGUMPET AIRPORT,",CIVIL AVIATION,Telangana,Jun-23) (N.A.,,353.61,,353.61,303.22,,2023-06,2023-06,100.0,ongoing_census,2024-09
N06000161,OPENCAST III PROJECT 3/2017,COAL,Telangana,SCCL,2017-03,413.84,,413.84,379.13,,,2025-03,60.0,ongoing_census,2024-09
N06000202,COAL MINE 7/2019,COAL,Telangana,SCCL) (N.A.) (N.A.,2019-07,438.98,,,152.32,,,,68.0,ongoing_census,2024-09
N06000204,KHANI COAL MINE 10/2020,COAL,Telangana,SCCL) (N.A.) (N.A.,2020-10,484.51,,,150.64,,,,30.0,ongoing_census,2024-09
N06000210,OF RAMAGUNDAM OPENCAST II 11/2015 PROJECT,COAL,Telangana,SCCL,,489.62,,489.62,405.54,,,2025-03,70.0,ongoing_census,2024-09
N06000211,OF INDARAM OPENCAST PROJECT 8/2017,COAL,Telangana,SCCL,2017-08,349.28,,,335.24,,,,80.0,ongoing_census,2024-09
N06000213,OF KALYANIKHANI OPENCAST 3/2016,COAL,Telangana,SCCL,2016-03,384.32,,384.32,241.21,,,2025-03,75.0,ongoing_census,2024-09
N06000214,OF KAKATHIYAKHANI OC - 2 8/2017,COAL,Telangana,SCCL,,442.42,,442.42,174.29,,,2025-03,63.0,ongoing_census,2024-09
N06000258,OPENCAST MINE 7/2021,COAL,Telangana,SCCL,2021-07,345.6,,,50.25,,,,18.0,ongoing_census,2024-09
N21000031,"PLANNING, 12/2018 EXECUTION OF ALL INDIA OF MEDICAL SCIENCES AT",HEALTH AND FAMILY WELFARE,Telangana,HITES,2018-12,1110.55,1110.55,1110.55,576.8,,2025-02,2025-02,73.0,ongoing_census,2024-09
N28000098,OF NATIONAL ANIMAL 10/2016 FACILITY FOR BIOMEDICAL AT HYDERABAD,HEALTH AND FAMILY WELFARE,Telangana,CPWD FOR HEALTH,,209.84,281.05,281.05,248.47,,2024-09,2024-09,97.5,ongoing_census,2024-09
N18000212,SUPER THERMAL POWER 1/2016 PHASE I,POWER,Telangana,NTPC,2016-01,10598.98,,10998.0,10437.71,,2022-07,2024-02,100.0,ongoing_census,2024-09
N22000032,NEW 4/2006,RAILWAYS,Telangana,SCR,2006-04,1160.48,,3014.0,1286.11,,,2025-03,0.0,ongoing_census,2024-09
N22000432,4/2017 - TRAIN COLLISION SYSTEM (958 K,RAILWAYS,Telangana,SCR,2017-04,119.73,185.0,242.28,54.15,,,2022-03,50.0,ongoing_census,2024-09
N24000245,AND UPGRADATION OF 1/2014 -565 FROM KM 1.00 TO 86.057 TO NAGARJUNSAGAR DAM,ROAD TRANSPORT AND HIGHWAYS,Telangana,Sep-19) (N.A.,,270.0,,270.0,0.0,,2019-09,2019-09,72.15,ongoing_census,2024-09
N24000247,AND UPGRADATION OF 10/2014 FROM KM 121/0 TO 165/00 (OF RUDRAMPUR,ROAD TRANSPORT AND HIGHWAYS,Telangana,MoRTH,,295.47,,295.47,224.42,,2022-12,2025-03,80.07,ongoing_census,2024-09
N24000248,CORRIDOR APPROACH WORKS - 3/2015 (O): WIDENING EXISTING 2 LANE TO 2 WITH PAVED SHOULDERS IN KM,ROAD TRANSPORT AND HIGHWAYS,Telangana,N.A.) (N.A.,,153.21,,153.21,101.15,,,2023-12,93.11,ongoing_census,2024-09
N24000980,TO TWO/FOUR LANE WITH 10/2016 SHOULDERS FROM EXISTING KM TO KM 227.600 OF NH-167 ON,ROAD TRANSPORT AND HIGHWAYS,Telangana,MoRTH,,298.32,,298.32,178.47,,2022-06,2024-08,98.0,ongoing_census,2024-09
N24000981,TO TWO/FOUR LANE WITH 10/2016 SHOULDERS FROM EXISTING KM TO KM 223.00 OF NH-63 ON NIZ,ROAD TRANSPORT AND HIGHWAYS,Telangana,Apr-23) (N.A.,,248.83,,248.83,173.82,,2023-04,2024-08,100.0,ongoing_census,2024-09
N24000982,TO TWO LANE WITH PAVED 1/2017 FROM KM 40/410 TO KM THIRUMALAGIRI TO SURYAPET,ROAD TRANSPORT AND HIGHWAYS,Telangana,MoRTH,,244.54,,244.54,176.32,,2019-08,2019-08,99.9,ongoing_census,2024-09
N24000983,TO TWO LANE WITH PAVED 1/2017 FROM KM 0/970 TO KM OF JANAGAON-THIRUMALAGIRI NH,ROAD TRANSPORT AND HIGHWAYS,Telangana,Oct-19) (N.A.,,196.52,,196.52,125.53,,2019-10,2024-02,95.7,ongoing_census,2024-09
N24000984,TO TWO LANE WITH PAVED 1/2017 FROM KM 15.525 TO KM OF JADCHERLA-KALWAKURTHY,ROAD TRANSPORT AND HIGHWAYS,Telangana,Dec-19) (N.A.,,283.0,,283.0,259.15,,2019-12,2019-12,99.3,ongoing_census,2024-09
N24000986,TO TWO LANE WITH PAVED 1/2017 FROM KM 67.00 TO 114.425 KALWAKURTHY-MALLEPALLY,ROAD TRANSPORT AND HIGHWAYS,Telangana,MoRTH,,300.0,,300.0,242.86,,2021-07,2024-01,96.05,ongoing_census,2024-09
N24000987,LANING FROM KM 9.90 TO KM 19.948 1/2018 SECTION) OF SECTION OF,ROAD TRANSPORT AND HIGHWAYS,Telangana,Dec-22) (N.A.,,283.15,,283.15,278.69,,2022-12,2024-08,92.59,ongoing_census,2024-09
N24000988,AND STRENGTHENING OF 1/2018 2-LANE TO 2-LANE WITH SHOULDERS FROM KM.159/0 TO,ROAD TRANSPORT AND HIGHWAYS,Telangana,MoRTH,,230.03,,230.03,231.34,,2020-11,2020-11,99.9,ongoing_census,2024-09
N24000989,AND STRENGTHENING OF 2/2018 CARRIAGEWAY IN 2 LANE PAVED SHOULDERS FROM KM.25/0 59,ROAD TRANSPORT AND HIGHWAYS,Telangana,Jan-21) (N.A.,,206.13,,206.13,190.94,,2021-01,2021-01,98.36,ongoing_census,2024-09
N24000990,AND UPGRADATION OF 2/2018 FROM DESIGN KM.113.900 TO (MALLEPALLY - HALIYA SECT,ROAD TRANSPORT AND HIGHWAYS,Telangana,MoRTH,,294.13,,294.13,200.1,,2022-03,2024-01,86.92,ongoing_census,2024-09
N24000993,AND UPGRADATION OF 3/2018 FROM DESIGN KM.187.723 TO (MIRYALAGUDA TO KODAD SEC,ROAD TRANSPORT AND HIGHWAYS,Telangana,Jun-22) (N.A.,,322.81,,322.81,317.05,,2022-06,2023-06,98.09,ongoing_census,2024-09
N24000994,OF SIX LANE ELEVATED 3/2018 FROM KM.7.950 (UPPAL) TO OF NH-163 TO DE-CONGES,ROAD TRANSPORT AND HIGHWAYS,Telangana,Jun-24) (N.A.,2018-03,626.76,,626.76,274.58,,2024-06,2026-02,44.21,ongoing_census,2024-09
N24000996,AND UP-GRADATION 1/2017 TWO LANE WITH PAVED SHOULDERS KM 0/0 TO 72/6 OF NH-365 (NAKR,ROAD TRANSPORT AND HIGHWAYS,Telangana,MoRTH,2017-01,605.08,,605.08,416.32,,2019-10,2021-06,99.84,ongoing_census,2024-09
N24000997,AND UP GRADATION 3/2018 KM. 121/0 TO 154/0 OF MALLAMPALLY SECTION OF,ROAD TRANSPORT AND HIGHWAYS,Telangana,Jun-22) (N.A.,2018-03,192.67,,192.67,176.37,,2022-06,2024-08,92.0,ongoing_census,2024-09
N24000998,AND STRENGTHENING/ 1/2019 OF EXISTING TO FOUR ALNE WITH PAVED FR,ROAD TRANSPORT AND HIGHWAYS,Telangana,MoRTH,2019-01,193.19,249.72,249.72,224.1,2019-01,2023-01,2024-08,95.0,ongoing_census,2024-09
N24001482,PKG I [4L 8/2022 CONTROLLED (GREENFIELD) THALLAMPADU VILLAGE TO,ROAD TRANSPORT AND HIGHWAYS,Telangana,N.A.) (N.A.,,772.11,,772.11,452.54,,,2024-10,54.24,ongoing_census,2024-09
N24001483,DEVARAPALLE PKG II 4L 2/2022 CONTROLLED (GREENFIELD) SOMAVARAM VILLAGE TO V,ROAD TRANSPORT AND HIGHWAYS,Telangana,NHAI,,637.11,,637.11,324.52,,,2024-09,53.5,ongoing_census,2024-09
N24001484,PKG III [4L 9/2022 CONTROLLED (GREENFIELD) CHINTAGUDEM VILLAGE TO,ROAD TRANSPORT AND HIGHWAYS,Telangana,Dec-24) (N.A.,,804.69,,804.69,410.82,,2024-12,2024-12,61.76,ongoing_census,2024-09
N24001522,OF KODAD (DESIGN KM 0.00/EXISTING 1/2021 185.00 OF NH-65) TO KHAMMAM KM 31.800/EXISTING KM 29,ROAD TRANSPORT AND HIGHWAYS,Telangana,Dec-24) (N.A.,2021-01,1307.95,,1307.95,586.49,,2024-12,2024-12,95.59,ongoing_census,2024-09
N24001555,"LANING OF EXISTING 4-LANE STRETCH 3/2022 KALKALLU AT KM.454+000 TO POCHAMPALLY AT KM.471+000,",ROAD TRANSPORT AND HIGHWAYS,Telangana,NHAI,,955.49,,955.49,172.69,,,2025-01,28.09,ongoing_census,2024-09
N24001556,OF EXISTING 4L FROM 12/2021 TO FROM KM 471.300 TO KM OF NH-44,ROAD TRANSPORT AND HIGHWAYS,Telangana,N.A.) (N.A.,2021-12,521.53,,521.53,214.84,,,2024-07,40.45,ongoing_census,2024-09
N24001625,ACCESS CONTROLLED GREENFIELD 1/2022 OF JULEKAL VILLAGE TO VILLAGE FROM KM,ROAD TRANSPORT AND HIGHWAYS,Telangana,NHAI,2022-01,1227.57,,1227.57,4.98,,,2025-01,0.95,ongoing_census,2024-09
N24001626,ACCESS CONTROLLED GREENFIELD 2/2022 OF NANDINNE VILLAGE TO VILLAGE FROM KM 202.900 TO,ROAD TRANSPORT AND HIGHWAYS,Telangana,N.A.) (N.A.,2022-02,972.06,,972.06,8.38,,,2025-01,2.14,ongoing_census,2024-09
N24002000,AND STRENGTHENING OF 3/2021 2 LANE WITH PAVED TO 4 LANE WITH PAVED FRO,ROAD TRANSPORT AND HIGHWAYS,Telangana,MoRTH,,317.19,,317.19,164.72,,,2024-08,67.0,ongoing_census,2024-09
N24002001,TO 2 LANE WITH PAVED 1/2022 OF MEDAK - SIDDIPET FROM KM 0/0 TO KM 69/978 OF,ROAD TRANSPORT AND HIGHWAYS,Telangana,N.A.) (N.A.,2022-01,882.18,,882.18,245.95,,,2025-06,56.17,ongoing_census,2024-09
N24002002,AND IMPROVEMENT OF 1/2022 CARRIAGE WAY TO 2 LANE PAVED SHOULDERS FROM KM. TO,ROAD TRANSPORT AND HIGHWAYS,Telangana,N.A.) (N.A.,,423.48,,423.48,198.05,,,2024-12,63.6,ongoing_census,2024-09
N24002003,AND UP-GRADATION 1/2022 VALIGONDA TO THORRUR SECTION TWO LANE WITH PAVED SHOULDERS,ROAD TRANSPORT AND HIGHWAYS,Telangana,MoRTH,2022-01,549.28,,549.28,156.95,,,2025-03,54.92,ongoing_census,2024-09
N24002004,AND UPGRADATION OF 3/2021 TO MALKAPUR SECTION TO 6- MAIN CARRIAGEWAY WITH SERVI,ROAD TRANSPORT AND HIGHWAYS,Telangana,N.A.) (N.A.,,545.11,,545.11,264.25,,,2025-06,64.11,ongoing_census,2024-09
N24002005,TO TWO LANE WITH PAVED 3/2022 OF 'BODHAN BASAR ' SECTION FROM KM 38/900 TO,ROAD TRANSPORT AND HIGHWAYS,Telangana,MoRTH,,644.45,,644.45,205.53,,,2025-06,58.0,ongoing_census,2024-09
N24002006,"OF 4-LANE FLYOVER AT 10/2017 ROAD, HYDERABAD ON NH- IN THE STATE OF TELANGANA",ROAD TRANSPORT AND HIGHWAYS,Telangana,N.A.) (N.A.,,186.71,,186.71,174.93,,,2024-12,84.1,ongoing_census,2024-09
N24002007,TO TWO LANE WITH PAVED 3/2022 FROM KM 0/000 TO KM OF KALWAKURTHY - KOLLAPUR,ROAD TRANSPORT AND HIGHWAYS,Telangana,MoRTH,,886.69,,886.69,127.12,,,2025-07,41.53,ongoing_census,2024-09
N24002008,TO 2 LANE WITH PAVED 1/2022 OF SIDDIPET- SECTION FROM KM TO KM 133/6,ROAD TRANSPORT AND HIGHWAYS,Telangana,N.A.) (N.A.,2022-01,578.85,,578.85,172.76,,,2024-12,70.0,ongoing_census,2024-09
N24002009,AND STRENGTHENING TO 2/4 1/2022 WITH PAVED SHOULDERS OF CHINCHOLI SECTION,ROAD TRANSPORT AND HIGHWAYS,Telangana,N.A.) (N.A.,,703.68,,703.68,249.04,,,2025-07,44.95,ongoing_census,2024-09
N24002010,AND STRENGTHENING TO 4 3/2022 / 2-LANE WITH PAVED SHOULDERS MAHABUBNAGAR-CHINCHOLI,ROAD TRANSPORT AND HIGHWAYS,Telangana,MoRTH,,631.49,,631.49,45.12,,,2025-10,16.0,ongoing_census,2024-09
N24002082,OF GEOMETRICS OF 2/2022 TO KOTHUR FROM KM TO KM 34.14 OF NH-44-RCW,ROAD TRANSPORT AND HIGHWAYS,Telangana,N.A.) (N.A.,,541.58,,541.58,20.82,,,2024-09,0.0,ongoing_census,2024-09
N24002083,LANING OF KARIMNAGAR- 3/2022 SECTION OF NH-563 FROM CH.48.860 KM NEAR SH-1 K,ROAD TRANSPORT AND HIGHWAYS,Telangana,NHAI,2022-03,2146.86,2413.0,2413.0,740.96,,,2025-07,44.78,ongoing_census,2024-09
N16000495,ROOT RAIL FED DEPOT AT 6/2022 AGARTALA AS OF EXISTING DEPOT,PETROLEUM,Tripura,Sep-25) (N.A.,,656.0,,656.0,301.82,,2025-09,2025-09,64.0,ongoing_census,2024-09
N22000195,NL 4/2012,RAILWAYS,Tripura,NFR) (Jun-22) (N.A.,2012-04,569.63,,,380.92,,2022-06,,84.0,ongoing_census,2024-09
N24001263,AND UPGRADATION OF 6/2020 FROM KM 0.00 TO KM 18.600 OF SECTION,ROAD TRANSPORT AND HIGHWAYS,Tripura,,,277.5,302.02,302.02,253.5,,2024-02,2024-10,99.12,ongoing_census,2024-09
N24001309,TO KHOWAI PKG-4 11/2020,ROAD TRANSPORT AND HIGHWAYS,Tripura,NHIDCL) (Oct-23) (171.50,2020-11,159.13,171.5,,79.43,,2023-10,,98.36,ongoing_census,2024-09
N24001317,FROM JOLAIBARI - BELONIA 6/2020,ROAD TRANSPORT AND HIGHWAYS,Tripura,NHIDCL,2020-06,201.99,287.47,,144.07,,2024-07,,95.4,ongoing_census,2024-09
N24001318,OF KHOWAI -AGARTALA 9/2020 FROM DESIGN KM 31.300 TO 45.300 OF NH-208A PKG-3,ROAD TRANSPORT AND HIGHWAYS,Tripura,NHIDCL,2020-09,173.17,,173.17,93.35,,2022-10,2023-10,100.0,ongoing_census,2024-09
N24001363,( PKG 4) 3/2021,ROAD TRANSPORT AND HIGHWAYS,Tripura,NHIDCL) (Jun-23) (N.A.,2021-03,354.79,,,34.08,,2023-06,,17.2,ongoing_census,2024-09
N24001542,LANING FROM MANU-SIMLUNG PKG-2 2/2022,ROAD TRANSPORT AND HIGHWAYS,Tripura,NHIDCL,,456.88,,,95.5,,,,39.4,ongoing_census,2024-09
N24001914,AND WIDENING TO 2- 5/2023 WITH EARTHEN PAVED SHOULDER UDAIPUR TO SRIMANTAPUR,ROAD TRANSPORT AND HIGHWAYS,Tripura,NHIDCL,,195.95,,195.95,15.22,,,2025-02,17.4,ongoing_census,2024-09
N24002132,LANE WITH PAVED SHOULDER 3/2023 BYPASS (WESTERN SIDE) NH-8,ROAD TRANSPORT AND HIGHWAYS,Tripura,NHIDCL,2023-03,2026.05,,2026.05,0.0,,,2027-03,0.48,ongoing_census,2024-09
N24002159,AND UP-GRADATION 2/2020 ROAD FROM DESIGN KM 25.250 TO 36.460 (TOTAL LENGH: 11.210 KM),ROAD TRANSPORT AND HIGHWAYS,Tripura,NHIDCL,2020-02,174.43,,174.43,0.0,,,2026-03,0.0,ongoing_census,2024-09
N24002160,AND WIDENING TO 2- 1/2024 WITH PAVED SHOULDER OF ROAD KM 101.300 TO KM 127.319 (TOTAL,ROAD TRANSPORT AND HIGHWAYS,Tripura,NHIDCL,,431.78,,431.78,0.0,,,2026-07,0.0,ongoing_census,2024-09
N24002161,TELIAMURA-AMARPUR-HARINA- 1/2024 PACKAGE-2,ROAD TRANSPORT AND HIGHWAYS,Tripura,NHIDCL,2024-01,657.21,,657.21,0.0,,,2026-09,0.0,ongoing_census,2024-09
N24002162,TELIAMURA-AMARPUR-HARINA- 1/2024 PACKAGE-3,ROAD TRANSPORT AND HIGHWAYS,Tripura,N.A.) (N.A.,2024-01,670.9,,670.9,0.0,,,2026-09,0.0,ongoing_census,2024-09
N04000077,"INTERNATIONAL AIRPORT , 6/2018",CIVIL AVIATION,Uttar Pradesh,AAI,2018-06,1383.0,1938.0,3291.81,2117.08,,2026-10,2026-10,76.05,ongoing_census,2024-09
N04000094,OF AYODHYA AIRPORT 3/2021,CIVIL AVIATION,Uttar Pradesh,AAI,2021-03,242.14,328.0,358.0,338.5,,2024-10,2024-10,99.9,ongoing_census,2024-09
N04000102,"AIRPORT - CONSTRUCTION 5/2023 NEW TERMINAL BUILDING, SECOND TAXI TRACK, APRON EXPANSION,",CIVIL AVIATION,Uttar Pradesh,N.A.) (232.52,2023-05,185.75,232.52,232.52,80.95,,,2024-12,43.0,ongoing_census,2024-09
N04000113,DEVELOPMENT OF NEW CIVIL 6/2024 AT AGRA AIRPORT.,CIVIL AVIATION,Uttar Pradesh,AAI,,579.0,,579.0,0.0,,,2026-07,0.0,ongoing_census,2024-09
N04000114,DEVELOPMENT OF LAL 7/2024 SHASTRI INTERNATIONAL VARANASI.,CIVIL AVIATION,Uttar Pradesh,AAI,2024-07,2869.65,,2869.65,0.0,,,2027-07,0.0,ongoing_census,2024-09
N06000152,UTTAR PRADESH POWER 7/2016 LIMITED 1980 MW,COAL,Uttar Pradesh,NLC,2016-07,17237.0,19406.12,19406.12,18281.63,,2025-03,2025-03,85.46,ongoing_census,2024-09
N45000003,EXPANSION OCP 6/2021 OF 683 VARIOUS TYPE 5/2019 QUARTERS AT GROUP CENTRE CHANDAULI,HOME AFFAIRS,Uttar Pradesh,NCL) (N.A.) (N.A.,2021-06,491.67,,491.67,36.25,,2023-03,2026-03,5.93,ongoing_census,2024-09
N16000429,KTA POLYPROPYLENE PROJECT 3/2019,PETROLEUM,Uttar Pradesh,,2019-03,910.56,1299.02,,809.4,,2024-04,,90.7,ongoing_census,2024-09
N16000505,OF FACILITIES AT 4/2022 BITUMEN PLANT,PETROLEUM,Uttar Pradesh,Dec-26) (N.A.,,260.12,,260.12,0.97,,2026-12,2026-12,18.4,ongoing_census,2024-09
N16000506,TERMINAL AT MIRZAPUR 9/2022 PRADESH,PETROLEUM,Uttar Pradesh,IOCL,2022-09,980.45,,980.45,130.21,,,2026-11,34.1,ongoing_census,2024-09
N16000525,"GAS DISTRIBUTION PROJECTS AT 12/2022 KHERI , SITAPUR, SHRAVASTI,BALRAMPUR,",PETROLEUM,Uttar Pradesh,BPCL,,16654.0,,16654.0,270.09,,,2030-06,4.5,ongoing_census,2024-09
N18000272,SUPER THERMAL POWER 3/2019,POWER,Uttar Pradesh,THDCIL,2019-03,11089.42,,13129.25,11108.48,,,2025-03,92.6,ongoing_census,2024-09
N18000382,SOLAR POWER PROJECT 7/2020 SUPER THERMAL POWER 3/2024 STAGE-III (2X800 MW),POWER,Uttar Pradesh,NHPC) (Mar-24) (N.A.,2020-07,314.64,,350.46,316.03,,2024-03,2024-03,92.0,ongoing_census,2024-09
N22000401,4/2015,RAILWAYS,Uttar Pradesh,N.A.) (N.A.,2015-04,943.6,,2018.23,1779.61,,,2024-12,98.0,ongoing_census,2024-09
N22000417,- SINGRAULI DOUBLING 8/2015,RAILWAYS,Uttar Pradesh,,2015-08,2436.21,2880.4,,2921.85,,,,90.0,ongoing_census,2024-09
N22000419,ROAD - SHAKTINAGAR 8/2015,RAILWAYS,Uttar Pradesh,ECR,2015-08,528.57,762.97,762.97,774.05,,,2024-08,90.0,ongoing_census,2024-09
N22000468,- GONDA - 3RD RUNNING 4/2016,RAILWAYS,Uttar Pradesh,N.A.) (N.A.,2016-04,602.5,,1015.59,860.92,2016-04,,2025-09,52.0,ongoing_census,2024-09
N22000470,4/2016 (EXCL. MAU-INDARA) DOUBLING.,RAILWAYS,Uttar Pradesh,N.A.) (N.A.,2016-04,1177.96,,1777.39,1733.32,,,2024-12,76.0,ongoing_census,2024-09
N22000495,MANIKPUR AND KHAIRAR 3/2018 DOUBLING,RAILWAYS,Uttar Pradesh,NCR,2018-03,4329.53,,4329.53,60.37,,,2026-03,3.0,ongoing_census,2024-09
N22000496,BINA DOUBLING 9/2016,RAILWAYS,Uttar Pradesh,,2016-09,2001.0,2001.0,,1118.8,,,,85.0,ongoing_census,2024-09
N22000501,LINE (273.80 KM) 6/2016,RAILWAYS,Uttar Pradesh,RVNL,2016-06,3677.76,,,4969.16,,,,80.0,ongoing_census,2024-09
N22000525,TRIANGLE LINE BETWEEN 10/2022 STATION AND NEW STN KARMA DOUBLING,RAILWAYS,Uttar Pradesh,ECR,2022-10,199.96,,199.96,55.09,,,2027-10,0.0,ongoing_census,2024-09
N22000544,- ALLAHABAD - 3RD LINE 8/2019,RAILWAYS,Uttar Pradesh,NCR) (N.A.) (N.A.,,2390.0,,,0.0,,,,0.0,ongoing_census,2024-09
N22000545,FLYOVER (22 4/2020,RAILWAYS,Uttar Pradesh,Jun-26) (N.A.,,1456.89,,1456.89,0.0,,2026-06,2026-06,5.0,ongoing_census,2024-09
N22000546,- BIRARI WITH FLYOVER AT 3/2017,RAILWAYS,Uttar Pradesh,NCR,,260.0,,260.0,0.0,,,2024-12,0.0,ongoing_census,2024-09
N22000562,KHAN - 3RD LINE (6.9 4/2019 & CONSTRUCTION OF FLYOVER AT KHAN,RAILWAYS,Uttar Pradesh,NCR,,451.99,,451.99,0.0,,,2025-12,0.0,ongoing_census,2024-09
N22000563,- 4TH LINE (10 4/2019 WITH FLY-OVER AT SUBEDARGANJ,RAILWAYS,Uttar Pradesh,NCR,,494.11,,494.11,0.0,,,2026-03,0.0,ongoing_census,2024-09
N22000564,- FLYOVER FOR ETAWAH 4/2019 DOWN TRAINS,RAILWAYS,Uttar Pradesh,N.A.) (N.A.,2019-04,187.21,,250.17,1.75,,,2026-03,8.0,ongoing_census,2024-09
N22000565,- DOHRIGHAT 8/2019,RAILWAYS,Uttar Pradesh,NER) (N.A.) (N.A.,2019-08,371.77,,,391.33,,,,1.0,ongoing_census,2024-09
N22000566,- NANPARA -NEPALGANJ 7/2020 KM),RAILWAYS,Uttar Pradesh,,2020-07,950.0,,341.66,88.28,,,2025-06,19.0,ongoing_census,2024-09
N22000569,SRAVASTI BALRAMPUR 10/2018,RAILWAYS,Uttar Pradesh,TULSIPUR,2018-10,1600.0,,4939.78,824.28,,,2026-12,5.0,ongoing_census,2024-09
N22000578,AKBARPUR DOUBLING 9/2017,RAILWAYS,Uttar Pradesh,NR) (N.A.) (N.A.,2017-09,1200.0,,,0.0,,,,0.0,ongoing_census,2024-09
N22000582,AKBARPUR (TANDA) 8/2017,RAILWAYS,Uttar Pradesh,NR,2017-08,515.5,,676.0,0.0,,,2025-03,0.0,ongoing_census,2024-09
N22000583,PRATAPGARH AMETHI 11/2017,RAILWAYS,Uttar Pradesh,NR,2017-11,701.98,,1100.0,0.0,,,2025-03,0.0,ongoing_census,2024-09
N22000590,- 3RD & 4TH LINE 1/2019 KM),RAILWAYS,Uttar Pradesh,N.A.) (N.A.,,323.85,,323.85,0.0,,,2025-03,0.0,ongoing_census,2024-09
N22000591,BETWEEN JAUNPUR JN- 3/2023 (6.28 KM),RAILWAYS,Uttar Pradesh,NR,,177.33,,177.33,0.0,,,2026-12,0.0,ongoing_census,2024-09
N22000596,- DOUBLING WITH 11/2018 (46.79 KM),RAILWAYS,Uttar Pradesh,RVNL,,357.48,,409.38,312.07,,,2025-03,48.0,ongoing_census,2024-09
N22000598,- AUNRIHAR WITH 5/2018 (125 KM) (EXCL - MAU (116.95 KM)),RAILWAYS,Uttar Pradesh,N.A.) (N.A.,2018-05,1177.96,,2529.46,1574.9,,,2025-02,76.0,ongoing_census,2024-09
N22000612,- VRINDAVAN (11 KM) 8/2022,RAILWAYS,Uttar Pradesh,NCR,2022-08,402.88,,,0.0,,,,0.0,ongoing_census,2024-09
N22000613,- GORAKHPUR - 11/2016 CANTT - KUSUMHI - 3RD LINE (21.15 KM),RAILWAYS,Uttar Pradesh,NER,2016-11,186.85,,457.68,430.43,,,2025-05,84.0,ongoing_census,2024-09
N24000331,OF RING ROAD FOR 12/2019 CITY (PHASE -I) ON SIDE OF NH 24B,ROAD TRANSPORT AND HIGHWAYS,Uttar Pradesh,,,282.41,,319.96,270.96,,,2024-12,83.0,ongoing_census,2024-09
N24000551,OF VARANASI GORAKHPUR 3/2016 OF NH-29 FROM 148.00 208.300 [PACKAGE-IV],ROAD TRANSPORT AND HIGHWAYS,Uttar Pradesh,NHAI,2016-03,1587.49,3473.59,3500.0,3356.1,,2024-12,2024-12,95.68,ongoing_census,2024-09
N24000556,LANNING OF RAMPUR- 3/2016 SECTION OF NH-87 FROM 0.000 (KM. 190.000 OF NH-24) TO KM,ROAD TRANSPORT AND HIGHWAYS,Uttar Pradesh,NHAI,2016-03,899.0,1623.88,1623.88,1106.35,,2024-10,2024-10,92.15,ongoing_census,2024-09
N24000564,OF HARIDWAR-NAGINA 3/2016 OF NH 74 FROM (KM 204.300 NH 58) TO KM 73.00,ROAD TRANSPORT AND HIGHWAYS,Uttar Pradesh,NHAI,2016-03,1408.0,1659.12,1659.12,1199.58,,2025-03,2025-03,80.09,ongoing_census,2024-09
N24000796,OF NH-24 EXTENSION 4- 3/2018 BYPASS STARTING FROM BEHTA AND TERMINATING AT SITAPUR,ROAD TRANSPORT AND HIGHWAYS,Uttar Pradesh,NHAI,,1117.84,,1203.92,1198.22,,2023-12,2024-07,99.56,ongoing_census,2024-09
N24000798,LANING OF HAPUR BYPASS TO 3/2018 SECTION INCLUDING BYPASS FROM KM 50.000 CHAINA,ROAD TRANSPORT AND HIGHWAYS,Uttar Pradesh,N.A.) (N.A.,,2140.93,,2140.93,2062.47,,,2024-12,97.94,ongoing_census,2024-09
N24001185,LANING OF CHAKERI TO ALLAHABAD 11/2017 OF NH-2 FROM KM 483.687 TO 628.753 (DESIGN LENGTH 14,ROAD TRANSPORT AND HIGHWAYS,Uttar Pradesh,NHAI,2017-11,2159.0,2262.0,2262.0,2249.93,,2024-12,2024-12,97.5,ongoing_census,2024-09
N24001306,/ FOUR LANING OF RAEBARELI - 10/2020 SECTION OF NH-330A KM. 0.000 TO KM. 47.800 (DESIGN,ROAD TRANSPORT AND HIGHWAYS,Uttar Pradesh,NHAI,,724.6,,724.6,569.96,,,2024-05,84.92,ongoing_census,2024-09
N24001421,OF 6 LANE BRIDGE ON 7/2018 ON NH-96 AND ITS APPROACHES PHAPHAMAU ALLAHABAD ON EPC,ROAD TRANSPORT AND HIGHWAYS,Uttar Pradesh,N.A.) (N.A.,,1948.25,,1948.25,951.38,,,2025-08,68.0,ongoing_census,2024-09
N24001423,OF BYPASS FOR 4/2021 INTER CONNECTIVITY (NHS) AROUND THE CITY (PRAT,ROAD TRANSPORT AND HIGHWAYS,Uttar Pradesh,MoRTH,2021-04,309.48,,309.48,112.84,,,2026-03,51.0,ongoing_census,2024-09
N24001424,OF FOUR-LANE 3/2021 VIADUCT FROM KM.4+634 TO ON NH-24A INCLUDING W,ROAD TRANSPORT AND HIGHWAYS,Uttar Pradesh,N.A.) (269.81,2021-03,185.09,269.81,269.81,256.11,,,2024-12,96.0,ongoing_census,2024-09
N24001456,AND UPGRADATION TO 4/2020 LANE WITH PS OF RADHAITA TO SECTION OF 46.130 KM,ROAD TRANSPORT AND HIGHWAYS,Uttar Pradesh,MoRTH,,199.39,212.96,199.39,154.0,,,2024-10,91.0,ongoing_census,2024-09
N24001457,REHABILITATION AND UPGRADATION 4/2020 2 LANE WITH PS OF MIRANPUR TO RADHAITA SECTION OF NH- F,ROAD TRANSPORT AND HIGHWAYS,Uttar Pradesh,N.A.) (169.56,2020-04,172.5,169.56,172.5,94.27,,,2025-03,60.0,ongoing_census,2024-09
N24001461,2-LANE WITH PS OF BEWAR TO NEAR 4/2020 VILLAGE SECTION OF NH-92 KM.0.00 TO 30.00 UNDER GNHCP,ROAD TRANSPORT AND HIGHWAYS,Uttar Pradesh,N.A.) (N.A.,,236.47,,236.47,129.25,,,2024-12,79.0,ongoing_census,2024-09
N24001462,WITH PS OF NEAR KARRI 4/2020 TO ETAWAH SECTION OF NH-92 KM.30.000 TO 57.346 UNDER,ROAD TRANSPORT AND HIGHWAYS,Uttar Pradesh,MoRTH,2020-04,211.09,,211.09,103.12,,,2024-12,77.0,ongoing_census,2024-09
N24001463,TO MIRANPUR KATRA 4/2020 OF NH-730C FROM KM.52.770 114.00,ROAD TRANSPORT AND HIGHWAYS,Uttar Pradesh,N.A.) (309.99,2020-04,294.84,309.99,294.84,271.61,,,2024-02,100.0,ongoing_census,2024-09
N24001464,REHABILITATION AND 3/2021 OF NH-731A FROM KM TO KM.35.00,ROAD TRANSPORT AND HIGHWAYS,Uttar Pradesh,MoRTH,2021-03,264.86,,264.86,106.25,,,2025-01,67.0,ongoing_census,2024-09
N24001469,AND UPGRADATION TO 11/2021 LANE WITH PAVED SHOULDER FROM EXISTING KM TO,ROAD TRANSPORT AND HIGHWAYS,Uttar Pradesh,MoRTH,,307.11,,307.11,158.36,,,2025-03,75.0,ongoing_census,2024-09
N24001471,TO 2-LANE WITH PS OF BEWAR TO 4/2020 SECTION OF NH-730C FROM TO 52.770 UNDER GNHCP,ROAD TRANSPORT AND HIGHWAYS,Uttar Pradesh,MoRTH,,325.24,340.16,325.24,220.97,,,2024-11,80.0,ongoing_census,2024-09
N24001479,AND UPGRADATION TO FOUR 3/2021 CONFIGURATION FROM KM.34.900,ROAD TRANSPORT AND HIGHWAYS,Uttar Pradesh,BHADOHI) TO KM.73.134 (JAUNPUR,,395.62,392.03,395.62,240.26,,,2025-06,54.0,ongoing_census,2024-09
N24001480,AND STRENGTHENING FROM 10/2021 0.00 TO KM 15.089 OF NH-334A ROAD) TO,ROAD TRANSPORT AND HIGHWAYS,Uttar Pradesh,N.A.) (N.A.,,227.06,,227.06,104.84,,,2024-12,85.0,ongoing_census,2024-09
N24001523,ACCESS-CONTROLLED HIGHWAY 3/2021 (GANESHPUR) TO(NEAR MOHAND) GANESHPUR DEHRADUN SECTION K,ROAD TRANSPORT AND HIGHWAYS,Uttar Pradesh,NHAI,2021-03,836.24,,836.24,773.94,,2024-11,2024-11,97.14,ongoing_census,2024-09
N24001524,OF ACCESS-CONTROLLED HIGHWAY 3/2021 MOHAND TO DAAT KALI TUNNEL GANESHPUR DEHRADUN SECTION,ROAD TRANSPORT AND HIGHWAYS,Uttar Pradesh,Nov-24) (N.A.,2021-03,990.28,,990.28,997.51,,2024-11,2024-11,97.98,ongoing_census,2024-09
N24001587,AND STRENGTHENING OF 3/2020 FROM BHARTHANA CHOWK KODARKOOT (KM. 0.00 TO KM. 40.00),ROAD TRANSPORT AND HIGHWAYS,Uttar Pradesh,MoRTH,,262.37,343.77,343.77,235.13,,,2024-12,64.0,ongoing_census,2024-09
N24001726,SPUR OF SHAMLI-MUZZAFARNAGAR 1/2023 NH-709AD (PANIPAT- AND NH-58,ROAD TRANSPORT AND HIGHWAYS,Uttar Pradesh,N.A.) (N.A.,2023-01,391.26,,391.26,14.12,,,2024-08,77.3,ongoing_census,2024-09
N24001727,"AND UP-GRADATION OF 3/2022 ROAD TO 2/4L PS FROM KM TO 88.750, START OF KHUTAR B",ROAD TRANSPORT AND HIGHWAYS,Uttar Pradesh,NHAI,,762.62,,762.62,410.93,,,2025-02,65.47,ongoing_census,2024-09
N24001728,"AND UP-GRADATION OF 12/2021 ROAD TO 4L PS FROM KM TO 229.070, FROM END OF",ROAD TRANSPORT AND HIGHWAYS,Uttar Pradesh,N.A.) (N.A.,,1138.81,,1138.81,275.48,,,2025-07,85.62,ongoing_census,2024-09
N24001729,SPUR OF PANIPAT - SHAMLI 8/2022 NH-709AD (PANIPAT MUZAFFARNAGAR) AND NH- (KARN,ROAD TRANSPORT AND HIGHWAYS,Uttar Pradesh,N.A.) (N.A.,2022-08,326.79,,329.79,93.31,,,2024-12,79.11,ongoing_census,2024-09
N24001730,FROM GAJU VILLAGE AT KM 32.982 TO 12/2021 BYPASS (END) AT KM OF NH 530B (PKG 1C),ROAD TRANSPORT AND HIGHWAYS,Uttar Pradesh,NHAI,,1384.79,,1384.79,619.92,,,2025-01,94.0,ongoing_census,2024-09
N24001731,GREENFIELD KANPUR - LUCKNOW 12/2021 PKG II FROM KM. 28.500 KM. 73.744,ROAD TRANSPORT AND HIGHWAYS,Uttar Pradesh,May-25) (N.A.,2021-12,2470.64,,2335.0,523.01,,2025-05,2025-05,64.09,ongoing_census,2024-09
N24001732,"AND UP-GRADATION OF 12/2021 ROAD TO 4L PS FROM KM TO 260.800, END OF HARDOI DIS",ROAD TRANSPORT AND HIGHWAYS,Uttar Pradesh,NHAI,,540.97,,540.97,196.42,,,2024-10,64.56,ongoing_census,2024-09
N24001733,ACCESS CONTROLLED GREENFIELD 3/2022 OF JUNCTION OF EPE (VILL.- TO VILL.-LOHADDA FROM K,ROAD TRANSPORT AND HIGHWAYS,Uttar Pradesh,NHAI,2022-03,1602.48,,1602.48,349.48,,,2024-12,74.56,ongoing_census,2024-09
N24001734,ACCESS CONTROL GREENFIELD 3/2022 OF VILL-LOHADDA TO VILL- MAHAJAN FROM KM. 27.000 KM.,ROAD TRANSPORT AND HIGHWAYS,Uttar Pradesh,NHAI,2022-03,1335.45,,1335.45,343.63,,,2024-12,69.65,ongoing_census,2024-09
N24001735,ACCESS CONTROL GREENFIELD 3/2022 OF VILL-KHYAWARI TO VILL- AT SAHARANPUR BYPASS KM,ROAD TRANSPORT AND HIGHWAYS,Uttar Pradesh,N.A.) (N.A.,2022-03,1428.19,,1428.19,414.64,,,2024-12,69.65,ongoing_census,2024-09
N24001736,ACCESS CONTROL GREENFIELD 1/2022 OF VILL-KARAUNDA MAHAJAN VILL-KHYAWARI FROM KM. 56.500 TO,ROAD TRANSPORT AND HIGHWAYS,Uttar Pradesh,N.A.) (N.A.,2022-01,1159.96,,1159.96,503.59,,,2024-12,98.0,ongoing_census,2024-09
N24001737,"OF MUZAFFARNAGAR TO 11/2021 SECTION OF NH-709AD, PKG-",ROAD TRANSPORT AND HIGHWAYS,Uttar Pradesh,NHAI,2021-11,923.15,,923.15,455.61,,,2024-04,97.1,ongoing_census,2024-09
N24001738,"OF BIJNOR TO KOTAWALI SECTION 9/2021 NH-709AD, PKG-IV",ROAD TRANSPORT AND HIGHWAYS,Uttar Pradesh,Dec-24) (N.A.,,300.79,,300.79,122.56,,2024-12,2024-12,66.5,ongoing_census,2024-09
N24001739,and UPGRADATION 10/2019 2 LANE TO 4 LANE OF NH UNDER BHARATMALA FOR U,ROAD TRANSPORT AND HIGHWAYS,Uttar Pradesh,NHAI,2019-10,1779.83,,2200.0,1028.0,,2024-12,2024-12,96.89,ongoing_census,2024-09
N24001744,"OF SHAMLI BYAPSS- SAHARANPUR 5/2019 KM 92.2 TO KM 155.025 SECTION NH-709B, PKG-II",ROAD TRANSPORT AND HIGHWAYS,Uttar Pradesh,NHAI,2019-05,779.17,,779.17,54.69,,,2024-12,93.0,ongoing_census,2024-09
N24001745,LUCKNOW EXPRESSWAY PKG-1 12/2021 OF 6-LANE TO EIGHT OF KANPUR LUCKNOW (N,ROAD TRANSPORT AND HIGHWAYS,Uttar Pradesh,NHAI,,1972.1,,1936.0,431.5,,2025-07,2025-07,54.56,ongoing_census,2024-09
N24001746,EXISTING RAMPUR BYPASS OF 3/2021 TO BE DEVELOPED TO 4-LANE EPC MODE IN THE STATE OF UTTAR,ROAD TRANSPORT AND HIGHWAYS,Uttar Pradesh,NHAI,,364.47,,364.47,132.4,,2025-01,2025-01,65.01,ongoing_census,2024-09
N24001753,LANING OF NAJIBABAD BYPASS OF NH- 2/2022 FROM KM. 105.423 TO KM. 118.373 2.45 KM. OF NH-74,ROAD TRANSPORT AND HIGHWAYS,Uttar Pradesh,NHAI,,570.98,578.02,578.02,342.08,,2024-11,2024-11,80.03,ongoing_census,2024-09
N24001754,OF MEERUT-GARH-MUKTESHWAR 1/2022 CONNECTING NH-119 NH-58 BYPASSING MEERUT TOWN,ROAD TRANSPORT AND HIGHWAYS,Uttar Pradesh,N.A.) (N.A.,2022-01,953.79,,953.79,384.66,,,2024-10,42.74,ongoing_census,2024-09
N24001755,OF MEERUT NAJIBABAD 10/2019 FROM KM. 11.500 TO KM 39.250 KM 86.590 TO KM. 112.545.IN TH,ROAD TRANSPORT AND HIGHWAYS,Uttar Pradesh,NHAI,2019-10,1936.68,,2458.03,1380.9,,2024-12,2024-12,98.1,ongoing_census,2024-09
N24001772,LANE CONNECTOR FROM DELHI 8/2021 EXPRESSWAY KM 50.000 TO KM OF NH 235 IN THE STATE OF,ROAD TRANSPORT AND HIGHWAYS,Uttar Pradesh,Dec-24) (N.A.,2021-08,1147.26,,1147.26,81.34,,2024-12,2024-12,33.0,ongoing_census,2024-09
N24001815,"BYPASSES FOR JAGATPUR, 12/2022 UNCHAHAR, ALAPUR AND SAI RIVER BRIDGE OF PRA",ROAD TRANSPORT AND HIGHWAYS,Uttar Pradesh,NHAI,2022-12,1699.0,1078.0,1699.0,64.39,,,2024-11,51.2,ongoing_census,2024-09
N24001826,RING ROAD (PKG-II) 2/2019 SANDAHA VILLAGE (KM / NH-29) WITH REVASA VILLAGE 81,ROAD TRANSPORT AND HIGHWAYS,Uttar Pradesh,Dec-24) (N.A.,2019-02,927.77,,1603.0,1202.77,,2024-12,2024-12,79.45,ongoing_census,2024-09
N24001830,LANE ACCESS CONTROLLED OF 6/2020 SAHARANPUR HIGHWAY FROM UP BORDER TO EPE JUNCTION,ROAD TRANSPORT AND HIGHWAYS,Uttar Pradesh,NHAI,,2002.79,,2002.79,1989.85,,2024-12,2024-12,99.0,ongoing_census,2024-09
N24001851,FROM MATHURA BYPASS (START) AT 1/2022 KM. 154.20 OF NH-44 TO GAJU AT KM 32.982 OF NH-53,ROAD TRANSPORT AND HIGHWAYS,Uttar Pradesh,N.A.) (N.A.,,1738.2,,1738.2,741.63,,,2025-03,63.0,ongoing_census,2024-09
N24001852,OF AGRA BYPASS (NORTHERN) 10/2021 KM. 174.500 OF NH-2 (NEW TO KM. 141.000 OF YAMUNA EXP,ROAD TRANSPORT AND HIGHWAYS,Uttar Pradesh,N.A.) (N.A.,2021-10,957.62,,957.62,615.0,,,2025-02,83.36,ongoing_census,2024-09
N24001853,OF LEFT OUT PORTION 10/2021 AGRA INNER RING ROAD VILLAGE DEORI TO NH-44 B,ROAD TRANSPORT AND HIGHWAYS,Uttar Pradesh,NHAI,2021-10,772.05,,772.05,545.44,,,2024-09,66.0,ongoing_census,2024-09
N24001929,OF 4-LANE GREEN 1/2022 HIGHWAY FROM KM. 35.000 TO 49.155 OF NH-731A WITH PAVED,ROAD TRANSPORT AND HIGHWAYS,Uttar Pradesh,N.A.) (N.A.,2022-01,697.66,,697.66,254.18,,,2025-10,63.0,ongoing_census,2024-09
N24001992,WORKS OF 4-LANNING OF 8/2022 SECTION OF NH- (NEW NH NO. 09) FROM KM. 0.000 (KM,ROAD TRANSPORT AND HIGHWAYS,Uttar Pradesh,NHAI,,199.31,199.38,199.38,130.59,,2024-10,2024-10,63.6,ongoing_census,2024-09
N24001996,OF TWO LANE WITH 3/2022 SHOULDER HIGHWAY FROM CH.0.000 TO CH.49.2OO OF NH- ON,ROAD TRANSPORT AND HIGHWAYS,Uttar Pradesh,N.A.) (602.76,,640.18,602.76,602.76,335.67,,,2025-11,39.0,ongoing_census,2024-09
N24001997,OF SHOHRATGARH 10/2022 ON NH-730 UNDER EPC MODE THE STATE OF UTTAR PRADESH,ROAD TRANSPORT AND HIGHWAYS,Uttar Pradesh,MoRTH,2022-10,189.31,,189.31,50.67,,,2025-05,15.0,ongoing_census,2024-09
N24002015,AND UPGRADATION TO 11/2021 LANE WITH PAVED SHOULDER FROM EXISTING KM TO,ROAD TRANSPORT AND HIGHWAYS,Uttar Pradesh,N.A.) (328.49,,403.36,328.49,403.36,63.13,,,2025-06,18.0,ongoing_census,2024-09
N24002016,OF PRATAPGARH 10/2022 (EXTENSION) CONNECTING NH- TO NH-330,ROAD TRANSPORT AND HIGHWAYS,Uttar Pradesh,N.A.) (N.A.,2022-10,225.17,,225.17,85.93,,,2025-06,37.0,ongoing_census,2024-09
N24002029,TO FOUR LANE WITH PAVED 3/2022 FROM DESIGN KM.49.200 TO OF NH-731B ON EPC MODE,ROAD TRANSPORT AND HIGHWAYS,Uttar Pradesh,MoRTH,,917.91,956.3,917.91,473.25,,,2026-01,18.0,ongoing_census,2024-09
N24002031,OF TWO LANE WITH 12/2021 SHOULDER FROM EXISTING TO KM.55.610 (DESIGN KM. T,ROAD TRANSPORT AND HIGHWAYS,Uttar Pradesh,N.A.) (773.58,,840.93,773.58,840.93,337.83,,,2026-02,5.0,ongoing_census,2024-09
N24002032,OF 4-LANE HIGHWAY 1/2022 PAVED SHOULDERS FROM KM TO KM 74.700 OF NH-731A ON,ROAD TRANSPORT AND HIGHWAYS,Uttar Pradesh,MoRTH,2022-01,1156.72,,1156.72,200.3,,,2026-01,21.0,ongoing_census,2024-09
N24002036,OF SIX-LANE ACCESS 4/2022 HIGHWAY FROM GOGWAN (SHAMLI DISTRICT) TO,ROAD TRANSPORT AND HIGHWAYS,Uttar Pradesh,NHAI,2022-04,1843.59,,1843.59,774.19,,,2025-05,33.0,ongoing_census,2024-09
N24002073,(KM. 83.200 OF NH- 10/2019 TO MEERUT (KM. 9.860 OF NH-235) CONNECTOR TO NH-119,ROAD TRANSPORT AND HIGHWAYS,Uttar Pradesh,NHAI,,2068.99,2171.0,2171.0,209.6,,,2024-06,47.0,ongoing_census,2024-09
N24002085,OF RAEBARELI TO 11/2023 SECTION FROM KM. 82.650 KM. 161.450 OF NH-30 AND LINK FRO,ROAD TRANSPORT AND HIGHWAYS,Uttar Pradesh,NHAI,2023-11,1470.93,,1470.93,69.56,,,2025-03,16.37,ongoing_census,2024-09
N24002086,OF FOUR LANE 10/2022 FORM GHAZIPUR BALLIA UP STATE BORDER (GREENFIELD) OF,ROAD TRANSPORT AND HIGHWAYS,Uttar Pradesh,N.A.) (N.A.,2022-10,1706.47,,1706.47,688.34,,,2025-07,37.28,ongoing_census,2024-09
N24002087,OF FOUR LANE 10/2022 FROM GHAZIPUR BALLIA UP STATE BORDER (GREENFIELD) OF,ROAD TRANSPORT AND HIGHWAYS,Uttar Pradesh,NHAI,2022-10,1493.14,,1493.14,45.3,,,2025-10,18.26,ongoing_census,2024-09
N24002088,OF FOUR LANE 10/2022 FROM GHAZIPUR BALLIA UP STATE BORDER (GREENFIELD) OF,ROAD TRANSPORT AND HIGHWAYS,Uttar Pradesh,N.A.) (N.A.,2022-10,1493.5,,1493.5,474.79,,,2025-08,24.05,ongoing_census,2024-09
N24002089,OF FOUR LANE 10/2022 FROM GHAZIPUR BALLIA UP STATE BORDER GREENFIELD OF N,ROAD TRANSPORT AND HIGHWAYS,Uttar Pradesh,NHAI,2022-10,617.87,,617.88,95.37,,,2025-06,39.24,ongoing_census,2024-09
N24002090,OF FOUR-LANE 3/2021 SIDE SPUR OF RAMPUR- SECTION CONNECTING NH- TO NH-87 BY,ROAD TRANSPORT AND HIGHWAYS,Uttar Pradesh,Apr-25) (N.A.,2021-03,646.27,,646.27,45.1,,2025-04,2025-04,20.47,ongoing_census,2024-09
N24002093,", UP-GRADATION OF NH- 10/2022 SECTION OF MORADABAD - - KASHIPUR: PACKAGE- MORA",ROAD TRANSPORT AND HIGHWAYS,Uttar Pradesh,NHAI,,1841.92,,1841.92,202.27,,,2025-09,24.6,ongoing_census,2024-09
N24002094,"AND UP-GRADATION OF 9/2022 ROAD TO 4L PS FROM KM TO 175.080, FROM START OF",ROAD TRANSPORT AND HIGHWAYS,Uttar Pradesh,N.A.) (N.A.,,1212.26,,1212.26,295.07,,,2025-11,15.55,ongoing_census,2024-09
N24002095,LANING OF SONAULI GORAKHPUR 12/2021 OF NH 29E (NEW NH 24) FROM CH. 0.000 TO DESIGN CH. 7,ROAD TRANSPORT AND HIGHWAYS,Uttar Pradesh,N.A.) (N.A.,2021-12,2555.5,,2555.5,764.75,,,2025-03,34.1,ongoing_census,2024-09
N24002096,OF 4 LANE GREEN 2/2023 NORTHERN EAST SIDE BYPASS (26.616 KMS) FROM NH,ROAD TRANSPORT AND HIGHWAYS,Uttar Pradesh,NHAI,2023-02,1973.98,,1973.98,515.3,,,2026-01,21.53,ongoing_census,2024-09
N24002097,OF EXISTING 4L 2/2023 BYPASS SECTION FROM KM.121.600 TO KM. 144.020 OF 28 (,ROAD TRANSPORT AND HIGHWAYS,Uttar Pradesh,N.A.) (N.A.,,526.45,,526.45,121.93,,,2025-03,53.8,ongoing_census,2024-09
N24002104,OF RING ROAD 1/2023 KANPUR FROM KM.000 TO KM. (CHACHENDI SACHENDI I TO,ROAD TRANSPORT AND HIGHWAYS,Uttar Pradesh,NHAI,2023-01,1754.0,,1754.0,206.15,,,2026-06,12.5,ongoing_census,2024-09
N24002105,OF NEW 4 LANE 8/2023 SOUTHERN BYPASS FROM DESIGN KM 43+200 (AT VI,ROAD TRANSPORT AND HIGHWAYS,Uttar Pradesh,N.A.) (N.A.,2023-08,1378.36,,739.0,74.61,,,2026-06,15.03,ongoing_census,2024-09
N24002106,OF NEW 4 LANE 8/2023 SOUTHERN BYPASS FROM KM 50.860 (NABABA URF NIBI UPA,ROAD TRANSPORT AND HIGHWAYS,Uttar Pradesh,NHAI,2023-08,993.77,,349.48,132.46,,,2025-03,46.7,ongoing_census,2024-09
N24002115,OF MARIAHU BYPASS 3/2023 FOUR LANE PAVED SHOULDER (KM.53.540 TO,ROAD TRANSPORT AND HIGHWAYS,Uttar Pradesh,N.A.) (362.39,2023-03,438.24,362.39,438.24,169.39,,,2025-08,12.0,ongoing_census,2024-09
N24002116,AND UPGRADATION 1/2022 KM 51.600 TO KM 75.700 OF NH- (NUHKHAS TO ETAH SECTION) TO,ROAD TRANSPORT AND HIGHWAYS,Uttar Pradesh,N.A.) (N.A.,2022-01,343.54,,343.54,46.36,,,2025-08,19.0,ongoing_census,2024-09
N24002120,OF JASRA BYPASS 2/2023 FOUR LANE PAVED SHOULDER FROM KM. 379.670 ON (,ROAD TRANSPORT AND HIGHWAYS,Uttar Pradesh,MoRTH,2023-02,274.06,,274.06,66.73,,,2025-09,36.0,ongoing_census,2024-09
N24002121,AND UP-GRADATION TO 1/2022 LANE WITH PAVED SHOULDER FROM EXISTING KM.,ROAD TRANSPORT AND HIGHWAYS,Uttar Pradesh,N.A.) (N.A.,,509.65,,509.65,130.57,,,2025-09,12.0,ongoing_census,2024-09
N24002134,AND UP-GRADATION 3/2023 KM. 0.000 TO KM. 40.390 OF NH- (MAHARAJGANJ NICHLOUL TH,ROAD TRANSPORT AND HIGHWAYS,Uttar Pradesh,MoRTH,2023-03,809.25,,809.25,152.15,,,2025-12,0.0,ongoing_census,2024-09
N24002138,OF FOUR LANE 3/2022 WITH PAVED SHOULDER KM.74.700 TO KM.112.950 OF NH- (I/C Y,ROAD TRANSPORT AND HIGHWAYS,Uttar Pradesh,N.A.) (N.A.,2022-03,1141.67,,1141.67,205.24,,,2026-06,5.0,ongoing_census,2024-09
N24002150,OF BALRAMPUR 12/2022 WITH 2L FLEXIBLE PAVEMENT FROM KM.223.000 OF T,ROAD TRANSPORT AND HIGHWAYS,Uttar Pradesh,MoRTH,2022-12,515.69,,515.69,104.25,,,2026-02,0.0,ongoing_census,2024-09
N28000145,METRO RAIL PROJECT 5/2019 METRO RAIL PROJECT 5/2019,URBAN DEVELOPME NT,Uttar Pradesh,LMRCL) (N.A.) (N.A.,2019-05,11076.48,,11076.48,7639.03,,,2026-06,66.4,ongoing_census,2024-09
N30000006,DIVERSION AND 5/2017 WORKS FOR NAINI G PHAPHAMAU DISTRICT F JHUSI AREA,WATER RESOURCES,Uttar Pradesh,N.A.) (N.A.,2017-05,767.59,,767.59,276.97,,,2023-06,100.0,ongoing_census,2024-09
N30000008,I AND D AND STP 10/2017 HAM,WATER RESOURCES,Uttar Pradesh,UPJalNigam,2017-10,213.62,261.12,261.12,177.62,,2021-02,2024-11,94.0,ongoing_census,2024-09
N30000010,AT PANKHA KANPUR AND 3/2018 WITH EXISTING STPS,WATER RESOURCES,Uttar Pradesh,UPJalNigam,2018-03,967.23,708.7,967.23,254.98,,,2023-07,100.0,ongoing_census,2024-09
N30000013,"AND DIVERSION WORKS 3/2019 STP AT BAREILLY, UTTAR",WATER RESOURCES,Uttar Pradesh,UPJalNigam,,271.39,,271.39,182.26,,,2024-07,100.0,ongoing_census,2024-09
N30000021,SEWERAGE SCHEME 12/2017 AND DIVERSION WORKS 1/2019 STP AT MUZAFFARNAGAR UTTAR,WATER RESOURCES,Uttar Pradesh,UPJalNigam) (Jun-18) (N.A.,2017-12,460.45,234.03,460.45,315.3,,2018-06,2022-06,100.0,ongoing_census,2024-09
N30000022,AND DIVERSION WORKS 1/2019 SEWAGE TREATMENT PLANT AT UTTAR PRADESH,WATER RESOURCES,Uttar Pradesh,UPJalNigam,,206.05,,206.05,139.23,,,2023-07,100.0,ongoing_census,2024-09
N30000024,SCHEME INTERCEPTION 2/2019 DIVERSION WITH STP WORKS AT UTTAR PRADESH,WATER RESOURCES,Uttar Pradesh,UPJalNigam,2019-02,681.78,,690.71,13.34,,,2025-12,0.0,ongoing_census,2024-09
N30000025,AND DIVERSION WORKS 3/2019 STP AT LUCKNOW UTTAR,WATER RESOURCES,Uttar Pradesh,UPJalNigam,,298.12,,240.93,94.86,,2020-05,2024-09,96.0,ongoing_census,2024-09
N04000085,"OF DOMESTIC 7/2018 TERMINAL BUILDING AT AIRPORT, DEHRADUN",CIVIL AVIATION,Uttarakha Nd,N.A.) (N.A.,2018-07,456.86,,500.0,483.05,,,2024-09,100.0,ongoing_census,2024-09
N18000010,PUMPED STORAGE 7/2006,POWER,Uttarakha Nd,THDCIL,2006-07,1657.0,4825.6,7686.32,7049.84,,2022-06,2025-01,97.5,ongoing_census,2024-09
N18000014,HEP (4X130MW) 11/2006,POWER,Uttarakha Nd,NTPC) (N.A.) (N.A.,2006-11,2978.48,,,6298.38,,,,75.0,ongoing_census,2024-09
N18000042,PIPALKOTI HYDRO 8/2008 PROJECT,POWER,Uttarakha Nd,THDCIL,2008-08,2491.58,3860.35,6303.0,4056.8,,,2026-06,68.4,ongoing_census,2024-09
N18000142,HYDRO ELECTRIC 7/2012 PROJECT 3X57 MW,POWER,Uttarakha Nd,NTPC,2012-07,1527.0,,1527.0,149.93,,,2017-08,0.0,ongoing_census,2024-09
N22000406,- KARNAPRAYAG NEW LINE 4/2011,RAILWAYS,Uttarakha Nd,RVNL) (N.A.) (N.A.,,16216.0,,,18267.0,,,,82.1,ongoing_census,2024-09
N24000559,OF KASHIPUR-SITARGANJ 11/2012 LANNING OF RAMPUR- 3/2016 SECTION OF NH-87 FROM 42.791 (DESIGN CHAINAGE 43.446) KM 88,ROAD TRANSPORT AND HIGHWAYS,Uttarakha Nd,N.A.) (N.A.,2012-11,605.84,1150.0,605.84,0.0,,2024-10,2016-08,0.0,ongoing_census,2024-09
N24000741,AND UPGRADATION OF 3/2018 ROAD TO 2 LANE WITH PAVED FROM KM 368.00 TO KM 399,ROAD TRANSPORT AND HIGHWAYS,Uttarakha Nd,Dec-22) (N.A.,,274.31,,274.31,251.61,,2022-12,2024-03,99.0,ongoing_census,2024-09
N24000742,LANE WITH PAVED SHOULDER FROM 3/2018 399.00 TO KM 430.00 OF TO CHAMOLI UNDER PARI,ROAD TRANSPORT AND HIGHWAYS,Uttarakha Nd,Dec-22) (N.A.,,403.36,,403.36,337.72,,2022-12,2024-03,95.91,ongoing_census,2024-09
N24000743,LANE WITH PAVED SHOULDER FROM 3/2018 430.00 TO KM 468.00 OF CHAMOLI TO UNDER CHARDHAM PARIYOJNA,ROAD TRANSPORT AND HIGHWAYS,Uttarakha Nd,NHIDCL,,417.24,,417.24,344.2,,2022-12,2024-03,98.72,ongoing_census,2024-09
N24000772,WITH GEOMETRIC 12/2017 OF EXISTING 2 LANE TO 2LANE PAVED S,ROAD TRANSPORT AND HIGHWAYS,Uttarakha Nd,N.A.) (N.A.,2017-12,257.34,,257.34,232.69,,,2019-12,100.0,ongoing_census,2024-09
N24000773,WITH GEOMETRIC 12/2017 OF EXISTING 2 LANE TO 2LANE PAVED S,ROAD TRANSPORT AND HIGHWAYS,Uttarakha Nd,MoRTH,2017-12,200.34,253.43,200.34,227.98,,,2019-12,100.0,ongoing_census,2024-09
N24000774,OF EXISTING SINGLE LANE 12/2017 TO TWO LANE WITH PAVED CONFIGURATION FROM 235.00,ROAD TRANSPORT AND HIGHWAYS,Uttarakha Nd,N.A.) (N.A.,,248.22,,248.22,236.8,,,2019-12,100.0,ongoing_census,2024-09
N24000775,WITH GEOMETRIC 6/2017 OF EXISTING 2 LANE TO 2LANE PAVED S,ROAD TRANSPORT AND HIGHWAYS,Uttarakha Nd,MoRTH,2017-06,282.08,,282.08,234.97,,2023-03,2023-03,100.0,ongoing_census,2024-09
N24000776,WITH GEOMETIC 11/2017 OF EXISTING TWO LANE 2- LANE WITH PAVED SHOULDERS,ROAD TRANSPORT AND HIGHWAYS,Uttarakha Nd,N.A.) (N.A.,2017-11,232.81,,232.81,201.58,,,2019-11,100.0,ongoing_census,2024-09
N24000777,WITH GEOMETIC 11/2017 OF SINGLE LANE TO 2- WITH PAVED SHOULDER,ROAD TRANSPORT AND HIGHWAYS,Uttarakha Nd,N.A.) (N.A.,2017-11,283.51,,283.51,278.51,,,2019-11,100.0,ongoing_census,2024-09
N24000778,WITH GEOMETRIC 11/2017 OF EXISTING LANE TO 2LANE PAVED S,ROAD TRANSPORT AND HIGHWAYS,Uttarakha Nd,MoRTH,2017-11,266.52,,266.52,250.34,,,2019-11,100.0,ongoing_census,2024-09
N24000779,WITH GEOMETRIC 2/2018 OF EXISTING LANE TO 2 LANE EAR,ROAD TRANSPORT AND HIGHWAYS,Uttarakha Nd,Mar-23) (N.A.,2018-02,418.88,,418.88,339.71,,2023-03,2023-03,94.0,ongoing_census,2024-09
N24000780,AND UP GRADATION 2/2018 2 LANE/ 2 LANE WITH PAVED FROM EXISTING KM. 172.900 K,ROAD TRANSPORT AND HIGHWAYS,Uttarakha Nd,MoRTH,2018-02,293.68,,293.68,244.25,2018-02,2023-04,2023-04,100.0,ongoing_census,2024-09
N24000781,OF KUND BYPASS 5/2018 EXISTING KM 33+130 TO KM (EXISTING LENGTH: 8.130 KM);,ROAD TRANSPORT AND HIGHWAYS,Uttarakha Nd,Dec-23) (N.A.,2018-05,248.0,,248.0,120.5,,2023-12,2023-12,65.56,ongoing_census,2024-09
N24000782,AND UPGRADATION OF 3/2018 LANE WITH PAVED SHOULDER FROM KM. 195.175 TO KM. 220.00,ROAD TRANSPORT AND HIGHWAYS,Uttarakha Nd,MoRTH,,460.73,,461.0,0.0,2018-03,,,0.0,ongoing_census,2024-09
N24000855,OF 4.5 KM LONG 3/2018 TUNNEL BETWEEN KM 25.40 50.25 KM (TUNNEL WORK),ROAD TRANSPORT AND HIGHWAYS,Uttarakha Nd,Jul-22) (N.A.,2018-03,1383.78,,1383.78,591.11,,2022-07,2026-01,61.46,ongoing_census,2024-09
N24001130,WITH GEOMETRIC 8/2016 OF EXISTING LANE TO 2 LANE WITH SHOULDER,ROAD TRANSPORT AND HIGHWAYS,Uttarakha Nd,N.A.) (273.49,2016-08,234.88,273.49,234.88,237.19,,,2017-12,100.0,ongoing_census,2024-09
N24001525,ACCESS-CONTROLLED HIGHWAY OF 3/2021 KALI TUNNEL - DEHRADUN OF DEHRADUN SECTION KM.,ROAD TRANSPORT AND HIGHWAYS,Uttarakha Nd,NHAI,,169.08,,169.08,94.67,,2024-11,2024-11,98.87,ongoing_census,2024-09
N24001526,AND 4L OF HARIDWAR 8/2021 FROM KM 0.000 (KM 188.100 OF TO KM. 15.100 (KM 5.100 OF,ROAD TRANSPORT AND HIGHWAYS,Uttarakha Nd,NHAI,2021-08,1377.79,1384.11,1377.79,679.1,,2024-10,2024-10,46.81,ongoing_census,2024-09
N24001553,MEDINIPUR TO BALLUPUR FROM KM. 3/2022 TO KM. 487.65 OF NH-07(PKG-2),ROAD TRANSPORT AND HIGHWAYS,Uttarakha Nd,NHAI,,1092.9,1092.9,1092.9,461.92,,2025-02,2025-02,54.76,ongoing_census,2024-09
N24001990,POANTA SAHEB MEDNIPUR FROM KM. 6/2022 TO KM. 458.65 OF NH-07(PKG-1),ROAD TRANSPORT AND HIGHWAYS,Uttarakha Nd,NHAI,,524.54,683.26,683.26,74.94,,2025-05,2025-05,45.07,ongoing_census,2024-09
N24001991,ACCESS ROAD/BRIDGE CONNECTIVITY 5/2022 NH-09 AT KM.40 NEAR JAGBUDA (INDIA) TO BOUNDARY PILLAR,ROAD TRANSPORT AND HIGHWAYS,Uttarakha Nd,NHAI,2022-05,314.31,,314.31,139.73,,2025-05,2025-05,52.6,ongoing_census,2024-09
N24001995,OF DUDHADHARI ELEVATED 5/2021 (MUZAFFARNAGAR HARIDWAR FROM KM 356.450 TO KM OF,ROAD TRANSPORT AND HIGHWAYS,Uttarakha Nd,NHAI,2021-05,154.52,,154.52,150.26,,2024-12,2024-12,98.43,ongoing_census,2024-09
N24002163,FOR MITIGATION 12/2023 KM 368.00-UTTARAKHAND- KM 433.00 ON NH-07-PKG-1,ROAD TRANSPORT AND HIGHWAYS,Uttarakha Nd,N.A.) (N.A.,2023-12,216.88,,216.88,0.0,,,2025-12,5.0,ongoing_census,2024-09
N24002164,FOR MITIGATION 12/2023 KM 450.00-UTTARAKHAND- KM 468.00 ON NH-07-PKG-3,ROAD TRANSPORT AND HIGHWAYS,Uttarakha Nd,NHIDCL,2023-12,250.33,,250.33,0.0,,,2025-12,5.0,ongoing_census,2024-09
N30000004,AND DIVERSION WITH 3/2017 AT RISHIKESH,WATER RESOURCES,Uttarakha Nd,N.A.) (N.A.,,158.0,,158.0,105.88,,,2022-02,100.0,ongoing_census,2024-09
N04000080,OF ATC TOWER AND 1/2016 BLOCK AT NSCBI AIRPORT,CIVIL AVIATION,West Bengal,AAI,,458.0,,458.0,246.68,,2022-06,2023-12,100.0,ongoing_census,2024-09
N04000081,"CAPACITY ENHANCEMENT OF 1/2019 AIRPORT, KOLKATA",CIVIL AVIATION,West Bengal,AAI,,389.71,,395.0,393.6,,,2023-05,100.0,ongoing_census,2024-09
N04000109,"AIRPORT KOLKATA: RE- 4/2023 OF RIGID POSITIONS SECONDARY RUNWAY, 'K' AND 'A'",CIVIL AVIATION,West Bengal,N.A.) (N.A.,2023-04,328.3,,328.3,47.16,,,2025-10,23.0,ongoing_census,2024-09
N06000165,MASTER PLAN 8/2009 MINE (OC AND UG) 5/2018,COAL,West Bengal,ECL) (N.A.) (N.A.,2009-08,2661.73,,5146.48,760.22,,,2024-08,40.5,ongoing_census,2024-09
N06000170,KUMARDIH B OCP 8/2018,COAL,West Bengal,ECL,2018-08,502.68,,,58.91,,,,25.3,ongoing_census,2024-09
N06000191,UG INCLUDING SAPI 4/2020,COAL,West Bengal,ECL,,483.65,,483.65,32.53,,2026-03,2026-03,12.0,ongoing_census,2024-09
N06000195,MTPA BHOJUDIH NLW WASHERY 12/2015,COAL,West Bengal,BCCL,2015-12,341.22,341.22,,317.21,,,,94.0,ongoing_census,2024-09
N06000220,BAZARI EXPANSION OC 7/2021,COAL,West Bengal,,,5365.88,5366.0,,508.61,,,,17.0,ongoing_census,2024-09
N06000223,PR OF JHANJRA UG (5.00 4/2020,COAL,West Bengal,ECL,,1210.12,,1210.12,400.47,,,2029-03,35.0,ongoing_census,2024-09
N06000236,EXPANSION OC PHASE II 11/2020,COAL,West Bengal,ECL) (Mar-26) (N.A.,,888.99,,,90.32,,2026-03,,30.0,ongoing_census,2024-09
N06000244,EXPANSION OCP 8/2021,COAL,West Bengal,ECL) (Mar-26) (N.A.,2021-08,570.12,,,48.8,,2026-03,,16.0,ongoing_census,2024-09
N06000272,OC 12/2023,COAL,West Bengal,ECL) (N.A.) (N.A.,2023-12,929.1,,,43.11,,,,5.0,ongoing_census,2024-09
N06000276,OF TILABONI UG 1/2023,COAL,West Bengal,ECL) (N.A.) (N.A.,2023-01,749.07,,,1.14,,,,0.0,ongoing_census,2024-09
N06000277,OF PARASEA BELBAID 1/2023 UG,COAL,West Bengal,ECL,2023-01,389.1,,389.1,0.0,,,2029-03,14.0,ongoing_census,2024-09
N28000146,OF TWO NOS GIRLS 3/2020 AND ONE NO BOYS HOSTEL 500 CAPACITY EACH G PLUS 8,DEPARTMEN T OF HIGHER EDUCATION,West Bengal,CPWD EDUCATION,2020-03,193.83,,193.83,185.75,,,2024-05,99.0,ongoing_census,2024-09
N28000104,AT KOLKATA 10/2014 FOR MHA),HOME AFFAIRS,West Bengal,,2014-10,162.88,210.83,,187.06,,,,88.0,ongoing_census,2024-09
N10000015,"OF BASEMENTG 4/2019 STORIES BUILDING FOR THE OF THE ART, DG, GSI AT SECTOR- SA",MINES,West Bengal,N.A.) (N.A.,2019-04,255.37,,255.37,56.19,,,2026-08,25.5,ongoing_census,2024-09
N16000275,PIPELINE PROJECT 3/2017,PETROLEUM,West Bengal,GAIL,2017-03,1740.0,2433.15,,2022.3,,2025-03,,86.8,ongoing_census,2024-09
N16000392,GAS DISTRIBUTION IN WEST 3/2019,PETROLEUM,West Bengal,HPCL,2019-03,5830.2,,5830.2,739.95,,2029-03,2029-03,23.0,ongoing_census,2024-09
N16000478,PANAGARH PIPELINE PROJECT 11/2022,PETROLEUM,West Bengal,HPCL) (N.A.) (N.A.,2022-11,1010.0,,,279.02,,,,54.62,ongoing_census,2024-09
N16000491,"PROJECT AT EAST MEDNIPORE, 3/2022 MEDNIPORE AND JHARGRAM",PETROLEUM,West Bengal,N.A.) (N.A.,2022-03,609.0,,609.0,63.62,,,2031-06,1.1,ongoing_census,2024-09
N16000498,PROJECT IN WEST BENGAL 11TH 6/2022,PETROLEUM,West Bengal,HPCL,,2628.0,,2628.0,150.93,,,2030-06,17.2,ongoing_census,2024-09
N16000522,GAS DISTRIBUTION PROJECTS AT 12/2022 AND COOCH BEHAR,PETROLEUM,West Bengal,BPCL,,1017.0,,1017.0,73.43,,,2030-03,20.0,ongoing_census,2024-09
N18000178,HEPP (3X40 MW) 9/2014,POWER,West Bengal,NTPC) (N.A.) (N.A.,2014-09,1381.84,,,1042.24,,,,45.1,ongoing_census,2024-09
N18000277,PP-III (2X20 MW) - NSPCL 12/2016,POWER,West Bengal,NTPC) (Mar-24) (633.80,2016-12,529.68,633.8,,558.39,,2024-03,,89.0,ongoing_census,2024-09
220100272,"- BISHNUPUR NEW BG 4/2000 (NL), ER",RAILWAYS,West Bengal,ER,,1188.91,,2582.49,1087.01,,2025-03,2025-03,75.0,ongoing_census,2024-09
N22000108,WORK FOR CONSTRUCTION OF 4/2010 RAILWAY FROM NOAPARA- VIA BIMANBANDER (MTP),RAILWAYS,West Bengal,N.A.) (N.A.,,2397.72,,2397.72,197.2,,,2016-03,17.0,ongoing_census,2024-09
N22000109,WORK FOR CONSTRUCTION OF 4/2010 RAILWAY FROM BARANAGAR TO AND DAKSHINESHWAR,RAILWAYS,West Bengal,N.A.) (N.A.,,2298.42,,2733.86,392.84,,,2025-12,33.0,ongoing_census,2024-09
N22000110,WORK FOR CONSTRUCTION OF 4/2010 RAILWAY FROM NSCB AIRPORT NEW GARIA VIA RAJARHAT (MTP),RAILWAYS,West Bengal,RVNL,,3951.98,,8964.35,6817.2,,,2026-03,73.0,ongoing_census,2024-09
N22000111,WORK FOR CONSTRUCTION OF 4/2010 RAILWAY FROM JOKA TO BINOY DINESH BAGH.,RAILWAYS,West Bengal,N.A.) (N.A.,,2913.51,,4834.54,3869.56,,,2026-12,95.41,ongoing_census,2024-09
N22000135,WEST METRO CORRIDOR FROM 3/2013 MAIDAN TO SALT LAKE,RAILWAYS,West Bengal,MRTP,,4874.58,8574.98,10442.41,8008.94,,2023-12,2023-12,96.2,ongoing_census,2024-09
N22000510,TO KOTSHILA DOUBLING (39.1 4/2018,RAILWAYS,West Bengal,SER,,338.0,,393.83,184.84,,,2024-12,60.0,ongoing_census,2024-09
N22000609,(JIYAGANJ) 10/2001 RLY. BRIDGE OVER RIVER,RAILWAYS,West Bengal,N.A.) (N.A.,2001-10,164.33,,187.05,157.27,,,2024-02,100.0,ongoing_census,2024-09
N22000624,- RANAGHAT 3RD LINE (MM OF 7/2015 - KRISHNANAGAR),RAILWAYS,West Bengal,ER,,283.54,,283.54,159.3,,2026-03,2026-03,44.0,ongoing_census,2024-09
N22000628,WEST METRO CORRIDOR 2/2009,RAILWAYS,West Bengal,KOMRCL,2009-02,4874.58,8575.0,10442.41,0.0,,,2024-06,0.0,ongoing_census,2024-09
N24000463,LANING OF NH-31D FROM 12/2015 - SALSALABARI ( KM 0.00 KM . 83.785),ROAD TRANSPORT AND HIGHWAYS,West Bengal,,2015-12,1083.0,1414.01,1414.01,1080.05,,2024-05,2023-08,100.0,ongoing_census,2024-09
N24000515,OF BARWA ADDA- 4/2014,ROAD TRANSPORT AND HIGHWAYS,West Bengal,N.A.) (N.A.,2014-04,1665.0,,4913.22,4913.22,,,2024-11,93.1,ongoing_census,2024-09
N24000788,AND UP GRADATION 3/2018 EXISTING ROAD TO 2-LANE WITH SHOULDER CONFIGURATION IN,ROAD TRANSPORT AND HIGHWAYS,West Bengal,NHAI,2018-03,841.57,708.3,708.3,6433.4,,2022-12,2025-03,92.44,ongoing_census,2024-09
N24000874,OF NEW ROAD AT THE 3/2016 LINK PORTION OF NH-81 THE APPROVED ALIGNMENT H,ROAD TRANSPORT AND HIGHWAYS,West Bengal,MoRTH,,271.17,291.2,291.2,180.63,,2023-12,2024-10,76.86,ongoing_census,2024-09
N24000880,OF NH-81 WITH A 2/2018 OF 2-LANE WITH PAVED CONFIGURATION STARTING KM 19.,ROAD TRANSPORT AND HIGHWAYS,West Bengal,MoRTH,,426.18,426.18,426.18,364.92,,2024-01,2024-10,90.08,ongoing_census,2024-09
N24000885,OF ROB AND ITS 3/2016 IN LIEU OF UNMANNED CROSSING AT KM 303.9 ON NH-60,ROAD TRANSPORT AND HIGHWAYS,West Bengal,MoRTH,2016-03,160.27,213.97,213.97,144.31,,2024-03,2024-07,100.0,ongoing_census,2024-09
N24000887,OF TWINS 2-LANE ROB 6/2016 ITS APPROACHES IN OF EXISTING LEVEL GATE N,ROAD TRANSPORT AND HIGHWAYS,West Bengal,MoRTH,,236.78,263.26,263.26,222.11,,2024-02,2024-10,99.68,ongoing_census,2024-09
N24001747,LANE OF PALSIT TO DANKUNI 3/2020 FROM 588.870 TO KM. 652.700,ROAD TRANSPORT AND HIGHWAYS,West Bengal,NHAI,2020-03,2193.23,2314.0,2314.0,1905.34,,,2024-09,74.19,ongoing_census,2024-09
N24001748,LANING OF NATIONAL CORRIDOR 3/2021 FROM PANAGARH TO PALSIT IN STATE OF WEST BENGAL UNDER,ROAD TRANSPORT AND HIGHWAYS,West Bengal,NHAI,2021-03,2200.93,,2431.6,2431.6,,,2025-06,89.47,ongoing_census,2024-09
N24001749,LANING OF PURULIYA BYPASS 8/2021 OF NH 32 IN THE STATE OF BENGAL ON EPC MODE,ROAD TRANSPORT AND HIGHWAYS,West Bengal,N.A.) (N.A.,2021-08,557.55,,557.55,468.42,,,2024-11,90.74,ongoing_census,2024-09
N24001750,OF NEW 4 LANE 8/2018 OVER RIVER GANGA AT OF FARAKKA BARRAGE APPROA,ROAD TRANSPORT AND HIGHWAYS,West Bengal,NHAI,2018-08,622.04,,622.04,485.74,,,2025-02,79.37,ongoing_census,2024-09
N24001752,LANING OF BAL. WORKS OF 12/2018 FROM KM.48.553 KM.115.272,ROAD TRANSPORT AND HIGHWAYS,West Bengal,NHAI,,2375.87,2843.79,2843.79,2371.78,,2023-08,2024-10,100.0,ongoing_census,2024-09
N24001850,TO 4/6-LANNING OF NH- 3/2022 (NEW NH-10) WITH BOTH SIDE ROADS FROM KM 569.258 TO 5,ROAD TRANSPORT AND HIGHWAYS,West Bengal,MoRTH,,995.04,995.04,995.04,241.6,,2025-09,2025-09,33.12,ongoing_census,2024-09
N12000132,OF COKE OVEN BATTERY 11/2023 OF DURGAPUR STEEL PLANT,STEEL,West Bengal,SAIL,2023-11,916.78,,916.78,44.31,,,2026-12,3.0,ongoing_census,2024-09
N30000029,PROJECT REPORT FOR I AND 1/2019 SEWERAGE SYSTEM AND STP FOR AND KULTI TOWNS,WATER RESOURCES,West Bengal,KMDA,,384.96,,384.96,0.0,,2019-02,2024-12,0.0,ongoing_census,2024-09
N30000030,AND DIVERSION WORKS 3/2019 STP FOR DRAINS FALLING IN DAMODAR AT DURGAPURL,WATER RESOURCES,West Bengal,KMDA,,287.53,,287.53,0.0,,,2024-12,0.0,ongoing_census,2024-09
N30000031,AND D AND STP WORKS AT BURDWAN 12/2018 BENGAL,WATER RESOURCES,West Bengal,KMDA,2018-12,234.31,,234.31,0.0,,,2024-12,0.0,ongoing_census,2024-09
N30000032,AND DIVERSION WITH 5/2018 AT MAHESHTALA,WATER RESOURCES,West Bengal,N.A.) (224.69,,198.43,224.69,224.69,75.82,,,2025-03,78.0,ongoing_census,2024-09
N30000033,OF STPS WITH 3/2018 AND O AND M OF ASSETS,WATER RESOURCES,West Bengal,KMDA,2018-03,165.16,,165.16,0.0,,,2024-03,0.0,ongoing_census,2024-09
N30000034,DIVERSION TREATMENT 8/2017 AT TOLLYS NULLAH ADI GANGA,WATER RESOURCES,West Bengal,KMDA,2017-08,307.12,,653.67,0.0,,2023-01,2026-12,0.0,ongoing_census,2024-09
N30000042,AND DIVERSION WITH 5/2018 AT HUGHLY-CHINSURAH,WATER RESOURCES,West Bengal,KMDA,,160.0,154.73,154.73,84.27,,2020-09,2024-10,88.0,ongoing_census,2024-09
N30000045,DIVERSION AND 8/2017 WORKS AT HOWRAH,WATER RESOURCES,West Bengal,KMDA,2017-08,185.22,,185.22,49.99,,2021-02,2024-02,100.0,ongoing_census,2024-09
N30000046,SEWERAGE SYSTEM AND STP WORKS 2/2014 HALISHAHR,WATER RESOURCES,West Bengal,KMDA,,274.76,,332.56,276.93,,,2022-06,100.0,ongoing_census,2024-09
N30000047,SYSTEM WITH SEWER 12/2014 AT BARRACKPORE,WATER RESOURCES,West Bengal,N.A.) (341.68,2014-12,272.32,341.68,272.32,306.81,,,2022-06,100.0,ongoing_census,2024-09
N30000048,DIVERSION AND 1/2018 WORKS AT BARANAGAR KAMARAHATI,WATER RESOURCES,West Bengal,KMDA,2018-01,172.1,,172.1,47.2,,2021-02,2024-02,100.0,ongoing_census,2024-09
N30000049,AND DIVERSION WITH 10/2017 AT BALLY,WATER RESOURCES,West Bengal,KMDA,,164.93,,164.93,45.45,,2021-02,2024-02,100.0,ongoing_census,2024-09
